Code,WO,Maintenance Plant,WTG/Solar,Priority,Description,Long description,Detected,Approved,Deadline,To execute,Created on,User,Column1,Column2,Column3,Column4,Column5,Column6,Column7,Column8,Column9,Column10,Column11,Column12,Column13,Column14,Column15,Column16,Column17,Column18
3003102725,,WF KILGALLIOCH,D-32,3,Bottom plat limit switch roller miss,,APR,,,13/12/2023,02/10/2025,,13/03/2024,,SGRE 1,,,MCP,,,0,GEPE,,,,,KID4A032,13/12/2023,IBR,U333700
3003102737,,WF KILGALLIOCH,E-38,3,Platform 1 limit switch roller,,APR,,,13/12/2023,02/10/2025,,13/03/2024,,SGRE 1,,,MCP,,,0,GEPE,,,,,KID5A038,13/12/2023,IBR,U333700
7000089281,,WF KILGALLIOCH,A-8,4,Roof hatch latch,,APR,,,31/01/2024,02/10/2025,,31/07/2024,Roof hatch held on with one latch.,SGRE 1,External,Nacelle,MCP,,,1,GEPE,,,,,KID1A008,06/02/2024,IBR,U342227
7000283251,,WF KILGALLIOCH,B-18,3,SLIGHT LEAK FROM PITCH RAM B,,APR,,,27/05/2024,02/10/2025,,26/08/2024,,SGRE 1,,,MCP,,,0,GEPE,,,,,KID2A018,27/05/2024,IBR,U333700
7000790569,,WF KILGALLIOCH,E-39,3,P*ROTATING UNION LEAK,,APR,,,30/04/2025,02/10/2025,,30/07/2025,,SGRE 1,,Hydraulic system,MCP,,,8,GEPE,,,,,KID5A039,01/05/2025,IBR,U342227
7000793359,,WF KILGALLIOCH,D-27,3,Pitch Accumulator Blade A,Pitch Accumulator Blade A,APR,,,22/05/2025,02/10/2025,,21/08/2025,"SGRE have placed order for replacements, no ETA at present 11/05",SGRE 1,,,MCP,,,0,GEPE,,,,,KID4A027,22/05/2025,IBR,U333700
7000794666,,WF KILGALLIOCH,F-53,4,P*LIFT SAFETY WIRE MONITOR/REPLACEMENT,SLIGHT WEAR ON LIFT SAFETY WIRE. STILL WITHIN LIMITS BUT WIL REQUIRE MONITORING AND FUTURE REPAIR,APR,,,29/05/2025,02/10/2025,,29/11/2025,,SGRE 1,,Personnel lift,MCP,,,0,GEPE,,,,,KID6A053,29/05/2025,IBR,Z486997
7000795565,,WF KILGALLIOCH,I-81,3,P*LIFT DRIVE WIRE REPLACEMENT,DRIVE WIRE FOR LIFT HAS FAILED ITS STAT INSPECTION AND REQUIIRES REPLACMENT,APR,,,04/06/2025,02/10/2025,,03/09/2025,,SGRE 1,,Lifting systems,MCP,,,0,GEPE,,,,,KID9A081,04/06/2025,IBR,Z486997
7000814030,7000535647,WF KILGALLIOCH,A-1,3,P*HUB PRESSURE FILTER SWITCH DAMAGED,,APR,,,22/10/2024,22/10/2024,,21/01/2025,,SGRE 1,,,MCP,,,0,FICH,,,,,KID1A001,30/09/2025,,E925230
7000814035,3003056671,WF KILGALLIOCH,A-1,3,P*LEAK ON HYD UNIT CHARGE VALVE SEAL,,APR,,,06/04/2021,06/04/2021,,06/07/2021,,SGRE 1,,,MCP,,,0,FICH,,,,,KID1A001,30/09/2025,,E925230
7000814036,3003056672,WF KILGALLIOCH,A-1,3,P*HYD HOSEBRACKET BROKEN,,APR,,,02/09/2022,02/09/2022,,02/12/2022,,SGRE 1,,,MCP,,,0,FICH,,,,,KID1A001,30/09/2025,,E925230
7000814045,7000535681,WF KILGALLIOCH,A-2,4,P* LIFT PLATFORM BRACKET CRACKED,,APR,,,22/10/2024,22/10/2024,,22/04/2025,,SGRE 1,,,MCP,,,0,FICH,,,,,KID1A002,30/09/2025,,E925230
7000814046,7000535672,WF KILGALLIOCH,A-2,4,P*PLATFORM 1&2 INDICATOR SWITCH ISSUES,,APR,,,22/10/2024,22/10/2024,,22/04/2025,,SGRE 1,,,MCP,,,0,FICH,,,,,KID1A002,30/09/2025,,E925230
7000814048,7000535680,WF KILGALLIOCH,A-2,3,P*TRX WINDINGS INSULATION FLAKING,,APR,,,22/10/2024,22/10/2024,,21/01/2025,,SGRE 1,,,MCP,,,0,FICH,,,,,KID1A002,30/09/2025,,E925230
7000814050,3003056714,WF KILGALLIOCH,A-2,3,P*TX LOUVRES WONT CLOSE,,APR,,,19/11/2021,19/11/2021,,18/02/2022,,SGRE 1,,,MCP,,,0,FICH,,,,,KID1A002,30/09/2025,,E925230
7000814052,,WF KILGALLIOCH,A-3,3,P*LIFT CABIN LIGHT INOP,,APR,,,18/06/2025,18/06/2025,,17/09/2025,,SGRE 1,,Personnel lift,MCP,,,0,FICH,,,,,KID1A003,30/09/2025,,E925230
7000814053,,WF KILGALLIOCH,A-3,3,P*HOIST LIMIT SWITCH MISSING BOLTS,,APR,,,18/06/2025,18/06/2025,,17/09/2025,,SGRE 1,,Hoist,MCP,,,0,FICH,,,,,KID1A003,30/09/2025,,E925230
7000814055,7000535798,WF KILGALLIOCH,A-3,3,P*SECURING BRACKET EE007 DAMAGE,,APR,,,08/10/2024,24/10/2024,,07/01/2025,,SGRE 1,,,MCP,,,0,FICH,,,,,KID1A003,30/09/2025,,E925230
7000814059,3003056721,WF KILGALLIOCH,A-3,5,P*YAW TRAY BOLTS BROKEN,,APR,,,11/12/2020,11/12/2020,,11/12/2021,,SGRE 1,,,MCP,,,0,FICH,,,,,KID1A003,30/09/2025,,E925230
7000814064,7000172951,WF KILGALLIOCH,A-3,3,LV Cable protection in TX room,,APR,,,18/03/2024,18/03/2024,,17/06/2024,,SGRE 1,,,MCP,,,0,FICH,,,,,KID1A003,30/09/2025,,E925230
7000814077,3003056745,WF KILGALLIOCH,A-6,4,P*CRACK ON YAW PLATFORM AT HATCH,,APR,,,09/11/2021,09/11/2021,,09/05/2022,,SGRE 1,,,MCP,,,0,FICH,,,,,KID1A006,30/09/2025,,E925230
7000814078,3003056742,WF KILGALLIOCH,A-6,3,P*BLADE A ACCUMULATOR,,APR,,,06/05/2021,06/05/2021,,05/08/2021,"SGRE have placed order for replacements, no ETA at present 11/05",SGRE 1,,,MCP,,,0,FICH,,,,,KID1A006,30/09/2025,,E925230
7000814079,3003056749,WF KILGALLIOCH,A-6,3,P*TX LOUVERS PARTIALLY OPEN,,APR,,,28/08/2023,28/08/2023,,27/11/2023,,SGRE 1,,,MCP,,,0,FICH,,,,,KID1A006,30/09/2025,,E925230
7000814085,,WF KILGALLIOCH,A-8,3,PITCH RAM LEAKING,,APR,,,26/06/2025,26/06/2025,,25/09/2025,,SGRE 1,,,MCP,,,0,FICH,,,,,KID1A008,30/09/2025,,E925230
7000814086,3003056760,WF KILGALLIOCH,A-8,5,4 x Yaw tray bolts sheared,,APR,,,08/05/2020,08/05/2020,,08/05/2021,,SGRE 1,,,MCP,,,0,FICH,,,,,KID1A008,30/09/2025,,E925230
7000814088,,WF KILGALLIOCH,A-8,3,Pitch Ram Required,,APR,,,27/11/2024,27/11/2024,,26/02/2025,Duplicate entry,SGRE 1,,,MCP,,,0,FICH,,,,,KID1A008,30/09/2025,,E925230
7000814089,3003056764,WF KILGALLIOCH,A-9,4,Hub door locking mech to be replaced,,APR,,,02/03/2021,02/03/2021,,02/09/2021,,SGRE 1,,,MCP,,,0,FICH,,,,,KID1A009,30/09/2025,,E925230
7000814093,3003056770,WF KILGALLIOCH,A-9,4,P*YAW PLATFORM CRACKED,,APR,,,21/12/2021,21/12/2021,,21/06/2022,,SGRE 1,,,MCP,,,0,FICH,,,,,KID1A009,30/09/2025,,E925230
7000814094,,WF KILGALLIOCH,A-9,3,Pitch Ram Required x2,,APR,,,27/11/2024,27/11/2024,,26/02/2025,,SGRE 1,,,MCP,,,0,FICH,,,,,KID1A009,30/09/2025,,E925230
7000814099,3003056788,WF KILGALLIOCH,B-12,3,P*GBX PUMP/INTERCOOLER UNION LEAK,,APR,,,09/11/2022,09/11/2022,,08/02/2023,,SGRE 1,,,MCP,,,0,FICH,,,,,KID2A012,30/09/2025,,E925230
7000814100,7000283240,WF KILGALLIOCH,B-12,3,BLADE DUST SEAL LEAKING,,APR,,,27/05/2024,27/05/2024,,26/08/2024,,SGRE 1,,,MCP,,,0,FICH,,,,,KID2A012,30/09/2025,,E925230
7000814101,,WF KILGALLIOCH,B-12,3,Pitch Ram Required,,APR,,,27/11/2024,27/11/2024,,26/02/2025,,SGRE 1,,,MCP,,,0,FICH,,,,,KID2A012,30/09/2025,,E925230
7000814109,3003056691,WF KILGALLIOCH,B-14,3,P*TX LOUVRES NOT CLOSING,,APR,,,11/01/2022,11/01/2022,,12/04/2022,,SGRE 1,,,MCP,,,0,FICH,,,,,KID2A014,30/09/2025,,E925230
7000814110,3003056803,WF KILGALLIOCH,B-14,5,P*YAW TRAY BOLTS BROKEN,,APR,,,11/12/2020,11/12/2020,,11/12/2021,,SGRE 1,,,MCP,,,0,FICH,,,,,KID2A014,30/09/2025,,E925230
7000814111,3003056804,WF KILGALLIOCH,B-14,3,P* EMERGENCY ACCUMULATOR REQUIRED,,APR,,,27/08/2025,27/08/2025,,26/11/2025,"SGRE have placed order for replacements, no ETA at present 11/05",SGRE 1,,,MCP,,,0,FICH,,,,,KID2A014,30/09/2025,,E925230
7000814115,3003056819,WF KILGALLIOCH,B-15,3,P*TX LOUVRES NOT CLOSING PROPERLY,,APR,,,14/01/2022,14/01/2022,,15/04/2022,,SGRE 1,,,MCP,,,0,FICH,,,,,KID2A015,30/09/2025,,E925230
7000814116,3003056820,WF KILGALLIOCH,B-15,3,P* WIND VANE MISSING,,APR,,,08/09/2025,08/09/2025,,08/12/2025,,SGRE 1,,,MCP,,,0,FICH,,,,,KID2A015,30/09/2025,,E925230
7000814117,,WF KILGALLIOCH,B-15,3,FG005 Reset button on cabinet needs repl,FG005 Reset button on cabinet needs repl,APR,,,27/11/2024,27/11/2024,,26/02/2025,,SGRE 1,,,MCP,,,0,FICH,,,,,KID2A015,30/09/2025,,E925230
7000814118,3003056824,WF KILGALLIOCH,B-16,2,P*ACUMULATOR PRESSURE POS 87.1 BLADE A,,APR,,,02/06/2021,02/06/2021,,17/06/2021,"SGRE have placed order for replacements, no ETA at present 11/05",SGRE 1,,,MCP,,,0,FICH,,,,,KID2A016,30/09/2025,,E925230
7000814119,3003056825,WF KILGALLIOCH,B-16,2,P*ACUMULATOR PRESSURE POS 87.2 BLADE A,,APR,,,02/06/2021,02/06/2021,,17/06/2021,"SGRE have placed order for replacements, no ETA at present 11/05",SGRE 1,,,MCP,,,0,FICH,,,,,KID2A016,30/09/2025,,E925230
7000814120,3003056826,WF KILGALLIOCH,B-16,2,P*ACUMULATOR PRESSURE POS 87.2 BLADE B,,APR,,,02/06/2021,02/06/2021,,17/06/2021,"SGRE have placed order for replacements, no ETA at present 11/05",SGRE 1,,,MCP,,,0,FICH,,,,,KID2A016,30/09/2025,,E925230
7000814121,3003056827,WF KILGALLIOCH,B-16,5,P* 2 X YAW TRAY BOLTS,,APR,,,19/11/2021,19/11/2021,,19/11/2022,,SGRE 1,,,MCP,,,0,FICH,,,,,KID2A016,30/09/2025,,E925230
7000814122,3003056830,WF KILGALLIOCH,B-16,3,P*TX LOUVRES NOT CLOSING PROPERLY,,APR,,,13/01/2022,13/01/2022,,14/04/2022,,SGRE 1,,,MCP,,,0,FICH,,,,,KID2A016,30/09/2025,,E925230
7000814124,,WF KILGALLIOCH,B-17,3,P*MAINSHAFT BEARING SEAL DAMAGED,,APR,,,18/06/2025,18/06/2025,,17/09/2025,,SGRE 1,,Main shaft assembly,MCP,,,0,FICH,,,,,KID2A017,30/09/2025,,E925230
7000814125,,WF KILGALLIOCH,B-17,3,P*PITCH RAM B LEAKING,,APR,,,18/06/2025,18/06/2025,,17/09/2025,,SGRE 1,,Blade pitch system,MCP,,,0,FICH,,,,,KID2A017,30/09/2025,,E925230
7000814126,3003056833,WF KILGALLIOCH,B-17,3,P* HUB LIGHT SWITCH BROKEN,,APR,,,02/03/2021,02/03/2021,,01/06/2021,,SGRE 1,,,MCP,,,0,FICH,,,,,KID2A017,30/09/2025,,E925230
7000814127,3003056834,WF KILGALLIOCH,B-17,3,P* FG005 DOOR BUTTON MISSING,,APR,,,24/08/2020,24/08/2020,,23/11/2020,,SGRE 1,,,MCP,,,0,FICH,,,,,KID2A017,30/09/2025,,E925230
7000814128,3003056835,WF KILGALLIOCH,B-17,3,P* BLADE A ACC NOT HOLDING PRESSURE,,APR,,,06/05/2021,06/05/2021,,05/08/2021,"SGRE have placed order for replacements, no ETA at present 11/05",SGRE 1,,,MCP,,,0,FICH,,,,,KID2A017,30/09/2025,,E925230
7000814129,3003056836,WF KILGALLIOCH,B-17,5,P* 9x YAW GREASETRAY BOLTS SHEARED,,APR,,,06/05/2021,06/05/2021,,06/05/2022,,SGRE 1,,,MCP,,,0,FICH,,,,,KID2A017,30/09/2025,,E925230
7000814130,3003056837,WF KILGALLIOCH,B-17,3,P* G/BOX PIPE LEAKING,,APR,,,24/08/2020,24/08/2020,,23/11/2020,,SGRE 1,,,MCP,,,0,FICH,,,,,KID2A017,30/09/2025,,E925230
7000814131,3003056839,WF KILGALLIOCH,B-17,3,P*TX FAN SIDE PANELS DAMAGED,,APR,,,11/01/2022,11/01/2022,,12/04/2022,,SGRE 1,,,MCP,,,0,FICH,,,,,KID2A017,30/09/2025,,E925230
7000814132,3003056840,WF KILGALLIOCH,B-17,3,P*COOLANT LEAK,,APR,,,11/01/2022,11/01/2022,,12/04/2022,,SGRE 1,,,MCP,,,0,FICH,,,,,KID2A017,30/09/2025,,E925230
7000814133,,WF KILGALLIOCH,B-18,3,P*CHAIN BUCKET SECONDARY SLING,,APR,,,19/06/2025,19/06/2025,,18/09/2025,,SGRE 1,,Hoist,MCP,,,0,FICH,,,,,KID2A018,30/09/2025,,E925230
7000814134,3003056845,WF KILGALLIOCH,B-18,3,Light on 3rd platform not working,,APR,,,22/04/2020,22/04/2020,,22/07/2020,,SGRE 1,,,MCP,,,0,FICH,,,,,KID2A018,30/09/2025,,E925230
7000814135,3003056848,WF KILGALLIOCH,B-18,4,P*CRACK ON YAW PLATFORM AT HATCH MOUNT,,APR,,,07/09/2021,07/09/2021,,07/03/2022,DMUK0694 to be applied May 2026- Yaw Platform Retro Fit,SGRE 1,Technical,Tower and foundation,MCP,,,0,FICH,,,,Waiting Engineering disposition,KID2A018,30/09/2025,,E925230
7000814136,3003056851,WF KILGALLIOCH,B-18,3,P*GERNERATOR COOLING MOTOR DAMAGED,,APR,,,15/08/2023,15/08/2023,,14/11/2023,,SGRE 1,,,MCP,,,0,FICH,,,,,KID2A018,30/09/2025,,E925230
7000814138,3003056847,WF KILGALLIOCH,B-18,3,P* ROTOR LOCK PIN DAMAGED,,APR,,,15/06/2021,15/06/2021,,14/09/2021,"Parts ordered, rotor lock still ok to be used with remaining 2 lock pins",SGRE 1,,,MCP,,,0,FICH,,,,,KID2A018,30/09/2025,,E925230
7000814140,3003056855,WF KILGALLIOCH,C-19,3,P* BLADE A ACC NOT HOLDING PRESSURE,,APR,,,13/05/2021,13/05/2021,,12/08/2021,"SGRE have placed order for replacements, no ETA at present 11/05",SGRE 1,,,MCP,,,0,FICH,,,,,KID3A019,30/09/2025,,E925230
7000814141,3003056856,WF KILGALLIOCH,C-19,5,P* YAW TRAY BOLTS x2 SNAPPED,,APR,,,13/05/2021,13/05/2021,,13/05/2022,,SGRE 1,,,MCP,,,0,FICH,,,,,KID3A019,30/09/2025,,E925230
7000814142,3003056858,WF KILGALLIOCH,C-19,3,P*TX LOUVRES NOT CLOSING PROPERLY,,APR,,,11/10/2022,11/10/2022,,10/01/2023,,SGRE 1,,,MCP,,,0,FICH,,,,,KID3A019,30/09/2025,,E925230
7000814146,3003056865,WF KILGALLIOCH,C-21,3,P*FIBER CRACKED NEEDING SEALED,,APR,,,11/12/2020,11/12/2020,,12/03/2021,,SGRE 1,,,MCP,,,0,FICH,,,,,KID3A021,30/09/2025,,E925230
7000814148,,WF KILGALLIOCH,C-21,3,Hub light Required,,APR,,,27/11/2024,27/11/2024,,26/02/2025,,SGRE 1,,,MCP,,,0,FICH,,,,,KID3A021,30/09/2025,,E925230
7000814150,3003056867,WF KILGALLIOCH,C-22,5,P*5 YAW TRAY BOLTS SNAPPED,,APR,,,06/05/2021,06/05/2021,,06/05/2022,,SGRE 1,,,MCP,,,0,FICH,,,,,KID3A022,30/09/2025,,E925230
7000814151,3003056869,WF KILGALLIOCH,C-22,3,P*TX LOUVRE NOT CLOSING LAST 20 DEGREE,,APR,,,14/01/2022,14/01/2022,,15/04/2022,,SGRE 1,,,MCP,,,0,FICH,,,,,KID3A022,30/09/2025,,E925230
7000814152,,WF KILGALLIOCH,C-23,3,Hub light Required,,APR,,,27/11/2024,27/11/2024,,26/02/2025,,SGRE 1,,,MCP,,,0,FICH,,,,,KID3A023,30/09/2025,,E925230
7000814153,3003056878,WF KILGALLIOCH,C-24,5,2 X YAW TRAY BOLTS SNAPPED,,APR,,,09/11/2020,09/11/2020,,09/11/2021,,SGRE 1,,,MCP,,,0,FICH,,,,,KID3A024,30/09/2025,,E925230
7000814156,3003056882,WF KILGALLIOCH,C-24,3,P*EXCHANGE KEY SHEARED IN TX ROOM DOOR,,APR,,,11/01/2022,11/01/2022,,12/04/2022,,SGRE 1,H&S,Nacelle,MCP,,,0,FICH,,,,Lack of material,KID3A024,30/09/2025,,E925230
7000814157,3003056883,WF KILGALLIOCH,C-24,3,P*TX ROOM COOLING FAN BOLTS LOOSE,,APR,,,11/01/2022,11/01/2022,,12/04/2022,,SGRE 1,,,MCP,,,0,FICH,,,,,KID3A024,30/09/2025,,E925230
7000814158,3003056884,WF KILGALLIOCH,C-24,3,P*CABINET FILTER HOUSING NEEDS REPLACED,,APR,,,11/01/2022,11/01/2022,,12/04/2022,,SGRE 1,,,MCP,,,0,FICH,,,,,KID3A024,30/09/2025,,E925230
7000814160,3003056886,WF KILGALLIOCH,C-25,5,2 X SHEARED YAW TRAY BOLTS,,APR,,,09/11/2020,09/11/2020,,09/11/2021,,SGRE 1,,,MCP,,,0,FICH,,,,,KID3A025,30/09/2025,,E925230
7000814162,3003056888,WF KILGALLIOCH,C-25,3,P*TX DOOR BRACKET CRACKED,,APR,,,19/11/2021,19/11/2021,,18/02/2022,,SGRE 1,H&S,Nacelle,MCP,,,0,FICH,,,,Lack of material,KID3A025,30/09/2025,,E925230
7000814165,3003056891,WF KILGALLIOCH,C-26,3,P*GBX PT100 REQUIRED,,APR,,,07/09/2021,07/09/2021,,07/12/2021,,SGRE 1,,,MCP,,,0,FICH,,,,,KID3A026,30/09/2025,,E925230
7000814166,,WF KILGALLIOCH,C-26,3,Accumulator burst Pos 87.2 Blade 'C',,APR,,,11/06/2025,11/06/2025,,10/09/2025,"SGRE have placed order for replacements, no ETA at present 11/05",SGRE 1,,,MCP,,,0,FICH,,,,,KID3A026,30/09/2025,,E925230
7000814173,3003056904,WF KILGALLIOCH,D-28,3,P*ROLLER HOUSING DROPPED NEEDS ADJUSTED,,APR,,,05/11/2020,05/11/2020,,04/02/2021,,SGRE 1,,,MCP,,,0,FICH,,,,,KID4A028,30/09/2025,,E925230
7000814174,3003056906,WF KILGALLIOCH,D-28,3,P*MAIN SHAFT RETAINER SEAL DETACHED,,APR,,,15/04/2021,15/04/2021,,15/07/2021,,SGRE 1,,,MCP,,,0,FICH,,,,,KID4A028,30/09/2025,,E925230
7000814176,,WF KILGALLIOCH,D-28,3,Anemometer cable to be replaced,,APR,,,27/11/2024,27/11/2024,,26/02/2025,,SGRE 1,,,MCP,,,0,FICH,,,,,KID4A028,30/09/2025,,E925230
7000814177,,WF KILGALLIOCH,D-29,3,P* LIFT EXTERNAL ESTOP RED CAP MISSING,,APR,,,17/06/2025,17/06/2025,,16/09/2025,,SGRE 1,,Personnel lift,MCP,,,0,FICH,,,,,KID4A029,30/09/2025,,E925230
7000814178,3003056698,WF KILGALLIOCH,D-29,3,P* TX WEATHER SEAL COMING AWAY,,APR,,,18/11/2020,18/11/2020,,17/02/2021,,SGRE 1,,,MCP,,,0,FICH,,,,,KID4A029,30/09/2025,,E925230
7000814181,,WF KILGALLIOCH,D-29,3,Pitch Ram Required x2,,APR,,,27/11/2024,27/11/2024,,26/02/2025,,SGRE 1,,,MCP,,,0,FICH,,,,,KID4A029,30/09/2025,,E925230
7000814187,3003056920,WF KILGALLIOCH,D-30,4,P*YAW PLATFORM CRACKED AT HATCH,,APR,,,09/12/2021,09/12/2021,,09/06/2022,,SGRE 1,,,MCP,,,0,FICH,,,,,KID4A030,30/09/2025,,E925230
7000814188,3003056921,WF KILGALLIOCH,D-30,3,P*LOUVRE JAMMED IN CLOSED POSITION,,APR,,,21/12/2021,21/12/2021,,22/03/2022,,SGRE 1,,,MCP,,,0,FICH,,,,,KID4A030,30/09/2025,,E925230
7000814189,3003056922,WF KILGALLIOCH,D-30,3,P*MAIN SHAFT REAR BEARING LEAKING,,APR,,,26/05/2023,26/05/2023,,25/08/2023,,SGRE 1,,,MCP,,,0,FICH,,,,,KID4A030,30/09/2025,,E925230
7000814191,3003056924,WF KILGALLIOCH,D-31,3,Yaw seal torn,,APR,,,21/04/2020,21/04/2020,,21/07/2020,,SGRE 1,,,MCP,,,0,FICH,,,,,KID4A031,30/09/2025,,E925230
7000814193,3003056932,WF KILGALLIOCH,D-31,3,P*SURFACE CRACKS ON NOSE CONE FIBRE,,APR,,,14/03/2022,14/03/2022,,13/06/2022,,SGRE 1,,,MCP,,,0,FICH,,,,,KID4A031,30/09/2025,,E925230
7000814194,3003056934,WF KILGALLIOCH,D-31,3,P*GBX MECHANICAL PUMP LEAKING,,APR,,,25/10/2022,25/10/2022,,24/01/2023,,SGRE 1,,,MCP,,,0,FICH,,,,,KID4A031,30/09/2025,,E925230
7000814195,3003056938,WF KILGALLIOCH,D-32,5,P* 3x YAW GREASE TRAY BOLTS SNAPPED,,APR,,,12/05/2021,12/05/2021,,12/05/2022,,SGRE 1,,,MCP,,,0,FICH,,,,,KID4A032,30/09/2025,,E925230
7000814197,3003056940,WF KILGALLIOCH,D-32,3,M8 BOLTS SHEARED ON NACELLE ACCESS,,APR,,,21/03/2022,21/03/2022,,20/06/2022,,SGRE 1,,,MCP,,,0,FICH,,,,,KID4A032,30/09/2025,,E925230
7000814198,3003056942,WF KILGALLIOCH,D-32,3,YAW GEAR SHOWING NO OIL,,APR,,,21/03/2022,21/03/2022,,20/06/2022,,SGRE 1,,,MCP,,,0,FICH,,,,,KID4A032,30/09/2025,,E925230
7000814199,3003056943,WF KILGALLIOCH,D-32,3,P*GENERATOR COOLING FAN COVER,,APR,,,21/03/2022,21/03/2022,,20/06/2022,,SGRE 1,,,MCP,,,0,FICH,,,,,KID4A032,30/09/2025,,E925230
7000814200,3003056945,WF KILGALLIOCH,D-32,3,P*GBX HOSES NEED REPLACED,,APR,,,21/03/2022,21/03/2022,,20/06/2022,,SGRE 1,,,MCP,,,0,FICH,,,,,KID4A032,30/09/2025,,E925230
7000814202,3003056950,WF KILGALLIOCH,D-33,5,P*4 x YAW TRAY BOLTS SHEARED,,APR,,,22/10/2020,22/10/2020,,22/10/2021,,SGRE 1,,,MCP,,,0,FICH,,,,,KID4A033,30/09/2025,,E925230
7000814203,3003056953,WF KILGALLIOCH,D-33,3,P* TROLLEY BEAM EYES ELONGATED,,APR,,,02/06/2021,02/06/2021,,01/09/2021,,SGRE 1,,,MCP,,,0,FICH,,,,,KID4A033,30/09/2025,,E925230
7000814204,3003056956,WF KILGALLIOCH,D-33,3,P*GASQUET REQ'D FOR MAGNETIC ROD,,APR,,,21/12/2021,21/12/2021,,22/03/2022,,SGRE 1,,,MCP,,,0,FICH,,,,,KID4A033,30/09/2025,,E925230
7000814206,,WF KILGALLIOCH,D-34,3,gearbox hoses leaking,,APR,,,11/06/2025,11/06/2025,,10/09/2025,,SGRE 1,,,MCP,,,0,FICH,,,,,KID4A034,30/09/2025,,E925230
7000814207,,WF KILGALLIOCH,D-34,3,Oil leak in the hub,,APR,,,11/06/2025,11/06/2025,,10/09/2025,,SGRE 1,,,MCP,,,0,FICH,,,,,KID4A034,30/09/2025,,E925230
7000814208,3003056963,WF KILGALLIOCH,D-34,3,Replace blade covers bolts x1 Blade C,,APR,,,02/03/2021,02/03/2021,,01/06/2021,,SGRE 1,,,MCP,,,0,FICH,,,,,KID4A034,30/09/2025,,E925230
7000814209,3003056964,WF KILGALLIOCH,D-34,3,Replace blade bolt cover bolts x2 Blade,,APR,,,02/03/2021,02/03/2021,,01/06/2021,,SGRE 1,,,MCP,,,0,FICH,,,,,KID4A034,30/09/2025,,E925230
7000814210,3003056965,WF KILGALLIOCH,D-34,3,P* HUB HATCH ACCESS DOOR BROKEN,,APR,,,10/09/2020,10/09/2020,,10/12/2020,,SGRE 1,,,MCP,,,0,FICH,,,,,KID4A034,30/09/2025,,E925230
7000814211,3003056966,WF KILGALLIOCH,D-34,3,NO POWER OR DISPLAY AT BEACON UPS,,APR,,,09/11/2020,09/11/2020,,08/02/2021,,SGRE 1,,,MCP,,,0,FICH,,,,,KID4A034,30/09/2025,,E925230
7000814212,3003056967,WF KILGALLIOCH,D-34,3,CONTROL CABINET DOOR LOCK MISSING,,APR,,,09/11/2020,09/11/2020,,08/02/2021,,SGRE 1,,,MCP,,,0,FICH,,,,,KID4A034,30/09/2025,,E925230
7000814213,3003056969,WF KILGALLIOCH,D-34,3,P*REAR BEARING RETAINER LEAKING GREASE,,APR,,,05/11/2020,05/11/2020,,04/02/2021,,SGRE 1,,,MCP,,,0,FICH,,,,,KID4A034,30/09/2025,,E925230
7000814214,3003056972,WF KILGALLIOCH,D-34,2,TX CORE RESIN CRACKED AND FLAKING,,APR,,,24/06/2025,24/06/2025,,09/07/2025,,SGRE 1,,,MCP,,,0,FICH,,,,,KID4A034,30/09/2025,,E925230
7000814215,3003056973,WF KILGALLIOCH,D-34,3,P*FORK & ROD FOR ROTATING UNION,,APR,,,14/01/2022,14/01/2022,,15/04/2022,,SGRE 1,,,MCP,,,0,FICH,,,,,KID4A034,30/09/2025,,E925230
7000814217,3003056976,WF KILGALLIOCH,D-35,4,3 BOLTS/3 NUTS REQD ON SLIPRING COVER,,APR,,,09/11/2020,09/11/2020,,09/05/2021,,SGRE 1,,,MCP,,,0,FICH,,,,,KID4A035,30/09/2025,,E925230
7000814218,3003056977,WF KILGALLIOCH,D-35,3,P*TX LOUVRE NOT CLOSING LAST 10 DEGREE,,APR,,,14/01/2022,14/01/2022,,15/04/2022,,SGRE 1,,,MCP,,,0,FICH,,,,,KID4A035,30/09/2025,,E925230
7000814221,3003056986,WF KILGALLIOCH,D-36,3,P*MAINSHAFT RETAINER SEAL LOOSE,,APR,,,06/05/2021,06/05/2021,,05/08/2021,,SGRE 1,,,MCP,,,0,FICH,,,,,KID4A036,30/09/2025,,E925230
7000814223,3003056990,WF KILGALLIOCH,D-36,3,P*TX LOUVRES NOT CLOSING PROPERLY,,APR,,,14/01/2022,14/01/2022,,15/04/2022,,SGRE 1,,,MCP,,,0,FICH,,,,,KID4A036,30/09/2025,,E925230
7000814224,3003056992,WF KILGALLIOCH,D-36,3,P*GBX PUMP/INTERCOOLER UNION LEAK,,APR,,,07/10/2022,07/10/2022,,06/01/2023,,SGRE 1,,,MCP,,,0,FICH,,,,,KID4A036,30/09/2025,,E925230
7000814225,,WF KILGALLIOCH,E-37,4,P*LIFT SAFETY LINE FLOOR GROMIT WORN,,APR,,,19/06/2025,19/06/2025,,19/12/2025,,SGRE 1,,Personnel lift,MCP,,,0,FICH,,,,,KID5A037,30/09/2025,,E925230
7000814226,,WF KILGALLIOCH,E-37,4,P*LIFT PLT ARM ROLLER WHEEL MISSING,,APR,,,19/06/2025,19/06/2025,,19/12/2025,,SGRE 1,,Personnel lift,MCP,,,0,FICH,,,,,KID5A037,30/09/2025,,E925230
7000814227,,WF KILGALLIOCH,E-37,3,P*HOIST CHAIN BOX SHACKLES WORN,,APR,,,19/06/2025,19/06/2025,,18/09/2025,,SGRE 1,,Hoist,MCP,,,0,FICH,,,,,KID5A037,30/09/2025,,E925230
7000814228,3003056994,WF KILGALLIOCH,E-37,4,GBX Filter drip tray cracked,,APR,,,04/04/2020,04/04/2020,,04/10/2020,,SGRE 1,,,MCP,,,0,FICH,,,,,KID5A037,30/09/2025,,E925230
7000814229,3003056996,WF KILGALLIOCH,E-37,3,Damage to Generator motor cover and hous,Damage to Generator motor cover and hous,APR,,,04/04/2020,04/04/2020,,04/07/2020,,SGRE 1,,,MCP,,,0,FICH,,,,,KID5A037,30/09/2025,,E925230
7000814230,3003056998,WF KILGALLIOCH,E-37,3,P*EARTH STRAP TO BE SECURED,,APR,,,06/04/2021,06/04/2021,,06/07/2021,,SGRE 1,,,MCP,,,0,FICH,,,,,KID5A037,30/09/2025,,E925230
7000814231,3003057000,WF KILGALLIOCH,E-37,3,P*1 X SHEARED BOLTS ON NACELLE SUPPORT,,APR,,,02/11/2021,02/11/2021,,01/02/2022,,SGRE 1,,,MCP,,,0,FICH,,,,,KID5A037,30/09/2025,,E925230
7000814232,3003057001,WF KILGALLIOCH,E-37,3,P*TX LOUVRES WONT CLOSE,,APR,,,09/11/2021,09/11/2021,,08/02/2022,,SGRE 1,,,MCP,,,0,FICH,,,,,KID5A037,30/09/2025,,E925230
7000814233,3003057003,WF KILGALLIOCH,E-37,3,P*G/BOX INTERCOOLER LEAKING AT FLANGES,,APR,,,11/05/2023,11/05/2023,,10/08/2023,,SGRE 1,,,MCP,,,0,FICH,,,,,KID5A037,30/09/2025,,E925230
7000814234,3003057004,WF KILGALLIOCH,E-37,3,p*HALFMOON NOISE,,APR,,,11/05/2023,11/05/2023,,10/08/2023,,SGRE 1,,,MCP,,,0,FICH,,,,,KID5A037,30/09/2025,,E925230
7000814235,3003057005,WF KILGALLIOCH,E-37,3,P*MAIN SHAFT FRONT BEARING SEAL,,APR,,,26/05/2023,26/05/2023,,25/08/2023,,SGRE 1,,,MCP,,,0,FICH,,,,,KID5A037,30/09/2025,,E925230
7000814236,3003057006,WF KILGALLIOCH,E-37,3,P*MAIN SHAFT REAR BEARING LEAKING,,APR,,,26/05/2023,26/05/2023,,25/08/2023,,SGRE 1,,,MCP,,,0,FICH,,,,,KID5A037,30/09/2025,,E925230
7000814237,,WF KILGALLIOCH,E-37,3,Yaw seal to be replaced,,APR,,,27/11/2024,27/11/2024,,26/02/2025,,SGRE 1,,,MCP,,,0,FICH,,,,,KID5A037,30/09/2025,,E925230
7000814238,,WF KILGALLIOCH,E-37,4,Top Cabinet Fan cover missing,,APR,,,27/11/2024,27/11/2024,,27/05/2025,,SGRE 1,,,MCP,,,0,FICH,,,,,KID5A037,30/09/2025,,E925230
7000814239,,WF KILGALLIOCH,E-38,3,P*NACELLE ANCHOR POINTS CORRODED,,APR,,,17/06/2025,17/06/2025,,16/09/2025,,SGRE 1,,Nacelle,MCP,,,0,FICH,,,,,KID5A038,30/09/2025,,E925230
7000814241,3003056809,WF KILGALLIOCH,E-38,3,P*YAW SEAL TORN,,APR,,,26/05/2023,26/05/2023,,25/08/2023,,SGRE 1,,,MCP,,,0,FICH,,,,,KID5A038,30/09/2025,,E925230
7000814242,3003056810,WF KILGALLIOCH,E-38,3,P*MAIN SHAFT REAR BEARING LEAKING,,APR,,,26/05/2023,26/05/2023,,25/08/2023,,SGRE 1,,,MCP,,,0,FICH,,,,,KID5A038,30/09/2025,,E925230
7000814243,3003056811,WF KILGALLIOCH,E-38,3,P*MAIN SHAFT FRONT BEARING LEAKING,,APR,,,26/05/2023,26/05/2023,,25/08/2023,,SGRE 1,,,MCP,,,0,FICH,,,,,KID5A038,30/09/2025,,E925230
7000814244,3003056812,WF KILGALLIOCH,E-38,3,P*G/BOX INTERCOOLER LEAKING AT FLANGES,,APR,,,26/05/2023,26/05/2023,,25/08/2023,,SGRE 1,,,MCP,,,0,FICH,,,,,KID5A038,30/09/2025,,E925230
7000814245,,WF KILGALLIOCH,E-38,3,Blade emergency accumulator to be replac,Blade emergency accumulator to be replac,APR,,,27/11/2024,27/11/2024,,26/02/2025,,SGRE 1,,,MCP,,,0,FICH,,,,,KID5A038,30/09/2025,,E925230
7000814246,,WF KILGALLIOCH,E-39,3,P*LIFT HOUR COUNTER NOT WORKING,,APR,,,17/06/2025,17/06/2025,,16/09/2025,,SGRE 1,,Personnel lift,MCP,,,0,FICH,,,,,KID5A039,30/09/2025,,E925230
7000814247,,WF KILGALLIOCH,E-39,3,P*NACELLE ANCHOR POINTS CORRODED,,APR,,,17/06/2025,17/06/2025,,16/09/2025,,SGRE 1,,Nacelle,MCP,,,0,FICH,,,,,KID5A039,30/09/2025,,E925230
7000814248,,WF KILGALLIOCH,E-39,3,P*HOIST PENDANT WIRE WORN,,APR,,,17/06/2025,17/06/2025,,16/09/2025,Pending task completed 28/11/2025,SGRE 1,,Hoist,MCP,,,0,FICH,,,,,KID5A039,30/09/2025,,E925230
7000814249,3003057014,WF KILGALLIOCH,E-39,3,P*TX LOUVRES WONT CLOSE,,APR,,,19/11/2021,19/11/2021,,18/02/2022,,SGRE 1,,,MCP,,,0,FICH,,,,,KID5A039,30/09/2025,,E925230
7000814250,,WF KILGALLIOCH,E-39,3,Pitch Ram Required,,APR,,,27/11/2024,27/11/2024,,26/02/2025,,SGRE 1,,,MCP,,,0,FICH,,,,,KID5A039,30/09/2025,,E925230
7000814251,3003057017,WF KILGALLIOCH,E-40,3,P* WIND VANE FAILURE,,APR,,,21/04/2021,21/04/2021,,21/07/2021,,SGRE 1,,,MCP,,,0,FICH,,,,,KID5A040,30/09/2025,,E925230
7000814252,3003057020,WF KILGALLIOCH,E-40,3,P* ACCELEROMETER DAMAGED,,APR,,,21/04/2021,21/04/2021,,21/07/2021,,SGRE 1,,,MCP,,,0,FICH,,,,,KID5A040,30/09/2025,,E925230
7000814253,3003057023,WF KILGALLIOCH,E-40,3,P*CRACKING ON COVER OF CONE SUPPORT,,APR,,,21/12/2021,21/12/2021,,22/03/2022,,SGRE 1,,,MCP,,,0,FICH,,,,,KID5A040,30/09/2025,,E925230
7000814254,,WF KILGALLIOCH,E-40,3,Yaw seal to be replaced,,APR,,,27/11/2024,27/11/2024,,26/02/2025,,SGRE 1,,,MCP,,,0,FICH,,,,,KID5A040,30/09/2025,,E925230
7000814255,,WF KILGALLIOCH,E-40,3,Hub light switch to be replaced,,APR,,,27/11/2024,27/11/2024,,26/02/2025,,SGRE 1,,,MCP,,,0,FICH,,,,,KID5A040,30/09/2025,,E925230
7000814256,,WF KILGALLIOCH,E-40,3,Pitch Ram Required,,APR,,,27/11/2024,27/11/2024,,26/02/2025,,SGRE 1,,,MCP,,,0,FICH,,,,,KID5A040,30/09/2025,,E925230
7000814260,3003057033,WF KILGALLIOCH,E-42,5,GREASE COLLECTORS OF THE YAW SYSTEM BOLT,GREASE COLLECTORS OF THE YAW SYSTEM BOLT,APR,,,02/03/2021,02/03/2021,,02/03/2022,,SGRE 1,,,MCP,,,0,FICH,,,,,KID5A042,30/09/2025,,E925230
7000814261,3003057034,WF KILGALLIOCH,E-42,4,Blade covers bolts snapped x 2,,APR,,,02/03/2021,02/03/2021,,02/09/2021,,SGRE 1,,,MCP,,,0,FICH,,,,,KID5A042,30/09/2025,,E925230
7000814262,3003057035,WF KILGALLIOCH,E-42,3,leuver above Tx room missing cover,,APR,,,11/04/2020,11/04/2020,,11/07/2020,,SGRE 1,,,MCP,,,0,FICH,,,,,KID5A042,30/09/2025,,E925230
7000814263,3003057036,WF KILGALLIOCH,E-42,4,Offline filter pump leaking slightly,,APR,,,11/04/2020,11/04/2020,,11/10/2020,,SGRE 1,,,MCP,,,0,FICH,,,,,KID5A042,30/09/2025,,E925230
7000814264,3003057037,WF KILGALLIOCH,E-42,3,P*HOLE IN ROOF HATCH,,APR,,,22/10/2020,22/10/2020,,21/01/2021,,SGRE 1,,,MCP,,,0,FICH,,,,,KID5A042,30/09/2025,,E925230
7000814265,3003057039,WF KILGALLIOCH,E-42,3,P*REPLACE MAIN SHAFT BEARING SEAL,,APR,,,21/12/2021,21/12/2021,,22/03/2022,,SGRE 1,,,MCP,,,0,FICH,,,,,KID5A042,30/09/2025,,E925230
7000814266,3003057040,WF KILGALLIOCH,E-42,3,P*GBX PUMP/INTERCOOLER UNION LEAK,,APR,,,01/09/2022,01/09/2022,,01/12/2022,,SGRE 1,,,MCP,,,0,FICH,,,,,KID5A042,30/09/2025,,E925230
7000814269,3003057046,WF KILGALLIOCH,E-43,3,P*PITCH RAM LEAKS,,APR,,,23/09/2022,23/09/2022,,23/12/2022,,SGRE 1,,,MCP,,,0,FICH,,,,,KID5A043,30/09/2025,,E925230
7000814276,3003057058,WF KILGALLIOCH,E-45,3,Ups for spring actuators requires repla,,APR,,,02/03/2021,02/03/2021,,01/06/2021,,SGRE 1,,,MCP,,,0,FICH,,,,,KID5A045,30/09/2025,,E925230
7000814278,3003057060,WF KILGALLIOCH,E-45,3,P*YAW CLAMP BYPASSED,,APR,,,14/09/2021,14/09/2021,,14/12/2021,,SGRE 1,,,MCP,,,0,FICH,,,,,KID5A045,30/09/2025,,E925230
7000814279,,WF KILGALLIOCH,E-45,3,Nacelle Light to be replaced,,APR,,,27/11/2024,27/11/2024,,26/02/2025,,SGRE 1,,,MCP,,,0,FICH,,,,,KID5A045,30/09/2025,,E925230
7000814280,,WF KILGALLIOCH,E-45,4,Top Cabinet Fan covers missing x2,,APR,,,27/11/2024,27/11/2024,,27/05/2025,,SGRE 1,,,MCP,,,0,FICH,,,,,KID5A045,30/09/2025,,E925230
7000814281,,WF KILGALLIOCH,E-45,3,AA4002 Cabinet lock required,,APR,,,27/11/2024,27/11/2024,,26/02/2025,,SGRE 1,,,MCP,,,0,FICH,,,,,KID5A045,30/09/2025,,E925230
7000814282,3003057065,WF KILGALLIOCH,E-46,3,P*TX LOUVRE NOT CLOSING PAST 45 DEGREE,,APR,,,14/01/2022,14/01/2022,,15/04/2022,,SGRE 1,,,MCP,,,0,FICH,,,,,KID5A046,30/09/2025,,E925230
7000814285,3003057071,WF KILGALLIOCH,F-47,3,P*AA4002 DOOR AND HINGES TO BE REPLACED,,APR,,,21/03/2022,21/03/2022,,20/06/2022,,SGRE 1,,,MCP,,,0,FICH,,,,,KID6A047,30/09/2025,,E925230
7000814286,3003057069,WF KILGALLIOCH,F-47,3,P*BLADE A ACCUMULATOR,,APR,,,14/09/2021,14/09/2021,,14/12/2021,"SGRE have placed order for replacements, no ETA at present 11/05",SGRE 1,,,MCP,,,0,FICH,,,,,KID6A047,30/09/2025,,E925230
7000814288,3003057073,WF KILGALLIOCH,F-48,3,Blade A weather seal damaged,,APR,,,02/03/2021,02/03/2021,,01/06/2021,,SGRE 1,,,MCP,,,0,FICH,,,,,KID6A048,30/09/2025,,E925230
7000814289,3003057074,WF KILGALLIOCH,F-48,3,Main Bearing retainer detatched,,APR,,,07/04/2020,07/04/2020,,07/07/2020,,SGRE 1,,,MCP,,,0,FICH,,,,,KID6A048,30/09/2025,,E925230
7000814291,3003057078,WF KILGALLIOCH,F-48,3,P*YAW SEAL SLIGHTLY TORN,,APR,,,16/10/2020,16/10/2020,,15/01/2021,,SGRE 1,,,MCP,,,0,FICH,,,,,KID6A048,30/09/2025,,E925230
7000814293,3003057080,WF KILGALLIOCH,F-48,3,P*4 x YAW TRAY BOLTS SHEARED,,APR,,,16/10/2020,16/10/2020,,15/01/2021,,SGRE 1,,,MCP,,,0,FICH,,,,,KID6A048,30/09/2025,,E925230
7000814294,3003057082,WF KILGALLIOCH,F-48,3,P* BLADE B AND C ACCUMUMULATORS,,APR,,,02/07/2020,02/07/2020,,01/10/2020,"SGRE have placed order for replacements, no ETA at present 11/05",SGRE 1,,,MCP,,,0,FICH,,,,,KID6A048,30/09/2025,,E925230
7000814295,3003057083,WF KILGALLIOCH,F-48,4,P*CRACK ON YAW PLATFORM CHEQ PLATE,,APR,,,02/11/2021,02/11/2021,,02/05/2022,,SGRE 1,,,MCP,,,0,FICH,,,,,KID6A048,30/09/2025,,E925230
7000814296,7000164524,WF KILGALLIOCH,F-48,4,P* NACELLE FIBRE COVER BOLTS LOOSE,,APR,,,12/03/2024,12/03/2024,,12/09/2024,,SGRE 1,,,MCP,,,0,FICH,,,,,KID6A048,30/09/2025,,E925230
7000814297,3003057085,WF KILGALLIOCH,F-49,3,YAW DECK LIGHT INOP,,APR,,,02/03/2021,02/03/2021,,01/06/2021,,SGRE 1,,,MCP,,,0,FICH,,,,,KID6A049,30/09/2025,,E925230
7000814298,3003057086,WF KILGALLIOCH,F-49,4,P*YAW SEAL SPLIT,,APR,,,12/09/2020,12/09/2020,,12/03/2021,,SGRE 1,,,MCP,,,0,FICH,,,,,KID6A049,30/09/2025,,E925230
7000814300,3003057091,WF KILGALLIOCH,F-50,3,P*INVESTIGATE LOUVRE SYSTEM,,APR,,,11/02/2021,11/02/2021,,13/05/2021,,SGRE 1,,,MCP,,,0,FICH,,,,,KID6A050,30/09/2025,,E925230
7000814308,3003057100,WF KILGALLIOCH,F-51,5,P*YAW TRAY BOLTS REQUIRED,,APR,,,08/09/2020,08/09/2020,,08/09/2021,,SGRE 1,,,MCP,,,0,FICH,,,,,KID6A051,30/09/2025,,E925230
7000814311,,WF KILGALLIOCH,F-52,3,P*LIFT PLT ROLLER ARM WHEEL MISSING,,APR,,,17/06/2025,17/06/2025,,16/09/2025,,SGRE 1,,Personnel lift,MCP,,,0,FICH,,,,,KID6A052,30/09/2025,,E925230
7000814315,3003057008,WF KILGALLIOCH,F-52,3,P*FIX ENVIRONMETAL KIT IN BASE,,APR,,,18/03/2021,18/03/2021,,17/06/2021,,SGRE 1,,,MCP,,,0,FICH,,,,,KID6A052,30/09/2025,,E925230
7000814317,3003057013,WF KILGALLIOCH,F-52,4,P*MAIN SHAFT BEARING SEAL,,APR,,,15/03/2023,15/03/2023,,15/09/2023,,SGRE 1,,,MCP,,,0,FICH,,,,,KID6A052,30/09/2025,,E925230
7000814320,3003057115,WF KILGALLIOCH,F-53,3,P*WIND VANE BRACKET & CABLE REQUIRED,,APR,,,09/09/2020,09/09/2020,,09/12/2020,,SGRE 1,,,MCP,,,0,FICH,,,,,KID6A053,30/09/2025,,E925230
7000814321,3003057116,WF KILGALLIOCH,F-53,3,P*PAINT DETERIORATED ON INTERNAL FLANGE,,APR,,,06/04/2021,06/04/2021,,06/07/2021,,SGRE 1,,,MCP,,,0,FICH,,,,,KID6A053,30/09/2025,,E925230
7000814322,3003057117,WF KILGALLIOCH,F-53,4,P*YAW SEAL INSECURE,,APR,,,06/04/2021,06/04/2021,,06/10/2021,,SGRE 1,,,MCP,,,0,FICH,,,,,KID6A053,30/09/2025,,E925230
7000814323,3003057118,WF KILGALLIOCH,F-53,3,P*SHIMS VISIBLE ON BOTTOM TOWER FLANGE,,APR,,,23/03/2021,23/03/2021,,22/06/2021,,SGRE 1,,,MCP,,,0,FICH,,,,,KID6A053,30/09/2025,,E925230
7000814325,3003057121,WF KILGALLIOCH,F-53,3,P*INVESTIGATE TX LOUVRE SYSTEM,,APR,,,15/03/2023,15/03/2023,,14/06/2023,,SGRE 1,,,MCP,,,0,FICH,,,,,KID6A053,30/09/2025,,E925230
7000814326,3003057122,WF KILGALLIOCH,F-53,3,P*MAIN SHAFT REAR BEARING SEAL MISSING,,APR,,,01/08/2023,01/08/2023,,31/10/2023,,SGRE 1,,,MCP,,,0,FICH,,,,,KID6A053,30/09/2025,,E925230
7000814327,7000164515,WF KILGALLIOCH,F-53,4,P*SERVICE LIFT SAFETY WIRE SHOWING WEAR,,APR,,,12/03/2024,12/03/2024,,12/09/2024,,SGRE 1,,,MCP,,,0,FICH,,,,,KID6A053,30/09/2025,,E925230
7000814328,,WF KILGALLIOCH,F-53,3,P*PITCH ACCUMULATOR BURST,,APR,,,18/06/2025,18/06/2025,,17/09/2025,"SGRE have placed order for replacements, no ETA at present 11/05",SGRE 1,,Blade pitch system,MCP,,,0,FICH,,,,,KID6A053,30/09/2025,,E925230
7000814329,7000188203,WF KILGALLIOCH,F-53,3,HUB HATCH MISSING,,APR,,,08/04/2024,08/04/2024,,08/07/2024,,SGRE 1,,,MCP,,,0,FICH,,,,,KID6A053,30/09/2025,,E925230
7000814330,,WF KILGALLIOCH,F-53,3,Hub Cabinet Heater to be replaced,,APR,,,27/11/2024,27/11/2024,,26/02/2025,,SGRE 1,,,MCP,,,0,FICH,,,,,KID6A053,30/09/2025,,E925230
7000814331,,WF KILGALLIOCH,F-53,3,Hub light switch to be replaced,,APR,,,27/11/2024,27/11/2024,,26/02/2025,,SGRE 1,,,MCP,,,0,FICH,,,,,KID6A053,30/09/2025,,E925230
7000814332,,WF KILGALLIOCH,F-53,3,Hub Hose to be replaced,,APR,,,27/11/2024,27/11/2024,,26/02/2025,,SGRE 1,,,MCP,,,0,FICH,,,,,KID6A053,30/09/2025,,E925230
7000814333,3003057124,WF KILGALLIOCH,F-54,3,P*BLADE B DUST SEAL TORN,,APR,,,14/09/2020,14/09/2020,,14/12/2020,,SGRE 1,,,MCP,,,0,FICH,,,,,KID6A054,30/09/2025,,E925230
7000814334,3003057125,WF KILGALLIOCH,F-54,5,P*YAW GREASE TRAY BOLTS SHEARED,,APR,,,14/09/2020,14/09/2020,,14/09/2021,,SGRE 1,,,MCP,,,0,FICH,,,,,KID6A054,30/09/2025,,E925230
7000814335,3003057126,WF KILGALLIOCH,F-54,3,P*TX WAL AT HATCH TO BE RE-BONDED,,APR,,,14/09/2020,14/09/2020,,14/12/2020,,SGRE 1,,,MCP,,,0,FICH,,,,,KID6A054,30/09/2025,,E925230
7000814336,3003057127,WF KILGALLIOCH,F-54,3,P* INVESTIGATE LOUVRE SYSTEM,,APR,,,28/01/2021,28/01/2021,,29/04/2021,,SGRE 1,,,MCP,,,0,FICH,,,,,KID6A054,30/09/2025,,E925230
7000814337,3003057129,WF KILGALLIOCH,F-54,3,P*SLIGHT DAMAGE ON GEN FAN MOTOR,,APR,,,13/04/2021,13/04/2021,,13/07/2021,,SGRE 1,,,MCP,,,0,FICH,,,,,KID6A054,30/09/2025,,E925230
7000814339,,WF KILGALLIOCH,F-54,3,Top Cabinet door lock to be replaced,,APR,,,27/11/2024,27/11/2024,,26/02/2025,,SGRE 1,,,MCP,,,0,FICH,,,,,KID6A054,30/09/2025,,E925230
7000814340,,WF KILGALLIOCH,F-54,3,Hub Hoses to be replaced,,APR,,,27/11/2024,27/11/2024,,26/02/2025,,SGRE 1,,,MCP,,,0,FICH,,,,,KID6A054,30/09/2025,,E925230
7000814347,,WF KILGALLIOCH,F-55,3,Blade emergency accumulator to be replac,Blade emergency accumulator to be replac,APR,,,27/11/2024,27/11/2024,,26/02/2025,"SGRE have placed order for replacements, no ETA at present 11/05",SGRE 1,,,MCP,,,0,FICH,,,,,KID6A055,30/09/2025,,E925230
7000814348,3003057147,WF KILGALLIOCH,F-56,3,P* YAW CLAMP DISCONNECTED,,APR,,,13/04/2021,13/04/2021,,13/07/2021,,SGRE 1,,,MCP,,,0,FICH,,,,,KID6A056,30/09/2025,,E925230
7000814351,3003057150,WF KILGALLIOCH,F-56,4,P*MAIN SHAFT BEARING SEAL,,APR,,,15/03/2023,15/03/2023,,15/09/2023,,SGRE 1,,,MCP,,,0,FICH,,,,,KID6A056,30/09/2025,,E925230
7000814352,,WF KILGALLIOCH,F-56,3,Blade access cover bolts sheared,,APR,,,27/11/2024,27/11/2024,,26/02/2025,,SGRE 1,,,MCP,,,0,FICH,,,,,KID6A056,30/09/2025,,E925230
7000814353,,WF KILGALLIOCH,F-56,3,Blade emergency accumulator to be replac,Blade emergency accumulator to be replac,APR,,,27/11/2024,27/11/2024,,26/02/2025,"SGRE have placed order for replacements, no ETA at present 11/05",SGRE 1,,,MCP,,,0,FICH,,,,,KID6A056,30/09/2025,,E925230
7000814354,,WF KILGALLIOCH,G-57,3,P*NACELLE ANCHOR POINTS CORRODED,,APR,,,17/06/2025,17/06/2025,,16/09/2025,,SGRE 1,,Nacelle,MCP,,,0,FICH,,,,,KID7A057,30/09/2025,,E925230
7000814355,,WF KILGALLIOCH,G-57,3,P*YAW MOTOR B NOISE,,APR,,,18/06/2025,18/06/2025,,17/09/2025,,SGRE 1,,Yaw system,MCP,,,0,FICH,,,,,KID7A057,30/09/2025,,E925230
7000814362,3003057162,WF KILGALLIOCH,G-57,3,P*OPEN TX ROOM LOUVRES,,APR,,,24/07/2022,24/07/2022,,23/10/2022,,SGRE 1,,,MCP,,,0,FICH,,,,,KID7A057,30/09/2025,,E925230
7000814363,,WF KILGALLIOCH,G-57,3,Yaw clamp required,,APR,,,27/11/2024,27/11/2024,,26/02/2025,,SGRE 1,,,MCP,,,0,FICH,,,,,KID7A057,30/09/2025,,E925230
7000814364,,WF KILGALLIOCH,G-57,3,Encoder support arm needs replaced,,APR,,,27/11/2024,27/11/2024,,26/02/2025,,SGRE 1,,,MCP,,,0,FICH,,,,,KID7A057,30/09/2025,,E925230
7000814365,3003057163,WF KILGALLIOCH,G-58,4,P* RUBBER SEAL DAMAGED AT HATCH,,APR,,,13/04/2021,13/04/2021,,13/10/2021,,SGRE 1,,,MCP,,,0,FICH,,,,,KID7A058,30/09/2025,,E925230
7000814366,3003057166,WF KILGALLIOCH,G-58,3,P*TX WALL TOP PANEL MICRO SWITCH,,APR,,,15/03/2023,15/03/2023,,14/06/2023,,SGRE 1,,,MCP,,,0,FICH,,,,,KID7A058,30/09/2025,,E925230
7000814367,3003057168,WF KILGALLIOCH,G-58,3,P*MAIN SHAFT REAR BEARING LEAKING,,APR,,,26/05/2023,26/05/2023,,25/08/2023,,SGRE 1,,,MCP,,,0,FICH,,,,,KID7A058,30/09/2025,,E925230
7000814368,3003057169,WF KILGALLIOCH,G-58,3,P*MAIN SHAFT FRONT BEARING LEAKING,,APR,,,26/05/2023,26/05/2023,,25/08/2023,,SGRE 1,,,MCP,,,0,FICH,,,,,KID7A058,30/09/2025,,E925230
7000814369,7000137818,WF KILGALLIOCH,G-58,3,YAW GREASE NIPPLES MISSING X 2,,APR,,,05/03/2024,05/03/2024,,04/06/2024,,SGRE 1,,,MCP,,,0,FICH,,,,,KID7A058,30/09/2025,,E925230
7000814370,7000137819,WF KILGALLIOCH,G-58,3,FRAME NON-SLIP BANDS AT GBX FILTER,,APR,,,05/03/2024,05/03/2024,,04/06/2024,,SGRE 1,,,MCP,,,0,FICH,,,,,KID7A058,30/09/2025,,E925230
7000814371,,WF KILGALLIOCH,G-58,4,Hub Cabinet Fan cover missing,,APR,,,27/11/2024,27/11/2024,,27/05/2025,,SGRE 1,,,MCP,,,0,FICH,,,,,KID7A058,30/09/2025,,E925230
7000814372,,WF KILGALLIOCH,G-58,3,Rotorlock Pump Handle Required,,APR,,,27/11/2024,27/11/2024,,26/02/2025,,SGRE 1,,,MCP,,,0,FICH,,,,,KID7A058,30/09/2025,,E925230
7000814376,3003057175,WF KILGALLIOCH,G-59,3,P* TOP CABINET DAMAGED FG005,,APR,,,04/06/2021,04/06/2021,,03/09/2021,,SGRE 1,,,MCP,,,0,FICH,,,,,KID7A059,30/09/2025,,E925230
7000814380,3003057183,WF KILGALLIOCH,G-60,3,P*GBOX HOSE BADLY CRACKED,,APR,,,11/12/2020,11/12/2020,,12/03/2021,,SGRE 1,,,MCP,,,0,FICH,,,,,KID7A060,30/09/2025,,E925230
7000814381,3003057184,WF KILGALLIOCH,G-60,3,P*WIND VANE FAILED,,APR,,,23/09/2021,23/09/2021,,23/12/2021,,SGRE 1,,,MCP,,,0,FICH,,,,,KID7A060,30/09/2025,,E925230
7000814382,3003057185,WF KILGALLIOCH,G-60,5,P* 5 X YAW TRAY BOLTS,,APR,,,16/09/2021,16/09/2021,,16/09/2022,,SGRE 1,,,MCP,,,0,FICH,,,,,KID7A060,30/09/2025,,E925230
7000814383,3003057186,WF KILGALLIOCH,G-60,3,P*OPEN TX ROOM LOUVRES,,APR,,,24/07/2022,24/07/2022,,23/10/2022,,SGRE 1,,,MCP,,,0,FICH,,,,,KID7A060,30/09/2025,,E925230
7000814384,7000283283,WF KILGALLIOCH,G-60,3,MAIN SHAFT SEAL MISSING,,APR,,,28/05/2024,28/05/2024,,27/08/2024,,SGRE 1,,,MCP,,,0,FICH,,,,,KID7A060,30/09/2025,,E925230
7000814385,,WF KILGALLIOCH,G-60,3,Yaw Seal needs Replaced,,APR,,,27/11/2024,27/11/2024,,26/02/2025,,SGRE 1,,,MCP,,,0,FICH,,,,,KID7A060,30/09/2025,,E925230
7000814386,,WF KILGALLIOCH,G-60,3,Offline filter pump to be replaced,,APR,,,27/11/2024,27/11/2024,,26/02/2025,,SGRE 1,,,MCP,,,0,FICH,,,,,KID7A060,30/09/2025,,E925230
7000814388,3003057189,WF KILGALLIOCH,G-61,3,Generator cooling motor damaged,,APR,,,02/03/2021,02/03/2021,,01/06/2021,,SGRE 1,,,MCP,,,0,FICH,,,,,KID7A061,30/09/2025,,E925230
7000814389,3003057190,WF KILGALLIOCH,G-61,5,P*YAW TRAY BOLTS BROKEN,,APR,,,11/12/2020,11/12/2020,,11/12/2021,,SGRE 1,,,MCP,,,0,FICH,,,,,KID7A061,30/09/2025,,E925230
7000814390,3003057191,WF KILGALLIOCH,G-61,3,P*TOP CABINET DOOR LOCK DAMAGED,,APR,,,21/03/2022,21/03/2022,,20/06/2022,,SGRE 1,,,MCP,,,0,FICH,,,,,KID7A061,30/09/2025,,E925230
7000814392,,WF KILGALLIOCH,G-61,3,Investigate TX louver system,,APR,,,27/11/2024,27/11/2024,,26/02/2025,,SGRE 1,,,MCP,,,0,FICH,,,,,KID7A061,30/09/2025,,E925230
7000814393,,WF KILGALLIOCH,G-62,3,Gearbox hoses leaking,,APR,,,11/06/2025,11/06/2025,,10/09/2025,,SGRE 1,,,MCP,,,0,FICH,,,,,KID7A062,30/09/2025,,E925230
7000814394,,WF KILGALLIOCH,G-62,3,Main shaft rear bearing seal damaged,,APR,,,11/06/2025,11/06/2025,,10/09/2025,,SGRE 1,,,MCP,,,0,FICH,,,,,KID7A062,30/09/2025,,E925230
7000814395,,WF KILGALLIOCH,G-62,3,Accumulator burst Pos 87.1 Blade 'A',,APR,,,11/06/2025,11/06/2025,,10/09/2025,"SGRE have placed order for replacements, no ETA at present 11/05",SGRE 1,,,MCP,,,0,FICH,,,,,KID7A062,30/09/2025,,E925230
7000814396,,WF KILGALLIOCH,G-62,3,Accumulator burst Pos 87.2 Blade 'B',,APR,,,11/06/2025,11/06/2025,,10/09/2025,"SGRE have placed order for replacements, no ETA at present 11/05",SGRE 1,,,MCP,,,0,FICH,,,,,KID7A062,30/09/2025,,E925230
7000814397,3003057192,WF KILGALLIOCH,G-62,3,SLIGHT LEAK TO THE REAR OF THE GENERATOR,SLIGHT LEAK TO THE REAR OF THE GENERATOR,APR,,,02/03/2021,02/03/2021,,01/06/2021,,SGRE 1,,,MCP,,,0,FICH,,,,,KID7A062,30/09/2025,,E925230
7000814398,3003057193,WF KILGALLIOCH,G-62,4,P*HUB LATCH BROCKEN,,APR,,,27/10/2020,27/10/2020,,27/04/2021,,SGRE 1,,,MCP,,,0,FICH,,,,,KID7A062,30/09/2025,,E925230
7000814399,3003057194,WF KILGALLIOCH,G-62,5,P* 7 x YAW BOLTS REQUIRED,,APR,,,23/04/2021,23/04/2021,,23/04/2022,,SGRE 1,,,MCP,,,0,FICH,,,,,KID7A062,30/09/2025,,E925230
7000814400,3003057196,WF KILGALLIOCH,G-62,3,P*OPEN TX ROOM LOUVRES,,APR,,,24/07/2022,24/07/2022,,23/10/2022,,SGRE 1,,,MCP,,,0,FICH,,,,,KID7A062,30/09/2025,,E925230
7000814403,,WF KILGALLIOCH,G-63,3,P*PITCH ACCUMULATORS BURST,,APR,,,18/06/2025,18/06/2025,,17/09/2025,"SGRE have placed order for replacements, no ETA at present 11/05",SGRE 1,,Blade pitch system,MCP,,,0,FICH,,,,,KID7A063,30/09/2025,,E925230
7000814404,,WF KILGALLIOCH,G-63,3,P*LIFT PLT ARM ROLLER WHEEL MISSING,,APR,,,19/06/2025,19/06/2025,,18/09/2025,,SGRE 1,,Personnel lift,MCP,,,0,FICH,,,,,KID7A063,30/09/2025,,E925230
7000814405,3003057197,WF KILGALLIOCH,G-63,5,GREASE COLLECTORS OF THE YAW SYSTEM BOLT,GREASE COLLECTORS OF THE YAW SYSTEM BOLT,APR,,,02/03/2021,02/03/2021,,02/03/2022,,SGRE 1,,,MCP,,,0,FICH,,,,,KID7A063,30/09/2025,,E925230
7000814406,3003057200,WF KILGALLIOCH,G-63,3,P*YAW CLAMP REQUIRED,,APR,,,06/05/2021,06/05/2021,,05/08/2021,,SGRE 1,,,MCP,,,0,FICH,,,,,KID7A063,30/09/2025,,E925230
7000814407,,WF KILGALLIOCH,G-63,3,Blade Inspection Hatch bolts sheared,,APR,,,27/11/2024,27/11/2024,,26/02/2025,,SGRE 1,,,MCP,,,0,FICH,,,,,KID7A063,30/09/2025,,E925230
7000814408,,WF KILGALLIOCH,G-63,4,Top Cabinet Fan covers missing x2,,APR,,,27/11/2024,27/11/2024,,27/05/2025,,SGRE 1,,,MCP,,,0,FICH,,,,,KID7A063,30/09/2025,,E925230
7000814409,3003057209,WF KILGALLIOCH,G-64,3,P* BEACON FAIL ALARM,,APR,,,24/07/2025,24/07/2025,,23/10/2025,,SGRE 1,,,MCP,,,0,FICH,,,,,KID7A064,30/09/2025,,E925230
7000814410,3003057208,WF KILGALLIOCH,G-64,3,P* GEN FAN COVER SLIGHTLY DAMAGED,,APR,,,18/11/2020,18/11/2020,,17/02/2021,,SGRE 1,,,MCP,,,0,FICH,,,,,KID7A064,30/09/2025,,E925230
7000814411,3003057211,WF KILGALLIOCH,G-64,3,P*TOP CABINET DOOR HINGE BROKEN,,APR,,,13/12/2021,13/12/2021,,14/03/2022,,SGRE 1,,,MCP,,,0,FICH,,,,,KID7A064,30/09/2025,,E925230
7000814413,,WF KILGALLIOCH,G-64,3,Hub Hose to be replaced,,APR,,,27/11/2024,27/11/2024,,26/02/2025,,SGRE 1,,,MCP,,,0,FICH,,,,,KID7A064,30/09/2025,,E925230
7000814415,3003057214,WF KILGALLIOCH,G-65,3,GAPS IN THE DAMPER PACKETS OF THE GEARBO,GAPS IN THE DAMPER PACKETS OF THE GEARBO,APR,,,02/03/2021,02/03/2021,,01/06/2021,,SGRE 1,,,MCP,,,0,FICH,,,,,KID7A065,30/09/2025,,E925230
7000814416,3003057215,WF KILGALLIOCH,G-65,3,Hoist movement has damaged generator hou,Hoist movement has damaged generator hou,APR,,,10/04/2020,10/04/2020,,10/07/2020,,SGRE 1,,,MCP,,,0,FICH,,,,,KID7A065,30/09/2025,,E925230
7000814418,3003057218,WF KILGALLIOCH,G-65,4,P* 9X YAW TRAY BOLTS REQUIRED,,APR,,,21/04/2021,21/04/2021,,21/10/2021,,SGRE 1,,,MCP,,,0,FICH,,,,,KID7A065,30/09/2025,,E925230
7000814419,3003057219,WF KILGALLIOCH,G-65,3,P*TX HEATER NOT WORKING,,APR,,,19/11/2021,19/11/2021,,18/02/2022,,SGRE 1,,,MCP,,,0,FICH,,,,,KID7A065,30/09/2025,,E925230
7000814420,3003057220,WF KILGALLIOCH,G-65,3,P*BOLT MISSING FROM GANTRY BEAM,,APR,,,19/11/2021,19/11/2021,,18/02/2022,,SGRE 1,,,MCP,,,0,FICH,,,,,KID7A065,30/09/2025,,E925230
7000814421,3003057222,WF KILGALLIOCH,G-65,3,P*TEMP SENSOR CABLE PROTECTION TRAPPED,,APR,,,19/11/2021,19/11/2021,,18/02/2022,,SGRE 1,,,MCP,,,0,FICH,,,,,KID7A065,30/09/2025,,E925230
7000814422,3003057223,WF KILGALLIOCH,G-65,3,P*CABINET DAMAGED BY HOIST,,APR,,,19/11/2021,19/11/2021,,18/02/2022,,SGRE 1,,,MCP,,,0,FICH,,,,,KID7A065,30/09/2025,,E925230
7000814423,3003057224,WF KILGALLIOCH,G-65,3,p*TX WALL VENTILATION BROKEN,,APR,,,15/03/2023,15/03/2023,,14/06/2023,,SGRE 1,,,MCP,,,0,FICH,,,,,KID7A065,30/09/2025,,E925230
7000814424,3003057225,WF KILGALLIOCH,G-65,3,P*INVESTIGATE TX LOUVRE SYSTEM,,APR,,,15/03/2023,15/03/2023,,14/06/2023,,SGRE 1,,,MCP,,,0,FICH,,,,,KID7A065,30/09/2025,,E925230
7000814425,7000137899,WF KILGALLIOCH,G-65,3,ROTATING UNION LEAKING,,APR,,,05/03/2024,05/03/2024,,04/06/2024,,SGRE 1,,,MCP,,,0,FICH,,,,,KID7A065,30/09/2025,,E925230
7000814426,7000294757,WF KILGALLIOCH,G-65,3,P*REPLACE NACELLE HOIST CHAIN,,APR,,,06/06/2024,06/06/2024,,05/09/2024,,SGRE 1,,,MCP,,,0,FICH,,,,,KID7A065,30/09/2025,,E925230
7000814427,,WF KILGALLIOCH,G-65,3,FG005 Reset button on cabinet needs repl,FG005 Reset button on cabinet needs repl,APR,,,27/11/2024,27/11/2024,,26/02/2025,,SGRE 1,,,MCP,,,0,FICH,,,,,KID7A065,30/09/2025,,E925230
7000814428,3003057227,WF KILGALLIOCH,G-66,3,P*GX JB & TOP CABINET DAMAGED BY HOIST,,APR,,,22/10/2020,22/10/2020,,21/01/2021,,SGRE 1,,,MCP,,,0,FICH,,,,,KID7A066,30/09/2025,,E925230
7000814433,,WF KILGALLIOCH,G-66,3,FG590 Needs replaced,,APR,,,27/11/2024,27/11/2024,,26/02/2025,,SGRE 1,,,MCP,,,0,FICH,,,,,KID7A066,30/09/2025,,E925230
7000814434,,WF KILGALLIOCH,H-67,3,P*BRAKE PADS MINOR DAMAGE,,APR,,,18/06/2025,18/06/2025,,17/09/2025,,SGRE 1,,Mechanical brake system,MCP,,,0,FICH,,,,,KID8A067,30/09/2025,,E925230
7000814435,,WF KILGALLIOCH,H-67,3,P*ROTARY JOINT HYDRAULIC LEAK,,APR,,,18/06/2025,18/06/2025,,17/09/2025,,SGRE 1,,Hydraulic system,MCP,,,0,FICH,,,,,KID8A067,30/09/2025,,E925230
7000814437,,WF KILGALLIOCH,H-67,4,P*NACELLE FIBRE BOLTS LOOSE,,APR,,,18/06/2025,18/06/2025,,18/12/2025,,SGRE 1,,Nacelle,MCP,,,0,FICH,,,,,KID8A067,30/09/2025,,E925230
7000814441,3003057237,WF KILGALLIOCH,H-67,3,P*REPLACE HUB LIGHT SWITCH,,APR,,,22/10/2020,22/10/2020,,21/01/2021,,SGRE 1,,,MCP,,,0,FICH,,,,,KID8A067,30/09/2025,,E925230
7000814443,,WF KILGALLIOCH,H-67,4,Hub Cabinet Fan cover missing,,APR,,,27/11/2024,27/11/2024,,27/05/2025,,SGRE 1,,,MCP,,,0,FICH,,,,,KID8A067,30/09/2025,,E925230
7000814445,3003057243,WF KILGALLIOCH,H-68,3,P* BLADE A LEAD EDGE PROTECTION DAMAGE,,APR,,,01/12/2021,01/12/2021,,02/03/2022,,SGRE 1,,,MCP,,,0,FICH,,,,,KID8A068,30/09/2025,,E925230
7000814446,3003057249,WF KILGALLIOCH,H-69,4,P*YAW SEAL SPLIT,,APR,,,16/09/2020,16/09/2020,,16/03/2021,,SGRE 1,,,MCP,,,0,FICH,,,,,KID8A069,30/09/2025,,E925230
7000814447,3003057251,WF KILGALLIOCH,H-69,3,P* BLADE C LEAD EDGE PROTECTION DAMAGE,,APR,,,01/12/2021,01/12/2021,,02/03/2022,,SGRE 1,,,MCP,,,0,FICH,,,,,KID8A069,30/09/2025,,E925230
7000814448,3003057256,WF KILGALLIOCH,H-69,3,P*INVESTIGATE TX LOUVRE SYSTEM,,APR,,,15/03/2023,15/03/2023,,14/06/2023,,SGRE 1,,,MCP,,,0,FICH,,,,,KID8A069,30/09/2025,,E925230
7000814449,7000133722,WF KILGALLIOCH,H-69,3,PLT3 GATE INTERLOCK NEEDS ADJUSTMENT,,APR,,,01/03/2024,01/03/2024,,31/05/2024,,SGRE 1,,,MCP,,,0,FICH,,,,,KID8A069,30/09/2025,,E925230
7000814450,,WF KILGALLIOCH,H-69,5,Yaw tray bolts sheared,,APR,,,27/11/2024,27/11/2024,,27/11/2025,,SGRE 1,,,MCP,,,0,FICH,,,,,KID8A069,30/09/2025,,E925230
7000814451,3003057257,WF KILGALLIOCH,H-70,3,Hoist locking bracket threads damaged bo,Hoist locking bracket threads damaged bo,APR,,,02/03/2021,02/03/2021,,01/06/2021,,SGRE 1,,,MCP,,,0,FICH,,,,,KID8A070,30/09/2025,,E925230
7000814453,3003057259,WF KILGALLIOCH,H-70,4,P*CABINET DOOR DAMAGED BY HOIST,,APR,,,22/10/2020,22/10/2020,,22/04/2021,,SGRE 1,,,MCP,,,0,FICH,,,,,KID8A070,30/09/2025,,E925230
7000814454,3003057261,WF KILGALLIOCH,H-70,5,P*4 YAW TRAY BOLTS MISSING,,APR,,,28/10/2020,28/10/2020,,28/10/2021,,SGRE 1,,,MCP,,,0,FICH,,,,,KID8A070,30/09/2025,,E925230
7000814455,3003057264,WF KILGALLIOCH,H-70,3,P*GENNY MOTOR REPLACEMENT,,APR,,,06/05/2021,06/05/2021,,05/08/2021,,SGRE 1,,,MCP,,,0,FICH,,,,,KID8A070,30/09/2025,,E925230
7000814456,3003057266,WF KILGALLIOCH,H-70,3,P*TRANNY DOOR FIBRE BRACKET BOLTS MISSIN,P*TRANNY DOOR FIBRE BRACKET BOLTS MISSIN,APR,,,04/06/2021,04/06/2021,,03/09/2021,,SGRE 1,,,MCP,,,0,FICH,,,,,KID8A070,30/09/2025,,E925230
7000814457,3003057267,WF KILGALLIOCH,H-70,3,P*GBX JUNCTION BOX DAMAGED,,APR,,,04/06/2021,04/06/2021,,03/09/2021,,SGRE 1,,,MCP,,,0,FICH,,,,,KID8A070,30/09/2025,,E925230
7000814458,3003057269,WF KILGALLIOCH,H-70,3,P*WEEP FROM GBX COOLING PIPE,,APR,,,19/11/2021,19/11/2021,,18/02/2022,,SGRE 1,,,MCP,,,0,FICH,,,,,KID8A070,30/09/2025,,E925230
7000814459,3003057272,WF KILGALLIOCH,H-71,5,P*3 x YAW GREASE TRAY BOLTS SHEARED,,APR,,,22/10/2020,22/10/2020,,22/10/2021,,SGRE 1,,,MCP,,,0,FICH,,,,,KID8A071,30/09/2025,,E925230
7000814462,,WF KILGALLIOCH,H-71,3,AA4002 cabinet door required,,APR,,,27/11/2024,27/11/2024,,26/02/2025,,SGRE 1,,,MCP,,,0,FICH,,,,,KID8A071,30/09/2025,,E925230
7000814464,3003057280,WF KILGALLIOCH,H-72,3,P*FIBRE ROOF HATCH DAMAGED,,APR,,,22/02/2021,22/02/2021,,24/05/2021,,SGRE 1,,,MCP,,,0,FICH,,,,,KID8A072,30/09/2025,,E925230
7000814465,,WF KILGALLIOCH,H-72,3,Hub light switch to be replaced,,APR,,,27/11/2024,27/11/2024,,26/02/2025,,SGRE 1,,,MCP,,,0,FICH,,,,,KID8A072,30/09/2025,,E925230
7000814466,,WF KILGALLIOCH,H-73,3,P*LIFT EMERGENCY DOOR RELEASE,,APR,,,17/06/2025,17/06/2025,,16/09/2025,,SGRE 1,,Personnel lift,MCP,,,0,FICH,,,,,KID8A073,30/09/2025,,E925230
7000814467,3003057289,WF KILGALLIOCH,H-73,3,P*OPEN TX ROOM LOUVRES,,APR,,,24/07/2022,24/07/2022,,23/10/2022,,SGRE 1,,,MCP,,,0,FICH,,,,,KID8A073,30/09/2025,,E925230
7000814471,,WF KILGALLIOCH,H-73,3,AA4001 Earth bar needs replaced,,APR,,,27/11/2024,27/11/2024,,26/02/2025,,SGRE 1,,,MCP,,,0,FICH,,,,,KID8A073,30/09/2025,,E925230
7000814473,3003057292,WF KILGALLIOCH,H-74,3,P*REPLACE ACCUMULATOR BLADE A 87.1,,APR,,,13/04/2021,13/04/2021,,13/07/2021,"SGRE have placed order for replacements, no ETA at present 11/05",SGRE 1,,,MCP,,,0,FICH,,,,,KID8A074,30/09/2025,,E925230
7000814474,3003057293,WF KILGALLIOCH,H-74,4,P*SLIGHT DAMAGE TO GEN FAN COVER/HOUSING,P*SLIGHT DAMAGE TO GEN FAN COVER/HOUSING,APR,,,02/07/2020,02/07/2020,,02/01/2021,,SGRE 1,,,MCP,,,0,FICH,,,,,KID8A074,30/09/2025,,E925230
7000814475,3003057295,WF KILGALLIOCH,H-74,5,P*PETP SCRAPER TRAY BOLTS MISSING,,APR,,,28/03/2023,28/03/2023,,28/03/2024,,SGRE 1,,,MCP,,,0,FICH,,,,,KID8A074,30/09/2025,,E925230
7000814476,3003057297,WF KILGALLIOCH,H-74,3,P*OIL LEAK FROM G/BOX OIL COOLERS,,APR,,,28/03/2023,28/03/2023,,27/06/2023,,SGRE 1,,,MCP,,,0,FICH,,,,,KID8A074,30/09/2025,,E925230
7000814477,3003057298,WF KILGALLIOCH,H-74,3,P*WATER LEAK FROM CONVERTER COOLER,,APR,,,28/03/2023,28/03/2023,,27/06/2023,,SGRE 1,,,MCP,,,0,FICH,,,,,KID8A074,30/09/2025,,E925230
7000814478,3003057300,WF KILGALLIOCH,H-75,4,P*CABINET DOORS DAMAGED BY HOIST,,APR,,,06/05/2021,06/05/2021,,06/11/2021,,SGRE 1,,,MCP,,,0,FICH,,,,,KID8A075,30/09/2025,,E925230
7000814479,3003057301,WF KILGALLIOCH,H-75,3,P*HYD HOSE LEAK,,APR,,,06/05/2021,06/05/2021,,05/08/2021,,SGRE 1,,,MCP,,,0,FICH,,,,,KID8A075,30/09/2025,,E925230
7000814480,3003057302,WF KILGALLIOCH,H-75,3,P*HUB ACCUMULATOR NEEDS REPLACED,,APR,,,06/05/2021,06/05/2021,,05/08/2021,"SGRE have placed order for replacements, no ETA at present 11/05",SGRE 1,,,MCP,,,0,FICH,,,,,KID8A075,30/09/2025,,E925230
7000814481,3003057303,WF KILGALLIOCH,H-75,4,P*1 x SLIP RING BOLT MISSING,,APR,,,26/10/2020,26/10/2020,,26/04/2021,,SGRE 1,,,MCP,,,0,FICH,,,,,KID8A075,30/09/2025,,E925230
7000814483,,WF KILGALLIOCH,H-75,4,Main shaft bolts sheared,,APR,,,27/11/2024,27/11/2024,,27/05/2025,,SGRE 1,,,MCP,,,0,FICH,,,,,KID8A075,30/09/2025,,E925230
7000814485,,WF KILGALLIOCH,H-76,5,P*LIFT SAFETY LINE NEAR LIMIT,,APR,,,17/06/2025,17/06/2025,,17/06/2026,,SGRE 1,,Personnel lift,MCP,,,0,FICH,,,,,KID8A076,30/09/2025,,E925230
7000814486,,WF KILGALLIOCH,H-76,3,P*U1 STATOR CABLE NEAR LIMIT,,APR,,,18/06/2025,18/06/2025,,17/09/2025,,SGRE 1,,Main Generator,MCP,,,0,FICH,,,,,KID8A076,30/09/2025,,E925230
7000814487,3003057108,WF KILGALLIOCH,H-76,3,P*FG005 & FG008 CABINETS DAMAGED,,APR,,,06/05/2021,06/05/2021,,05/08/2021,,SGRE 1,,,MCP,,,0,FICH,,,,,KID8A076,30/09/2025,,E925230
7000814488,3003057109,WF KILGALLIOCH,H-76,5,P*1 x YAW TRAY BOLTS SHEARED,,APR,,,22/10/2020,22/10/2020,,22/10/2021,,SGRE 1,,,MCP,,,0,FICH,,,,,KID8A076,30/09/2025,,E925230
7000814489,3003057111,WF KILGALLIOCH,H-76,4,P*YAW SEAL DAMAGED,,APR,,,01/08/2023,01/08/2023,,01/02/2024,,SGRE 1,,,MCP,,,0,FICH,,,,,KID8A076,30/09/2025,,E925230
7000814490,,WF KILGALLIOCH,H-76,4,Turbine access door stay pin missing,,APR,,,27/11/2024,27/11/2024,,27/05/2025,,SGRE 1,,,MCP,,,0,FICH,,,,,KID8A076,30/09/2025,,E925230
7000814492,3003057113,WF KILGALLIOCH,I-77,3,CCU Cooling pump minor leak,,APR,,,07/05/2020,07/05/2020,,06/08/2020,,SGRE 1,,,MCP,,,0,FICH,,,,,KID9A077,30/09/2025,,E925230
7000814493,3003057314,WF KILGALLIOCH,I-77,3,GB Leaking @ rotational union bearing co,GB Leaking @ rotational union bearing co,APR,,,07/05/2020,07/05/2020,,06/08/2020,,SGRE 1,,,MCP,,,0,FICH,,,,,KID9A077,30/09/2025,,E925230
7000814494,3003057315,WF KILGALLIOCH,I-77,5,P*YAW TRAY BOLTS BROKEN,,APR,,,01/09/2020,01/09/2020,,01/09/2021,,SGRE 1,,,MCP,,,0,FICH,,,,,KID9A077,30/09/2025,,E925230
7000814495,3003057316,WF KILGALLIOCH,I-77,3,P* LOUVRE INOP,,APR,,,13/04/2021,13/04/2021,,13/07/2021,,SGRE 1,,,MCP,,,0,FICH,,,,,KID9A077,30/09/2025,,E925230
7000814496,3003057317,WF KILGALLIOCH,I-77,3,P* PUMP DISCONNECTED AT KM480,,APR,,,13/04/2021,13/04/2021,,13/07/2021,,SGRE 1,,,MCP,,,0,FICH,,,,,KID9A077,30/09/2025,,E925230
7000814497,3003057318,WF KILGALLIOCH,I-77,3,P*MAIN SHAFT BEARING SEAL,,APR,,,15/03/2023,15/03/2023,,14/06/2023,,SGRE 1,,,MCP,,,0,FICH,,,,,KID9A077,30/09/2025,,E925230
7000814498,3003057319,WF KILGALLIOCH,I-77,3,P*LEAK FROM GEARBOX INTERCOOLER HOSE,,APR,,,15/03/2023,15/03/2023,,14/06/2023,,SGRE 1,,,MCP,,,0,FICH,,,,,KID9A077,30/09/2025,,E925230
7000814499,3003057320,WF KILGALLIOCH,I-77,4,P*DOOR SEAL REPAIR,,APR,,,21/08/2023,21/08/2023,,21/02/2024,,SGRE 1,,,MCP,,,0,FICH,,,,,KID9A077,30/09/2025,,E925230
7000814501,,WF KILGALLIOCH,I-78,3,Transformer Heater to be replaced,,APR,,,27/11/2024,27/11/2024,,26/02/2025,,SGRE 1,,,MCP,,,0,FICH,,,,,KID9A078,30/09/2025,,E925230
7000814502,,WF KILGALLIOCH,I-79,3,Hub Hose to be replaced,,APR,,,27/11/2024,27/11/2024,,26/02/2025,,SGRE 1,,,MCP,,,0,FICH,,,,,KID9A079,30/09/2025,,E925230
7000814503,,WF KILGALLIOCH,I-79,4,Hub Cabinet Fan cover missing,,APR,,,27/11/2024,27/11/2024,,27/05/2025,,SGRE 1,,,MCP,,,0,FICH,,,,,KID9A079,30/09/2025,,E925230
7000814505,,WF KILGALLIOCH,I-80,3,Blade A Pitch Ram Leaking,,APR,,,27/11/2024,27/11/2024,,26/02/2025,,SGRE 1,,,MCP,,,0,FICH,,,,,KID9A080,30/09/2025,,E925230
7000814506,,WF KILGALLIOCH,I-80,3,Blade B emergency Accumulator required,,APR,,,27/11/2024,27/11/2024,,26/02/2025,"SGRE have placed order for replacements, no ETA at present 11/05",SGRE 1,,,MCP,,,0,FICH,,,,,KID9A080,30/09/2025,,E925230
7000814510,3003057337,WF KILGALLIOCH,I-81,4,P*WINDVANE FAILURE,,APR,,,07/10/2021,07/10/2021,,07/04/2022,,SGRE 1,,,MCP,,,0,FICH,,,,,KID9A081,30/09/2025,,E925230
7000814511,3003057340,WF KILGALLIOCH,I-81,3,P*INVESTIGATE TX LOUVRE SYSTEM,,APR,,,15/03/2023,15/03/2023,,14/06/2023,,SGRE 1,,,MCP,,,0,FICH,,,,,KID9A081,30/09/2025,,E925230
7000814512,7000137912,WF KILGALLIOCH,I-81,3,HYD LEAKE BELOW CHARGE VALVE,,APR,,,05/03/2024,05/03/2024,,04/06/2024,,SGRE 1,,,MCP,,,0,FICH,,,,,KID9A081,30/09/2025,,E925230
7000814513,,WF KILGALLIOCH,I-81,5,Yaw grease tray bolts sheared,,APR,,,27/11/2024,27/11/2024,,27/11/2025,,SGRE 1,,,MCP,,,0,FICH,,,,,KID9A081,30/09/2025,,E925230
7000814517,3003057351,WF KILGALLIOCH,I-83,3,P*LEAK OUTER BLADE BEARING RETAINERS,,APR,,,29/09/2020,29/09/2020,,29/12/2020,,SGRE 1,,,MCP,,,0,FICH,,,,,KID9A083,30/09/2025,,E925230
7000814518,3003057352,WF KILGALLIOCH,I-83,3,P*PAINT DETERIORATED ON INTERNAL FLANGE,,APR,,,15/04/2021,15/04/2021,,15/07/2021,,SGRE 1,,,MCP,,,0,FICH,,,,,KID9A083,30/09/2025,,E925230
7000814519,3003057354,WF KILGALLIOCH,I-83,4,P*NACELLE FIXING BOLTS LOOSE,,APR,,,06/04/2021,06/04/2021,,06/10/2021,,SGRE 1,,,MCP,,,0,FICH,,,,,KID9A083,30/09/2025,,E925230
7000814520,3003057355,WF KILGALLIOCH,I-83,5,P*GBOX TORQUE ARM SHIMS MISS ALIGNED,,APR,,,06/04/2021,06/04/2021,,06/04/2022,,SGRE 1,,,MCP,,,0,FICH,,,,,KID9A083,30/09/2025,,E925230
7000814521,3003057356,WF KILGALLIOCH,I-83,3,P*BLADE B ACCUMULATOR NO PRESSURE,,APR,,,13/04/2021,13/04/2021,,13/07/2021,"SGRE have placed order for replacements, no ETA at present 11/05",SGRE 1,,,MCP,,,0,FICH,,,,,KID9A083,30/09/2025,,E925230
7000814522,3003057357,WF KILGALLIOCH,I-83,3,P*SLIGHT DAMAGE TO GEN FAN MOTOR,,APR,,,07/10/2021,07/10/2021,,06/01/2022,,SGRE 1,,,MCP,,,0,FICH,,,,,KID9A083,30/09/2025,,E925230
7000814523,7000137904,WF KILGALLIOCH,I-83,3,OIL LEAK AT GBX INTERCOOLER PIPES,,APR,,,05/03/2024,05/03/2024,,04/06/2024,,SGRE 1,,,MCP,,,0,FICH,,,,,KID9A083,30/09/2025,,E925230
7000814524,7000137916,WF KILGALLIOCH,I-83,3,ROTATING UNION LEAKING,,APR,,,05/03/2024,05/03/2024,,04/06/2024,,SGRE 1,,,MCP,,,0,FICH,,,,,KID9A083,30/09/2025,,E925230
7000814525,7000137928,WF KILGALLIOCH,I-83,3,SERVICE ITEM 58 OGS RELAY TEST,,APR,,,05/03/2024,05/03/2024,,04/06/2024,,SGRE 1,,,MCP,,,0,FICH,,,,,KID9A083,30/09/2025,,E925230
7000814527,3003057363,WF KILGALLIOCH,I-84,3,SLIGHT LEAK ON BRAKE CALIPER,,APR,,,02/03/2021,02/03/2021,,01/06/2021,,SGRE 1,,,MCP,,,0,FICH,,,,,KID9A084,30/09/2025,,E925230
7000814530,3003057367,WF KILGALLIOCH,I-84,3,AA4002 CABINET DOOR HINGE BROKEN,,APR,,,14/03/2022,14/03/2022,,13/06/2022,,SGRE 1,,,MCP,,,0,FICH,,,,,KID9A084,30/09/2025,,E925230
7000814531,3003057368,WF KILGALLIOCH,I-84,3,COOLING FAN HOUSING DAMAGED,,APR,,,14/03/2022,14/03/2022,,13/06/2022,,SGRE 1,,,MCP,,,0,FICH,,,,,KID9A084,30/09/2025,,E925230
7000814532,3003057369,WF KILGALLIOCH,I-84,3,P*INVESTIGATE TX LOUVRE SYSTEM,,APR,,,15/03/2023,15/03/2023,,14/06/2023,,SGRE 1,,,MCP,,,0,FICH,,,,,KID9A084,30/09/2025,,E925230
7000814533,3003057370,WF KILGALLIOCH,I-84,2,P*BEACON UPS FAIL,,APR,,,06/08/2025,06/08/2025,,21/08/2025,,SGRE 1,,,MCP,,,0,FICH,,,,,KID9A084,30/09/2025,,E925230
7000814534,3003057371,WF KILGALLIOCH,I-84,3,P*BOTTOM BRAKE CALLIPER LEAKING,,APR,,,29/05/2023,29/05/2023,,28/08/2023,,SGRE 1,,,MCP,,,0,FICH,,,,,KID9A084,30/09/2025,,E925230
7000814535,7000145521,WF KILGALLIOCH,I-84,3,BLADE A BEARING RETAINER SEAL,,APR,,,06/03/2024,06/03/2024,,05/06/2024,,SGRE 1,,,MCP,,,0,FICH,,,,,KID9A084,30/09/2025,,E925230
7000814536,,WF KILGALLIOCH,I-85,3,P*LIFT PLT ARM ROLLER MISSING WHEEL,,APR,,,17/06/2025,17/06/2025,,16/09/2025,,SGRE 1,,Personnel lift,MCP,,,0,FICH,,,,,KID9A085,30/09/2025,,E925230
7000814537,,WF KILGALLIOCH,I-85,3,P*LIST ESTOP RED CAP MISSING,,APR,,,17/06/2025,17/06/2025,,16/09/2025,,SGRE 1,,Personnel lift,MCP,,,0,FICH,,,,,KID9A085,30/09/2025,,E925230
7000814542,3003057378,WF KILGALLIOCH,I-85,3,P*REPLACE GENERATOR MOTOR COVER,,APR,,,28/01/2021,28/01/2021,,29/04/2021,,SGRE 1,,,MCP,,,0,FICH,,,,,KID9A085,30/09/2025,,E925230
7000814543,3003057380,WF KILGALLIOCH,I-85,3,P*INTERCOOLER LOUVRE STUCK OPEN,,APR,,,07/10/2021,07/10/2021,,06/01/2022,,SGRE 1,,,MCP,,,0,FICH,,,,,KID9A085,30/09/2025,,E925230
7000814544,3003057383,WF KILGALLIOCH,I-85,3,P*AA4001 VENTILATION PANNEL FALLEN OFF,,APR,,,15/03/2023,15/03/2023,,14/06/2023,,SGRE 1,,,MCP,,,0,FICH,,,,,KID9A085,30/09/2025,,E925230
7000814545,3003057384,WF KILGALLIOCH,I-85,3,P*INVESTIGATE TX LOUVRE SYSTEM,,APR,,,15/03/2023,15/03/2023,,14/06/2023,,SGRE 1,,,MCP,,,0,FICH,,,,,KID9A085,30/09/2025,,E925230
7000814546,7000145533,WF KILGALLIOCH,I-85,4,NACELLE BOLTS LOOSE NEAR DIST CAB,,APR,,,06/03/2024,06/03/2024,,06/09/2024,,SGRE 1,,,MCP,,,0,FICH,,,,,KID9A085,30/09/2025,,E925230
7000814549,3003057386,WF KILGALLIOCH,I-86,5,P*3 X YAW GREASE TRAY BOLTS MISSING,,APR,,,20/11/2020,20/11/2020,,20/11/2021,,SGRE 1,,,MCP,,,0,FICH,,,,,KID9A086,30/09/2025,,E925230
7000814551,3003057390,WF KILGALLIOCH,I-86,4,P*TOWER ACCESS DOOR SEAL,,APR,,,25/10/2022,25/10/2022,,25/04/2023,,SGRE 1,,,MCP,,,0,FICH,,,,,KID9A086,30/09/2025,,E925230
7000814553,3003057393,WF KILGALLIOCH,I-86,3,P*INVESTIGATE TX LOUVRE SYSTEM,,APR,,,15/03/2023,15/03/2023,,14/06/2023,,SGRE 1,,,MCP,,,0,FICH,,,,,KID9A086,30/09/2025,,E925230
7000814555,,WF KILGALLIOCH,I-86,3,Blade access cover bolts sheared,,APR,,,27/11/2024,27/11/2024,,26/02/2025,,SGRE 1,,,MCP,,,0,FICH,,,,,KID9A086,30/09/2025,,E925230
7000814557,3003057396,WF KILGALLIOCH,J-87,5,P*TOP CABINET FAN COVER DAMAGED,,APR,,,04/09/2020,04/09/2020,,04/09/2021,,SGRE 1,,,MCP,,,0,FICH,,,,,KIDAA087,30/09/2025,,E925230
7000814561,,WF KILGALLIOCH,J-87,3,Investigate TX louver system,,APR,,,27/11/2024,27/11/2024,,26/02/2025,,SGRE 1,,,MCP,,,0,FICH,,,,,KIDAA087,30/09/2025,,E925230
7000814562,3003057401,WF KILGALLIOCH,J-88,3,P*WIND VANE,,APR,,,25/08/2025,25/08/2025,,24/11/2025,,SGRE 1,,,MCP,,,0,FICH,,,,,KIDAA088,30/09/2025,,E925230
7000814563,3003057403,WF KILGALLIOCH,J-88,3,P*MAIN SHAFT BEARING SEAL,,APR,,,15/03/2023,15/03/2023,,14/06/2023,,SGRE 1,,,MCP,,,0,FICH,,,,,KIDAA088,30/09/2025,,E925230
7000814564,3003057404,WF KILGALLIOCH,J-88,3,P*LEAK FROM GEARBOX INTERCOOLER HOSE,,APR,,,15/03/2023,15/03/2023,,14/06/2023,,SGRE 1,,,MCP,,,0,FICH,,,,,KIDAA088,30/09/2025,,E925230
7000814565,,WF KILGALLIOCH,J-88,3,Blade access cover bolts sheared,,APR,,,27/11/2024,27/11/2024,,26/02/2025,,SGRE 1,,,MCP,,,0,FICH,,,,,KIDAA088,30/09/2025,,E925230
7000814566,3003057405,WF KILGALLIOCH,J-88,3,P*INVESTIGATE TX LOUVRE SYSTEM,,APR,,,15/03/2023,15/03/2023,,14/06/2023,,SGRE 1,,,MCP,,,0,FICH,,,,,KIDAA088,30/09/2025,,E925230
7000814567,,WF KILGALLIOCH,J-89,3,P*NACELLE ANCHOR POINTS CORRODED,,APR,,,17/06/2025,17/06/2025,,16/09/2025,,SGRE 1,,Nacelle,MCP,,,0,FICH,,,,,KIDAA089,30/09/2025,,E925230
7000814569,3003056708,WF KILGALLIOCH,J-89,4,Top control cabinet damaged by hoist cha,Top control cabinet damaged by hoist cha,APR,,,20/03/2020,20/03/2020,,20/09/2020,,SGRE 1,,,MCP,,,0,FICH,,,,,KIDAA089,30/09/2025,,E925230
7000814570,3003056709,WF KILGALLIOCH,J-89,5,P*YAW TRAY BOLTS BROKEN,,APR,,,05/10/2020,05/10/2020,,05/10/2021,,SGRE 1,,,MCP,,,0,FICH,,,,,KIDAA089,30/09/2025,,E925230
7000814571,3003056711,WF KILGALLIOCH,J-89,3,P*CRACK ON YAW BRACKET,,APR,,,20/03/2023,20/03/2023,,19/06/2023,,SGRE 1,,,MCP,,,0,FICH,,,,,KIDAA089,30/09/2025,,E925230
7000814572,3003056712,WF KILGALLIOCH,J-89,3,P*BRAKE PADS REQ REPLACEMENT,,APR,,,29/05/2023,29/05/2023,,28/08/2023,,SGRE 1,,,MCP,,,0,FICH,,,,,KIDAA089,30/09/2025,,E925230
7000814573,,WF KILGALLIOCH,J-89,3,Hub Hose to be replaced,,APR,,,27/11/2024,27/11/2024,,26/02/2025,,SGRE 1,,,MCP,,,0,FICH,,,,,KIDAA089,30/09/2025,,E925230
7000814574,,WF KILGALLIOCH,J-90,5,P*FOUNDATION FOOTING PEDESTAL CRACKED,,APR,,,14/11/2024,14/11/2024,,,,SPR_FO,,,MCP,,,0,FICH,,,,,KIDAA090,30/09/2025,,E925230
7000814575,,WF KILGALLIOCH,J-90,3,P*LIFT EMERGENCY DOOR RELEASE,,APR,,,17/06/2025,17/06/2025,,16/09/2025,,SGRE 1,,Personnel lift,MCP,,,0,FICH,,,,,KIDAA090,30/09/2025,,E925230
7000814576,,WF KILGALLIOCH,J-90,3,Pitch Accumulator Blade A,,APR,,,26/06/2025,26/06/2025,,25/09/2025,"SGRE have placed order for replacements, no ETA at present 11/05",SGRE 1,,,MCP,,,0,FICH,,,,,KIDAA090,30/09/2025,,E925230
7000814577,3003057415,WF KILGALLIOCH,J-90,3,P*INVESTIGATE TX LOUVRE SYSTEM,,APR,,,15/03/2023,15/03/2023,,14/06/2023,,SGRE 1,,,MCP,,,0,FICH,,,,,KIDAA090,30/09/2025,,E925230
7000814578,,WF KILGALLIOCH,J-90,4,AA4002 cabinet door fan filter casing ne,AA4002 cabinet door fan filter casing ne,APR,,,27/11/2024,27/11/2024,,27/05/2025,,SGRE 1,,,MCP,,,0,FICH,,,,,KIDAA090,30/09/2025,,E925230
7000814579,,WF KILGALLIOCH,J-90,4,Replace Yaw Seal,,APR,,,27/11/2024,27/11/2024,,27/05/2025,,SGRE 1,,,MCP,,,0,FICH,,,,,KIDAA090,30/09/2025,,E925230
7000814580,,WF KILGALLIOCH,J-90,3,HUB Hose to be replaced,,APR,,,27/11/2024,27/11/2024,,26/02/2025,,SGRE 1,,,MCP,,,0,FICH,,,,,KIDAA090,30/09/2025,,E925230
7000814585,,WF KILGALLIOCH,J-91,3,Transformer Heater to be replaced,,APR,,,27/11/2024,27/11/2024,,26/02/2025,,SGRE 1,,,MCP,,,0,FICH,,,,,KIDAA091,30/09/2025,,E925230
7000814593,,WF KILGALLIOCH,J-93,5,P*LIFT SAFETY LINE MONTIOR AND REPAIR,,APR,,,19/06/2025,19/06/2025,,19/06/2026,,SGRE 1,,Personnel lift,MCP,,,0,FICH,,,,,KIDAA093,30/09/2025,,E925230
7000814594,3003057430,WF KILGALLIOCH,J-93,5,P*YAW TRAY BOLTS MISSING X4,,APR,,,14/05/2021,14/05/2021,,14/05/2022,,SGRE 1,,,MCP,,,0,FICH,,,,,KIDAA093,30/09/2025,,E925230
7000814595,3003057433,WF KILGALLIOCH,J-93,3,P*INVESTIGATE TX LOUVRE SYSTEM,,APR,,,15/03/2023,15/03/2023,,14/06/2023,,SGRE 1,,,MCP,,,0,FICH,,,,,KIDAA093,30/09/2025,,E925230
7000814596,3003057434,WF KILGALLIOCH,J-93,3,P*AA4001 FILTER HOUSING COVER,,APR,,,15/03/2023,15/03/2023,,14/06/2023,,SGRE 1,,,MCP,,,0,FICH,,,,,KIDAA093,30/09/2025,,E925230
7000814597,,WF KILGALLIOCH,J-93,4,Digital analyser needs replaced,,APR,,,27/11/2024,27/11/2024,,27/05/2025,,SGRE 1,,,MCP,,,0,FICH,,,,,KIDAA093,30/09/2025,,E925230
7000814598,,WF KILGALLIOCH,J-93,3,MAIN SHAFT SEAL INSECURE,,APR,,,27/11/2024,27/11/2024,,26/02/2025,,SGRE 1,,,MCP,,,0,FICH,,,,,KIDAA093,30/09/2025,,E925230
7000814599,,WF KILGALLIOCH,J-94,3,P*CHAIN BUCKET SHACKLES,,APR,,,17/06/2025,17/06/2025,,16/09/2025,,SGRE 1,,Hoist,MCP,,,0,FICH,,,,,KIDAA094,30/09/2025,,E925230
7000814600,3003057436,WF KILGALLIOCH,J-94,3,P*WIND VANE CABLE REPLACEMENT,,APR,,,04/09/2020,04/09/2020,,04/12/2020,,SGRE 1,,,MCP,,,0,FICH,,,,,KIDAA094,30/09/2025,,E925230
7000814601,3003057439,WF KILGALLIOCH,J-94,5,P*REPAIR GEL COATING DAMAGE ON ROOF,,APR,,,20/05/2021,20/05/2021,,20/05/2022,,SGRE 1,,,MCP,,,0,FICH,,,,,KIDAA094,30/09/2025,,E925230
7000814602,3003057440,WF KILGALLIOCH,J-94,3,P*FG005 BUTTON DAMAGED,,APR,,,02/11/2021,02/11/2021,,01/02/2022,,SGRE 1,,,MCP,,,0,FICH,,,,,KIDAA094,30/09/2025,,E925230
7000814604,,WF KILGALLIOCH,J-94,3,REPLACE GBX ONLINE PUMP,,APR,,,27/11/2024,27/11/2024,,26/02/2025,,SGRE 1,,,MCP,,,0,FICH,,,,,KIDAA094,30/09/2025,,E925230
7000814605,,WF KILGALLIOCH,J-94,3,BLADE B PITCH RAM LEAKING,,APR,,,27/11/2024,27/11/2024,,26/02/2025,,SGRE 1,,,MCP,,,0,FICH,,,,,KIDAA094,30/09/2025,,E925230
7000814606,,WF KILGALLIOCH,J-95,3,P*LIFT ESTOP RED CAP MISSING,,APR,,,17/06/2025,17/06/2025,,16/09/2025,,SGRE 1,,Personnel lift,MCP,,,0,FICH,,,,,KIDAA095,30/09/2025,,E925230
7000814607,,WF KILGALLIOCH,J-95,3,P*CHAIN HOIST PENDANT WORN,,APR,,,17/06/2025,17/06/2025,,16/09/2025,,SGRE 1,,Hoist,MCP,,,0,FICH,,,,,KIDAA095,30/09/2025,,E925230
7000814609,3003057447,WF KILGALLIOCH,J-95,3,P*HUB HATCH CATCH NEEDS REPLACED,,APR,,,02/11/2021,02/11/2021,,01/02/2022,,SGRE 1,,,MCP,,,0,FICH,,,,,KIDAA095,30/09/2025,,E925230
7000814610,3003057450,WF KILGALLIOCH,J-95,3,P*ANEMOMETER CABLE REQUIRED,,APR,,,03/12/2021,03/12/2021,,04/03/2022,,SGRE 1,,,MCP,,,0,FICH,,,,,KIDAA095,30/09/2025,,E925230
7000819237,,WF KILGALLIOCH,H-68,3,CAB DOOR AA2004 SECURED BY RATCHET STRAP,"CAB DOOR AA2004 SECURED BY RATCHET STRAP, REPAIR REQUIRED",APR,,,30/10/2025,30/10/2025,,29/01/2026,,SGRE 1,,Control system,MCP,,,0,GEPE,,,,,KID8A068,30/10/2025,IBR,Z486997
7000820764,,WF KILGALLIOCH,A-6,3,ELEVATOR EXT TRAVEL DOWN BUTTON DAMAGED,THE TRAVEL DOWN BUTTON ON THE EXTERNAL CONTROL PANEL FOR ELEVATOR IS DAMAGED REQUIREING REPLACMENT/REPAIR,APR,,,10/11/2025,10/11/2025,,09/02/2026,,SGRE 1,,Personnel lift,MCP,,,0,GEPE,,,,,KID1A006,10/11/2025,IBR,Z486997
7000820846,,WF KILGALLIOCH,C-26,3,ELEVATOR INTERNAL LIGHT NOT WORKING,THE INTERNAL LIGHT FOR ELEVATOR NOT WORKING REQUIREING REPLACEMENT,APR,,,11/11/2025,11/11/2025,,10/02/2026,,SGRE 1,,Personnel lift,MCP,,,0,GEPE,,,,,KID3A026,11/11/2025,IBR,Z486997
7000820867,,WF KILGALLIOCH,F-49,3,RESCUE ANCHOR POINT TO BE RE-PAINTED,RESCUE ANCHOR POINT IN NACELLE HAS LOST 30% OF ITS PAINT AND REQUIRES RE-PAINTING,APR,,,11/11/2025,11/11/2025,,10/02/2026,,SGRE 1,,Nacelle,MCP,,,0,GEPE,,,,,KID6A049,11/11/2025,IBR,Z486997
7000820875,,WF KILGALLIOCH,F-50,3,LIFT PLT LIMIT SWITCH ROLLERS MISSING,LIFT PLATFORM LIMIT SWITCH ROLLERS MISSING REQUIREING REPLACEMENT,APR,,,11/11/2025,11/11/2025,,10/02/2026,,SGRE 1,,Personnel lift,MCP,,,0,GEPE,,,,,KID6A050,11/11/2025,IBR,Z486997
7000820869,,WF KILGALLIOCH,F-53,3,ELEVATOR INTERNAL LIGHT NOT WORKING,INTERNAL LIGHT FOR ELEVATOR NOT WORKING REQUIREIGN REPLACEMENT,APR,,,11/11/2025,11/11/2025,,10/02/2026,,SGRE 1,,Personnel lift,MCP,,,0,GEPE,,,,,KID6A053,11/11/2025,IBR,Z486997
7000820890,,WF KILGALLIOCH,F-55,3,ELEVATOR INTERNAL LIGHT NOT WORKING,INTERNAL CABIN LIGHT FOR ELEVATOR NOT WORKING REQUIREING REPLACEMENT,APR,,,11/11/2025,11/11/2025,,10/02/2026,,SGRE 1,,Personnel lift,MCP,,,0,GEPE,,,,,KID6A055,11/11/2025,IBR,Z486997
7000820900,,WF KILGALLIOCH,F-55,3,NACELLE RESCUE POINT RE-PAINTING,NACELLE RESCUE ANCHOR POINT LOST 25% OF ITS PAINT REQUIREING RE-PAINTING,APR,,,11/11/2025,11/11/2025,,10/02/2026,,SGRE 1,,Nacelle,MCP,,,0,GEPE,,,,,KID6A055,11/11/2025,IBR,Z486997
7000820913,,WF KILGALLIOCH,F-56,3,ELEVATOR DOWN TRAVEL ARM DAMAGED,THE DOWNWARD TRAVEL LIMIT SWITCH ARM IS DEFORMED REQUIREINGN REPAIR,APR,,,11/11/2025,11/11/2025,,10/02/2026,,SGRE 1,,Personnel lift,MCP,,,0,GEPE,,,,,KID6A056,11/11/2025,IBR,Z486997
7000820920,,WF KILGALLIOCH,F-56,3,BASE INTERLOCK SWITCH ROLLER MISSING,BASE INTERLOCK SWITCH ROLLER MISSING REQUIREING REPLACEMENT,APR,,,11/11/2025,11/11/2025,,10/02/2026,,SGRE 1,,Personnel lift,MCP,,,0,GEPE,,,,,KID6A056,11/11/2025,IBR,Z486997
7000820916,,WF KILGALLIOCH,G-65,3,ELEVATOR EXTERNAL DOOR RELEASE COVER,RED COVER FROM EXTERNAL ELEVATOR DOOR RELEASE BUTTON MISSING,APR,,,11/11/2025,11/11/2025,,10/02/2026,,SGRE 1,,Personnel lift,MCP,,,0,GEPE,,,,,KID7A065,11/11/2025,IBR,Z486997
7000820927,,WF KILGALLIOCH,G-66,3,PLT 2 GATE INTERLOCK ROLLER MISSING,PLATFORM 2 GATE INTERLOCK ARM ROLLER MISSING REQUIREING REPLACEMENT,APR,,,11/11/2025,11/11/2025,,10/02/2026,,SGRE 1,,Lifting systems,MCP,,,0,GEPE,,,,,KID7A066,11/11/2025,IBR,Z486997
7000820940,,WF KILGALLIOCH,H-67,3,ELEVATOR INTERNAL CAB LIGHT DAMAGED,INTERNAL CABIN LIGHT FOR ELEVATOR NOT WORKING REQUIREING REPAIR,APR,,,11/11/2025,11/11/2025,,10/02/2026,,SGRE 1,,Personnel lift,MCP,,,0,GEPE,,,,,KID8A067,11/11/2025,IBR,Z486997
7000820898,,WF KILGALLIOCH,H-72,3,PLT 3 ELEVATOR INDICATOR SWITCH ROLLER,THE ROLLER FOR PLATFORM 3 INDCATOR SWITCH MISSING REQUIRES REPLACEMENT,APR,,,11/11/2025,11/11/2025,,10/02/2026,,SGRE 1,,Personnel lift,MCP,,,0,GEPE,,,,,KID8A072,11/11/2025,IBR,Z486997
7000820929,,WF KILGALLIOCH,J-91,3,ELEVATOR PLT LIMIT SWITCH ROLLER,ROLLER ON PLATFORM LIMIT SWITCH M ISSING REQUIRES REPALCEMENT,APR,,,11/11/2025,11/11/2025,,10/02/2026,,SGRE 1,,Personnel lift,MCP,,,0,GEPE,,,,,KIDAA091,11/11/2025,IBR,Z486997
7000820950,,WF KILGALLIOCH,J-92,3,ELEVATOR TOP MOVEMENT LIMIT SWITCH,LIMIT SWITCH FOR ELEVATOR UPWARD MOVEMENT DAMAGED REQUIREING REPLACEMENT,APR,,,11/11/2025,11/11/2025,,10/02/2026,,SGRE 1,,Personnel lift,MCP,,,0,GEPE,,,,,KIDAA092,11/11/2025,IBR,Z486997
7000820951,,WF KILGALLIOCH,J-94,3,ELEVATOR TOP MOVEMENT LIMIT SWITCH,TOP LIMIT SWITCH ON ELEVATOR FOR UPWARD MOVEMENT DAMAGED REQUIRES REPLACEMENT,APR,,,11/11/2025,11/11/2025,,10/02/2026,,SGRE 1,,Lifting systems,MCP,,,0,GEPE,,,,,KIDAA094,11/11/2025,IBR,Z486997
7000822288,,WF KILGALLIOCH,D-34,3,P*ELEVATOR REQUIRES MULTIPLE REPAIRS,ELEVATOR ISSUES HIGHTLIGHTED DURING STAT INSPECTION INCLUDING UUNUSAL NOISE & SMELL FROM MOTOR. INTERLOCK FOR GATE DAMAGED. POWER CUTS OUT 3M OF TRAVEL. REPAIRS TO BE CARRIED OUT,APR,,,20/11/2025,20/11/2025,,19/02/2026,,SGRE 1,,Personnel lift,MCP,,,0,GEPE,,,,,KID4A034,20/11/2025,IBR,Z486997
7000822320,,WF KILGALLIOCH,A-2,3,P*ELEVATOR SAFETY LINE DAMAGE,SAFETY LINE FOR ELEVATOR DAMAGED REQUIRE REPAIR,APR,,,20/11/2025,20/11/2025,,19/02/2026,Elevator OR in place,SGRE 1,,Personnel lift,MCP,,,0,GEPE,,,,,KID1A002,20/11/2025,IBR,Z486997
7000822298,,WF KILGALLIOCH,H-76,3,P*POTENTIAL ISSUE WITH ELEVATOR MOTOR,UNUSAL NOISE NOTED FROM ELEVATOR MOTOR DURING STAT INSPECTION. INVESTIGATION REQUIRED,APR,,,20/11/2025,20/11/2025,,19/02/2026,"Elevator OR in place, repairs getting planned",SGRE 1,,Personnel lift,MCP,,,0,GEPE,,,,,KID8A076,20/11/2025,IBR,Z486997
7000822597,,WF KILGALLIOCH,C-26,3,P*ELEVATOR BOTTOM LIMIT SWITCH ARM,ELEVATOR BOTTOM LIMIT SWITCH ACTUATOR ARM DAMAGED REQUIRES REPAIR,APR,,,21/11/2025,21/11/2025,,20/02/2026,,SGRE 1,,Personnel lift,MCP,,,0,GEPE,,,,,KID3A026,21/11/2025,IBR,Z486997
7000822658,,WF KILGALLIOCH,A-1,3,P*ELEVATOR HOUR COUNTER DAMAGED,HOUR COUNTER IN ELEVATOR DAMAGED REQUIRE REPAIR,APR,,,21/11/2025,21/11/2025,,20/02/2026,,SGRE 1,,Personnel lift,MCP,,,0,GEPE,,,,,KID1A001,21/11/2025,IBR,Z486997
7000822965,,WF KILGALLIOCH,E-38,3,P*ELEVATOR GUIDE WIRE BRACKETS BROKEN,BOTH ELEVATOR GUIDE WIRE BRACKETS BROKEN,APR,,,24/11/2025,24/11/2025,,23/02/2026,,SGRE 1,,Personnel lift,MCP,,,0,GEPE,,,,,KID5A038,24/11/2025,IBR,Z486997
7000822967,,WF KILGALLIOCH,G-59,3,P*ELEVATOR LANDING SWTICH DAMAGED,ELEVATOR LANDING SWITCH ROLLERS MISSING REQUIRES RELACEMENT,APR,,,24/11/2025,24/11/2025,,23/02/2026,,SGRE 1,,Personnel lift,MCP,,,0,GEPE,,,,,KID7A059,24/11/2025,IBR,Z486997
7000822968,,WF KILGALLIOCH,J-89,3,P*ELEVATOR GUIDE WIRE BRACKET WORN,ELEVATOR GUIDE WIRE BRACEKT WORN REQUIRES REPLACEMENT,APR,,,24/11/2025,24/11/2025,,23/02/2026,,SGRE 1,,Personnel lift,MCP,,,0,GEPE,,,,,KIDAA089,24/11/2025,IBR,Z486997
7000823016,,WF KILGALLIOCH,A-1,3,P*MAINSHAFT BEARING SEAL LOOSE,MAINSHAFT BEARING SEAL LOOSE REQURIES REPAIR,APR,,,24/11/2025,24/11/2025,,23/02/2026,,SGRE 1,,Personnel lift,MCP,,,0,GEPE,,,OT,,KID1A001,24/11/2025,IBR,Z486997
7000823017,,WF KILGALLIOCH,F-48,4,P*STATOR BOX PANEL BOLT MISSING,STATOR BOX PANEL BOLT MISSING REQUIRES REPLACEMENT,APR,,,24/11/2025,24/11/2025,,24/05/2026,,SGRE 1,,Nacelle,MCP,,,0,GEPE,,,,,KID6A048,24/11/2025,IBR,Z486997
7000823045,,WF KILGALLIOCH,G-57,3,P*GBOX AUV PUMP LEAKING,THE AUXILARY PUMP FOR THE BEARBOX LEAKING,APR,,,24/11/2025,24/11/2025,,23/02/2026,,SGRE 1,,Nacelle,MCP,,,0,GEPE,,,,,KID7A057,24/11/2025,IBR,Z486997
7000823018,,WF KILGALLIOCH,G-57,3,P*MAIN BEARING SEAL LEAKING,MAIN BEARING SEAL LEAKING REQUIRES REPAIR,APR,,,24/11/2025,24/11/2025,,23/02/2026,,SGRE 1,,Nacelle,MCP,,,0,GEPE,,,,,KID7A057,24/11/2025,IBR,Z486997
7000823019,,WF KILGALLIOCH,G-57,4,P*STATOR BOX PANEL BOLTS MISSING,2 BOLTS MISSING FROM STATOR BOX PANEL REQUIRES REPLACEMENT,APR,,,24/11/2025,24/11/2025,,24/05/2026,,SGRE 1,,Nacelle,MCP,,,0,GEPE,,,,,KID7A057,24/11/2025,IBR,Z486997
7000823051,,WF KILGALLIOCH,H-67,4,P*GBX PAINT FLAKING,PAINT NOTED FLAKING OFF THE GEARBOX,APR,,,24/11/2025,24/11/2025,,24/05/2026,,SGRE 1,,Main Gearbox,MCP,,,0,GEPE,,,,,KID8A067,24/11/2025,IBR,Z486997
7000823055,,WF KILGALLIOCH,B-16,3,P*GEN COOLING DUCTS REPLACEMENT,GENERATOR COOLING DUCTS DAMAGED REQUIREING REPLACEMENT,APR,,,24/11/2025,24/11/2025,,23/02/2026,,SGRE 1,,Nacelle,MCP,,,0,GEPE,,,,,KID2A016,24/11/2025,IBR,Z486997
7000823039,,WF KILGALLIOCH,E-43,3,P*GEN COOLING FAN COVER DAMAGED,GENERATOR COOLING FAN MOTOR COVER DAMAGED NEAR CHAIN HOIST BUCKET,APR,,,24/11/2025,24/11/2025,,23/02/2026,,SGRE 1,,Nacelle,MCP,,,0,GEPE,,,,,KID5A043,24/11/2025,IBR,Z486997
7000823063,,WF KILGALLIOCH,F-48,3,P*GEN COOLING DUCT DAMAGED,GENERATOR COOLING DUCT DAMAGED REQUIRES REPAIR,APR,,,24/11/2025,24/11/2025,,23/02/2026,,SGRE 1,,Nacelle,MCP,,,0,GEPE,,,,,KID6A048,24/11/2025,IBR,Z486997
7000825544,,WF KILGALLIOCH,H-76,3,P*STATOR CABLE STICKERS,STICKERS/LABELS FOR STATOR CABLES REQUIRE REPLACEMENT,APR,,,11/12/2025,11/12/2025,,12/03/2026,,SGRE 1,,Control system,MCP,,,0,GEPE,,,,,KID8A076,11/12/2025,IBR,Z486997
7000825536,,WF KILGALLIOCH,H-76,3,P*MAIN SHAFT BEARINGS LEAKING,"MAIN SHAFT BEARINGS LEAKING THROUGH SEALS, REQUIRES REPAIR",APR,,,11/12/2025,11/12/2025,,12/03/2026,,SGRE 1,,Main shaft assembly,MCP,,,0,GEPE,,,,,KID8A076,11/12/2025,IBR,Z486997
7000825537,,WF KILGALLIOCH,H-76,4,P*STATOR CABLE BOX BOLTS,BOLTS MISSING FROM STATOR CABLE BOX PANEL,APR,,,11/12/2025,11/12/2025,,11/06/2026,,SGRE 1,,Control system,MCP,,,0,GEPE,,,,,KID8A076,11/12/2025,IBR,Z486997
7000825552,,WF KILGALLIOCH,H-76,3,P*STATOR CABLE TEMP STICKERS,TEMPERATURE STICKERS FOR STATOR CABLES REQUIRE REPLACEMENT,APR,,,11/12/2025,11/12/2025,,12/03/2026,,SGRE 1,,Control system,MCP,,,0,GEPE,,,,,KID8A076,11/12/2025,IBR,Z486997
7000825612,,WF KILGALLIOCH,A-7,3,P*ELEVATOR LIMIT ARM ROLLER,THE ROLLER ON THE ELEVATOR LMIT ARM IS MISSING REQUIREING REPLACEMENT,APR,,,11/12/2025,11/12/2025,,12/03/2026,,SGRE 1,,Personnel lift,MCP,,,0,GEPE,,,,,KID1A007,11/12/2025,IBR,Z486997
7000825624,,WF KILGALLIOCH,B-12,3,P*ELEVATOR LIMIT ARM ROLLER,ELEVATOR LIMIT SWITCH ARM MISING ROLLER REQUIRES REPLACEMENT,APR,,,11/12/2025,11/12/2025,,12/03/2026,,SGRE 1,,Personnel lift,MCP,,,0,GEPE,,,,,KID2A012,11/12/2025,IBR,Z486997
7000831349,,WF KILGALLIOCH,B-11,3,P*REPLACE/REPAIR tower access handrail,REPLACE/REPAIR tower access handrail,APR,,,02/02/2026,02/02/2026,,04/05/2026,,SGRE 1,,Tower and foundation,MCP,,,0,GEPE,,,,,KID2A011,02/02/2026,IBR,Z486997
7000831373,,WF KILGALLIOCH,H-74,3,P*REPAIR/REPLACE DAMAGED TOWER STEPS,TOWER DOOR STEPS ARE DAMAGED AND REQUIRE REPAIR/REPLACEMENT,APR,,,02/02/2026,10/04/2026,,04/05/2026,,SGRE 1,,Tower and foundation,MCP,,,0,GEPE,,,,,KID8A074,02/02/2026,IBR,Z486997
7000831380,,WF KILGALLIOCH,F-52,3,P*REPAIR/REPLACE DAMAGED TOWER STEPS,TOWER ACCESS DOOR STEPS DAMAGED REQUIRES REPAIR/REPLACEMENT,APR,,,02/02/2026,10/04/2026,,04/05/2026,,SGRE 1,,Tower and foundation,MCP,,,0,GEPE,,,,,KID6A052,02/02/2026,IBR,Z486997
7000831375,,WF KILGALLIOCH,B-16,3,P*REAR SKYLIGHT DAMAGED,THE REAR SKYLIGHT IN THE NACELLE IS DAMAGED AND REQUIRES REPAIR/REPLACEMENT,APR,,,02/02/2026,10/04/2026,,04/05/2026,,SGRE 1,,Nacelle,MCP,,,0,GEPE,,,,,KID2A016,02/02/2026,IBR,Z486997
7000835161,,WF KILGALLIOCH,A-1,3,P*CONVERTER PUMP LEAK,"SLIGHT LEAK REPORTED FROM CONVERTER COOLING PUMP, TO BE INVESTIGATED",APR,,,26/02/2026,10/04/2026,,28/05/2026,,SGRE 1,,Control system,MCP,,,0,GEPE,,,,,KID1A001,26/02/2026,IBR,Z486997
7000835164,,WF KILGALLIOCH,A-9,3,P*TRX LOUVRES STUCK OPEN,LOUVRES ON TRX SIDE REPORTED AS STUCK OPEN,APR,,,26/02/2026,10/04/2026,,28/05/2026,,SGRE 1,,Nacelle,MCP,,,0,GEPE,,,,,KID1A009,26/02/2026,IBR,Z486997
7000835149,,WF KILGALLIOCH,A-10,3,P*TRX LOUVRES WONT OPEN,LOUVRES ON THE TRX SIDE WONT OPEN,APR,,,26/02/2026,10/04/2026,,28/05/2026,,SGRE 1,,Nacelle,MCP,,,0,GEPE,,,,,KID1A010,26/02/2026,IBR,Z486997
7000835180,,WF KILGALLIOCH,C-20,3,P*LOUVRES STUCK OPEN,LOUVRES AROUND TRX STUCK OPEN REQUIRE INVESTIGATION,APR,,,26/02/2026,10/04/2026,,28/05/2026,,SGRE 1,,Nacelle,MCP,,,0,GEPE,,,,,KID3A020,26/02/2026,IBR,Z486997
7000835185,,WF KILGALLIOCH,E-38,3,P*LOUVRES STUCK OPEN,LOUVRES STUCK OPEN REQUIREING INVESTIGATION,APR,,,26/02/2026,10/04/2026,,28/05/2026,,SGRE 1,,Nacelle,MCP,,,0,GEPE,,,,,KID5A038,26/02/2026,IBR,Z486997
7000835128,,WF KILGALLIOCH,E-40,3,P*LOUVRES WONT OPEN,LOUVRES WONT OPEN REQUIREING INVESTIGATION,APR,,,26/02/2026,10/04/2026,,28/05/2026,,SGRE 1,,Nacelle,MCP,,,0,GEPE,,,,,KID5A040,26/02/2026,IBR,Z486997
7000835761,,WF KILGALLIOCH,E-42,3,P*LOUVRES NOT CLOSING,LOUVRES NOT CLOSING REQUIREING INVESTIGATION,APR,,,02/03/2026,02/03/2026,,01/06/2026,,SGRE 1,,Nacelle,MCP,,,0,GEPE,,,,,KID5A042,02/03/2026,IBR,Z486997
7000835757,,WF KILGALLIOCH,E-43,3,P*LOUVRES WONT CLOSE,LOUVRES WONT CLOSE REQUIREING INVESTIGATION,APR,,,02/03/2026,02/03/2026,,01/06/2026,,SGRE 1,,Nacelle,MCP,,,0,GEPE,,,,,KID5A043,02/03/2026,IBR,Z486997
7000835763,,WF KILGALLIOCH,F-47,3,P*LOUVRES WONT CLOSE,LOUVRES WONT CLOSE REQUIREING INVESTIGATION,APR,,,02/03/2026,02/03/2026,,01/06/2026,,SGRE 1,,Nacelle,MCP,,,0,GEPE,,,,,KID6A047,02/03/2026,IBR,Z486997
7000835758,,WF KILGALLIOCH,F-55,3,P*LOUVRES WONT OPEN,LOUVRES WONT OPEN REQUIREING INVESTIGATION,APR,,,02/03/2026,10/04/2026,,01/06/2026,,SGRE 1,,Nacelle,MCP,,,0,GEPE,,,,,KID6A055,02/03/2026,IBR,Z486997
7000835773,,WF KILGALLIOCH,F-55,3,P*VENTILATION HEAT PANEL HANGING,VENTILATION HEAT PANEL REPORTED TO BE HANGING LOOSE INVESTIGATION REQUIRED,APR,,,02/03/2026,02/03/2026,,01/06/2026,,SGRE 1,,Nacelle,MCP,,,0,GEPE,,,,,KID6A055,02/03/2026,IBR,Z486997
7000835767,,WF KILGALLIOCH,G-57,3,P*TRX DOOR DAMAGE,CRACKS REPORTED ON TRX DOOR REQUIREING INVESTIGATION,APR,,,02/03/2026,02/03/2026,,01/06/2026,,SGRE 1,,Nacelle,MCP,,,0,GEPE,,,,,KID7A057,02/03/2026,IBR,Z486997
7000835784,,WF KILGALLIOCH,H-70,3,P*TRX ROOM FIRE PROOF PANEL CRACK,CRACK FOUND AROUND BOLT HOLE OF FIREPROOF PANEL IN TRX ROOM,APR,,,02/03/2026,02/03/2026,,01/06/2026,,SGRE 1,,Nacelle,MCP,,,0,GEPE,,,,,KID8A070,02/03/2026,IBR,Z486997
7000835795,,WF KILGALLIOCH,H-72,3,P*LOUVRES NOT CLOSING,LOUVRES NOT CLOSING REQUIREING INVESTIGATION,APR,,,02/03/2026,02/03/2026,,01/06/2026,,SGRE 1,,Nacelle,MCP,,,0,GEPE,,,,,KID8A072,02/03/2026,IBR,Z486997
7000835796,,WF KILGALLIOCH,H-74,3,P*LOUVRES WONT OPEN,LOUVRES WONT OPEN REQUIREING INVESTIGATION,APR,,,02/03/2026,02/03/2026,,01/06/2026,,SGRE 1,,Nacelle,MCP,,,0,GEPE,,,,,KID8A074,02/03/2026,IBR,Z486997
7000835797,,WF KILGALLIOCH,H-75,3,P*LOUVRES NOT CLOSING,LOUVRES NOT CLOSING REQUIREING INVESTIGATION,APR,,,02/03/2026,02/03/2026,,01/06/2026,,SGRE 1,,Nacelle,MCP,,,0,GEPE,,,,,KID8A075,02/03/2026,IBR,Z486997
7000835798,,WF KILGALLIOCH,H-76,3,P*TRX LV CABLE RED INSULATOR HEAT EVIDEN,EVIDENCE OF POTENTIAL OVER HEATING TO RUBBER INSULATION ON TRX LV CABLE/FUSE/ TERMINAL COMPONENTS TO BE INVESTIGATED,APR,,,02/03/2026,02/03/2026,,01/06/2026,,SGRE 1,,Control system,MCP,,,0,GEPE,,,,,KID8A076,02/03/2026,IBR,Z486997
7000835799,,WF KILGALLIOCH,I-80,3,P*LOUVRES WONT CLOSE,LOUVRES WONT CLOSE REQUIREING INVESTIGATION,APR,,,02/03/2026,10/04/2026,,01/06/2026,,SGRE 1,,Nacelle,MCP,,,0,GEPE,,,,,KID9A080,02/03/2026,IBR,Z486997
7000835855,,WF KILGALLIOCH,I-83,3,P*LOUVRES NOT CLOSING,LOUVRES NOT CLOSING REQUIREING INVESTIGATION,APR,,,02/03/2026,10/04/2026,,01/06/2026,,SGRE 1,,Nacelle,MCP,,,0,GEPE,,,,,KID9A083,02/03/2026,IBR,Z486997
7000835869,,WF KILGALLIOCH,J-91,3,P*TRX DOOR SECURED BY TEMPORARY MEASURE,"TRX DOOR CURRENTLY REQUIRES A CLIP TO SECURE, REPAIR TO BE CARRIED OUT",APR,,,02/03/2026,10/04/2026,,01/06/2026,,SGRE 1,,Nacelle,MCP,,,0,GEPE,,,,,KIDAA091,02/03/2026,IBR,Z486997
7000835871,,WF KILGALLIOCH,J-91,3,P*LOUVRE SYSTEM FAULT,MULTIPLE ISSUES REPORTED WITH LOUVRES DURING TRANSFORMER MAINTENANCE REQUIREING INVESTIGATION,APR,,,02/03/2026,10/04/2026,,01/06/2026,,SGRE 1,,Nacelle,MCP,,,0,GEPE,,,,,KIDAA091,02/03/2026,IBR,Z486997
7000835856,,WF KILGALLIOCH,J-92,3,P*LOUVRES NOT CLOSING,LOUVRES NOT CLOSING REQUIREING INVESTIGATION,APR,,,02/03/2026,10/04/2026,,01/06/2026,,SGRE 1,,Nacelle,MCP,,,0,GEPE,,,,,KIDAA092,02/03/2026,IBR,Z486997
7000835858,,WF KILGALLIOCH,J-94,3,P*TRX DOOR SAFETY NOT TRIPPING TURBINE,TRX DOOR OPEN SIGNAL IS NOT TRIPPING TURBINE AND REQUIRES INVESTIGATION,APR,,,02/03/2026,10/04/2026,,01/06/2026,,SGRE 1,,Nacelle,MCP,,,0,GEPE,,,,,KIDAA094,02/03/2026,IBR,Z486997
7000838482,,WF KILGALLIOCH,A-3,4,FG008 door heater bracket damaged,,APR,,,17/03/2026,17/03/2026,,17/09/2026,,SGRE 1,,,MCP,,,1,GEPE,,,,,KID1A003,17/03/2026,IBR,U331825
7000838463,,WF KILGALLIOCH,A-3,4,Cracked feet on AA4002 cabinet,,APR,,,17/03/2026,17/03/2026,,17/09/2026,,SGRE 1,,,MCP,,,2,GEPE,,,,,KID1A003,17/03/2026,IBR,U331825
7000838485,,WF KILGALLIOCH,A-3,4,TX Louvres not closing,,APR,,,17/03/2026,17/03/2026,,17/09/2026,,SGRE 1,,,MCP,,,2,GEPE,,,,,KID1A003,17/03/2026,IBR,U331825
7000838493,,WF KILGALLIOCH,J-88,3,P*YAW SEAL DAMAGED,,APR,,,17/03/2026,17/03/2026,,16/06/2026,,SGRE 1,,,MCP,,,2,GEPE,,,,,KIDAA088,17/03/2026,IBR,U331825
7000840452,,WF KILGALLIOCH,D-28,3,P* WIND VANE MISSING,"WIND VANE MISSING FROM WEATHER INSTRUMENT, REPLACEMENT REQUIRED",APR,,,27/03/2026,27/03/2026,,26/06/2026,,SGRE 1,,Meteorological instruments,MCP,,,0,GEPE,,,,,KID4A028,27/03/2026,IBR,Z486997
7000840932,,WF KILGALLIOCH,F-50,3,SMP sensor 3 detached,,APR,,,31/03/2026,31/03/2026,,30/06/2026,,SGRE 1,,,MCP,,,0,GEPE,,,,,KID6A050,31/03/2026,IBR,U333700
7000840974,,WF KILGALLIOCH,B-11,2,Hub Leak,,APR,,,31/03/2026,31/03/2026,,15/04/2026,,SGRE 1,,,MCP,,,0,GEPE,,,,,KID2A011,31/03/2026,IBR,U333700
7000841392,,WF KILGALLIOCH,D-27,3,Nacelle fiber support bolts loose,,APR,,,02/04/2026,02/04/2026,,02/07/2026,,SGRE 1,,,MCP,,,0,GEPE,,,,,KID4A027,02/04/2026,IBR,U333700
7000841393,,WF KILGALLIOCH,D-27,3,Blade B accumulator p87.2 defective,,APR,,,02/04/2026,10/04/2026,,02/07/2026,"SGRE have placed order for replacements, no ETA at present 11/05",SGRE 1,,,MCP,,,0,GEPE,,,,,KID4A027,02/04/2026,IBR,U333700
7000841401,,WF KILGALLIOCH,D-27,3,AA4002 cabinet feet cracked,,APR,,,02/04/2026,10/04/2026,,02/07/2026,,SGRE 1,,,MCP,,,0,GEPE,,,,,KID4A027,02/04/2026,IBR,U333700
7000841402,,WF KILGALLIOCH,D-27,4,4th platform bracket L4 bolt missing,,APR,,,02/04/2026,02/04/2026,,02/10/2026,,SGRE 1,,,MCP,,,0,GEPE,,,,,KID4A027,02/04/2026,IBR,U333700
7000841403,,WF KILGALLIOCH,D-30,4,Top lift platform P6 bracket sheared,,APR,,,02/04/2026,10/04/2026,,02/10/2026,,SGRE 1,,,MCP,,,0,GEPE,,,,,KID4A030,02/04/2026,IBR,U333700
7000841485,,WF KILGALLIOCH,J-91,2,REPAIR ANEMOMETER,,APR,,,03/04/2026,03/04/2026,,18/04/2026,,SGRE 1,,,MCP,,,0,GEPE,,,,,KIDAA091,03/04/2026,IBR,U333700
7000841551,,WF KILGALLIOCH,D-30,5,Top lift platform P6 bracket sheared,,APR,,,06/04/2026,06/04/2026,,06/04/2027,,SGRE 1,,,MCP,,,0,GEPE,,,,,KID4A030,06/04/2026,IBR,U333700
7000841552,,WF KILGALLIOCH,D-30,5,Stator box walkway section missing,,APR,,,06/04/2026,06/04/2026,,06/04/2027,,SGRE 1,,,MCP,,,0,GEPE,,,,,KID4A030,06/04/2026,IBR,U333700
7000841545,,WF KILGALLIOCH,D-30,3,Blade A pitch ram seal leaking,,APR,,,06/04/2026,06/04/2026,,06/07/2026,,SGRE 1,,,MCP,,,0,GEPE,,,,,KID4A030,06/04/2026,IBR,U333700
7000841547,,WF KILGALLIOCH,D-30,3,Louvre under TX jammed closed,,APR,,,06/04/2026,06/04/2026,,06/07/2026,,SGRE 1,,,MCP,,,0,GEPE,,,,,KID4A030,06/04/2026,IBR,U333700
7000841553,,WF KILGALLIOCH,D-30,5,Crack on yaw platform section,,APR,,,06/04/2026,06/04/2026,,06/04/2027,,SGRE 1,,,MCP,,,0,GEPE,,,,,KID4A030,06/04/2026,IBR,U333700
7000841532,,WF KILGALLIOCH,D-30,3,Temp wiring electro valve WS240A,,APR,,,06/04/2026,06/04/2026,,06/07/2026,,SGRE 1,,,MCP,,,0,GEPE,,,,,KID4A030,06/04/2026,IBR,U333700
7000841548,,WF KILGALLIOCH,D-30,3,Accelerometer 2&$ not plugged into gbox,,APR,,,06/04/2026,06/04/2026,,06/07/2026,,SGRE 1,,,MCP,,,0,GEPE,,,,,KID4A030,06/04/2026,IBR,U333700
7000841518,,WF KILGALLIOCH,D-30,3,Hyd oil leak at rotating union,,APR,,,06/04/2026,06/04/2026,,06/07/2026,,SGRE 1,,,MCP,,,0,GEPE,,,,,KID4A030,06/04/2026,IBR,U333700
7000841549,,WF KILGALLIOCH,D-30,5,Insulation removed from above TX,,APR,,,06/04/2026,06/04/2026,,06/04/2027,,SGRE 1,,,MCP,,,0,GEPE,,,,,KID4A030,06/04/2026,IBR,U333700
7000841709,,WF KILGALLIOCH,D-35,3,A & B PITCH RAMS LEAKING,,APR,,,07/04/2026,10/04/2026,,07/07/2026,,SGRE 1,,,MCP,,,0,GEPE,,,,,KID4A035,07/04/2026,IBR,U333700
7000841966,,WF KILGALLIOCH,F-52,4,Floor next to stator has dropped,,APR,,,08/04/2026,08/04/2026,,08/10/2026,,SGRE 1,,,MCP,,,0,GEPE,,,,,KID6A052,08/04/2026,IBR,U333700
7000841947,,WF KILGALLIOCH,F-52,4,Wind vane not working,,APR,,,08/04/2026,08/04/2026,,08/10/2026,,SGRE 1,,,MCP,,,0,GEPE,,,,,KID6A052,08/04/2026,IBR,U333700
7000841847,,WF KILGALLIOCH,F-52,4,Slight tear on yaw seal,,APR,,,08/04/2026,08/04/2026,,08/10/2026,,SGRE 1,,,MCP,,,0,GEPE,,,,,KID6A052,08/04/2026,IBR,U333700
7000843053,,WF KILGALLIOCH,J-89,3,Spinner gap brush required,,APR,,,15/04/2026,15/04/2026,,15/07/2026,,SGRE 1,,,MCP,,,0,GEPE,,,,,KIDAA089,15/04/2026,IBR,U333700
7000845832,,WF KILGALLIOCH,G-59,3,ROTATING UNION LEAKING,,APR,,,20/04/2026,20/04/2026,,20/07/2026,,SGRE 1,,,MCP,,,0,GEPE,,,,,KID7A059,20/04/2026,IBR,U333700
7000846924,,WF KILGALLIOCH,J-87,4,YAW GREASE COLLECTORS BOLTS MISSING,,APR,,,29/04/2026,29/04/2026,,29/10/2026,,SGRE 1,,,MCP,,,0,GEPE,,,,,KIDAA087,29/04/2026,IBR,U333700
7000847252,,WF KILGALLIOCH,J-95,3,Chain hoist stat repairs,,APR,,,30/04/2026,30/04/2026,,30/07/2026,,SGRE 1,,,MCP,,,0,GEPE,,,,,KIDAA095,30/04/2026,IBR,U333700
7000847950,,WF KILGALLIOCH,I-81,3,Oil leak in the hub,,APR,,,04/05/2026,04/05/2026,,03/08/2026,,SGRE 1,,,MCP,,,0,GEPE,,,,,KID9A081,04/05/2026,IBR,U333700
7000847960,,WF KILGALLIOCH,I-81,3,Pitch Ram B Leaking,,APR,,,04/05/2026,04/05/2026,,03/08/2026,,SGRE 1,,,MCP,,,0,GEPE,,,,,KID9A081,04/05/2026,IBR,U333700
7000847859,,WF KILGALLIOCH,J-92,2,3 -5 9 PMS Sensors missing,,APR,,,04/05/2026,04/05/2026,,19/05/2026,,SGRE 1,,,MCP,,,0,GEPE,,,,,KIDAA092,04/05/2026,IBR,U333700
7000847970,,WF KILGALLIOCH,I-85,2,Pitch Accumulator Pos.93 Blade B Burst,,APR,,,04/05/2026,04/05/2026,,19/05/2026,"SGRE have placed order for replacements, no ETA at present 11/05",SGRE 1,,,MCP,,,0,GEPE,,,,,KID9A085,04/05/2026,IBR,U333700
7000847980,,WF KILGALLIOCH,I-85,2,5 x SMP Sensors missing,,APR,,,04/05/2026,04/05/2026,,19/05/2026,,SGRE 1,,,MCP,,,0,GEPE,,,,,KID9A085,04/05/2026,IBR,U333700
7000847971,,WF KILGALLIOCH,I-85,2,Oil leak in the the hub,,APR,,,04/05/2026,04/05/2026,,19/05/2026,,SGRE 1,,,MCP,,,0,GEPE,,,,,KID9A085,04/05/2026,IBR,U333700
7000847981,,WF KILGALLIOCH,E-43,2,SMP Sensors 2-3-4-5 missing,,APR,,,04/05/2026,04/05/2026,,19/05/2026,,SGRE 1,,,MCP,,,0,GEPE,,,,,KID5A043,04/05/2026,IBR,U333700
7000847951,,WF KILGALLIOCH,E-43,2,SMP Unit not powered on,,APR,,,04/05/2026,04/05/2026,,19/05/2026,,SGRE 1,,,MCP,,,0,GEPE,,,,,KID5A043,04/05/2026,IBR,U333700
7000847952,,WF KILGALLIOCH,E-43,5,ZR394 heater body corroded,,APR,,,04/05/2026,04/05/2026,,04/05/2027,,SGRE 1,,,MCP,,,0,GEPE,,,,,KID5A043,04/05/2026,IBR,U333700
7000847953,,WF KILGALLIOCH,E-43,2,Pitch accumulator Pos94 Blade A,,APR,,,04/05/2026,04/05/2026,,19/05/2026,"SGRE have placed order for replacements, no ETA at present 11/05",SGRE 1,,,MCP,,,0,GEPE,,,,,KID5A043,04/05/2026,IBR,U333700
7000847982,,WF KILGALLIOCH,D-29,4,Bolt snapped on main shaftcover,,APR,,,04/05/2026,04/05/2026,,04/11/2026,,SGRE 1,,,MCP,,,0,GEPE,,,,,KID4A029,04/05/2026,IBR,U333700
7000847972,,WF KILGALLIOCH,E-43,2,Rotating union leak,,APR,,,04/05/2026,04/05/2026,,19/05/2026,,SGRE 1,,,MCP,,,0,GEPE,,,,,KID5A043,04/05/2026,IBR,U333700
7000847973,,WF KILGALLIOCH,D-29,4,Hub cabinet filter cover missing,,APR,,,04/05/2026,04/05/2026,,04/11/2026,,SGRE 1,,,MCP,,,0,GEPE,,,,,KID4A029,04/05/2026,IBR,U333700
7000847974,,WF KILGALLIOCH,E-43,4,Stator box cover bolts missing,,APR,,,04/05/2026,04/05/2026,,04/11/2026,,SGRE 1,,,MCP,,,0,GEPE,,,,,KID5A043,04/05/2026,IBR,U333700
7000847975,,WF KILGALLIOCH,B-16,2,SMP not powering up,,APR,,,04/05/2026,04/05/2026,,19/05/2026,,SGRE 1,,,MCP,,,0,GEPE,,,,,KID2A016,04/05/2026,IBR,U333700
7000848098,,WF KILGALLIOCH,B-17,3,Replace Hoist,,APR,,,05/05/2026,05/05/2026,,04/08/2026,,SGRE 1,,,MCP,,,0,GEPE,,,,,KID2A017,05/05/2026,IBR,U333700
7000848545,,WF KILGALLIOCH,J-87,3,Tower platform brackets defective P5/P6,Tower platform brackets defective P5/P6,APR,,,08/05/2026,08/05/2026,,07/08/2026,Design Mod due to be rolled out in June 2026 to rectify site wide issue,SGRE 1,Technical,Tower and foundation,MCP,,,8,GEPE,,,,,KIDAA087,08/05/2026,IBR,U331825
7000848546,,WF KILGALLIOCH,J-87,4,P* Minor leak in hub,Minor leak detected in hub during joint MQI,APR,,,08/05/2026,08/05/2026,,08/11/2026,"Leak location unknown at time of MQI, SGRE to carry out investigation and resolve issue.",SGRE 1,Technical,Hydraulic system,MCP,,,4,GEPE,,,,,KIDAA087,08/05/2026,IBR,U331825
7000849697,,WF KILGALLIOCH,E-43,3,P*WTG ACCESS STEPS REPLACEMENT,,CREA,,,15/05/2026,,,,,SGRE 1,,Tower and foundation,MCP,,,0,GEPE,,,,,KID5A043,15/05/2026,IBR,U342227
7000849917,,WF KILGALLIOCH,A-2,2,P*BLADE B PITCH ACCUMULATOR,PITCH BLOCK B PITCH ACCUMULATOR PRECHARD PRESSURE - BURST,CREA,,,18/05/2026,,,,,SGRE 1,,Hydraulic system,MCP,,,0,GEPE,,,,,KID1A002,18/05/2026,IBR,Z486997
7000849918,,WF KILGALLIOCH,A-2,3,P*ROTOR HYDRAULIC LEAK,INDICATION OF HYDRAULIC LEAK FROM HUB,CREA,,,18/05/2026,,,,,SGRE 1,,Blade pitch system,MCP,,,0,GEPE,,,,,KID1A002,18/05/2026,IBR,Z486997
7000849909,,WF KILGALLIOCH,A-5,3,P*TOWER ACCESS DOOR STEPS DAMAGED,TOWER ACCESS DOOR STEP DAMAGED REQUIRES REPLACEMENT,CREA,,,18/05/2026,,,,,SGRE 1,,Tower and foundation,MCP,,,0,GEPE,,,,,KID1A005,18/05/2026,IBR,Z486997
7000849945,,WF KILGALLIOCH,A-5,4,P*GBX SHIMS MOVED,MOVEMENT NOTED OF GBX SHIMS REQUIRES INVESTIGATION,CREA,,,18/05/2026,,,,,SGRE 1,,Nacelle,MCP,,,0,GEPE,,,,,KID1A005,18/05/2026,IBR,Z486997
7000849946,,WF KILGALLIOCH,A-5,3,P*HUB HYDRAULIC LEAK,HYDRAULIC OIL LEAK DETECTED FROM HUB REQUIRES INVESTIGATION,CREA,,,18/05/2026,,,,,SGRE 1,,Blade pitch system,MCP,,,0,GEPE,,,,,KID1A005,18/05/2026,IBR,Z486997
7000849919,,WF KILGALLIOCH,A-7,4,P*YAW SYSTEM GREASE TRAY BOLTS MISSING,BOLTS MISSING FROM YAW SYSTEM GREASE TRAYS REQUIRE REPLACEMENT,CREA,,,18/05/2026,,,,,SGRE 1,,Yaw system,MCP,,,0,GEPE,,,,,KID1A007,18/05/2026,IBR,Z486997
7000849947,,WF KILGALLIOCH,A-7,3,P*HUB HYDRAULIC LEAK DETECTED,HYDRAULIC HUB LEAK DETECTED REQUIRES INVESTIGATION,CREA,,,18/05/2026,,,,,SGRE 1,,Blade pitch system,MCP,,,0,GEPE,,,,,KID1A007,18/05/2026,IBR,Z486997
7000849948,,WF KILGALLIOCH,A-7,2,P*BLADE A PITCH ACCUMULATOR,BLADE A PITCH ACCUMULATOR NOT HOLDING PRESSURE,CREA,,,18/05/2026,,,,,SGRE 1,,Blade pitch system,MCP,,,0,GEPE,,,,,KID1A007,18/05/2026,IBR,Z486997
7000849949,,WF KILGALLIOCH,D-29,3,P*HUN HYDRAULIC LEAK,HYDRAULIC LEAK IN HUB DETECTED,CREA,,,18/05/2026,,,,,SGRE 1,,Blade pitch system,MCP,,,0,GEPE,,,,,KID4A029,18/05/2026,IBR,Z486997
7000849961,,WF KILGALLIOCH,B-15,4,P*MAIN BEARING SEAL LOOSE,MAIN BEARING SEAL LOOSE REQUIREING REPAIR,CREA,,,18/05/2026,,,,,SGRE 1,,Main shaft assembly,MCP,,,0,GEPE,,,,,KID2A015,18/05/2026,IBR,Z486997
7000849980,,WF KILGALLIOCH,D-29,4,P*STATOR CABLE BOX BOLTS MISSING,BOLTS MISSING FROM STATOR CABLE BOX,CREA,,,18/05/2026,,,,,SGRE 1,,Control system,MCP,,,0,GEPE,,,,,KID4A029,18/05/2026,IBR,Z486997
7000849957,,WF KILGALLIOCH,E-39,4,P*MAIN SHAFT LEAK,GREASE LEAKING FROM MAIN SHAFT SEAL REQUIRES REPAIR,CREA,,,18/05/2026,,,,,SGRE 1,,Main shaft assembly,MCP,,,0,GEPE,,,,,KID5A039,18/05/2026,IBR,Z486997
7000849958,,WF KILGALLIOCH,E-39,3,P*GBX LUBRICATION/COOLING SYSTEM LEAK,LEAK DETECTED FROM GBX LUBRICATION AND COOLING SYSTEM,CREA,,,18/05/2026,,,,,SGRE 1,,Drive train,MCP,,,0,GEPE,,,,,KID5A039,18/05/2026,IBR,Z486997
7000849981,,WF KILGALLIOCH,E-39,4,P*YAW SEAL TORN,YAW SEAL IS TORN AND REQUIRES REPAIR,CREA,,,18/05/2026,,,,,SGRE 1,,Yaw system,MCP,,,0,GEPE,,,,,KID5A039,18/05/2026,IBR,Z486997
7000849982,,WF KILGALLIOCH,E-39,3,P*HUB HYDRAULIC LEAK,HYDRAULIC OIL LEAK DETECTED IN HUB,CREA,,,18/05/2026,,,,,SGRE 1,,Blade pitch system,MCP,,,0,GEPE,,,,,KID5A039,18/05/2026,IBR,Z486997
7000849983,,WF KILGALLIOCH,E-39,2,"P*PITCH RAM A,B & C HOSE DAMAGED",HOSES FOR ALL THREE PITCH RAMS DAMAGED REQUIREING REPLACEMENT,CREA,,,18/05/2026,,,,,SGRE 1,,Blade pitch system,MCP,,,0,GEPE,,,,,KID5A039,18/05/2026,IBR,Z486997
7000849984,,WF KILGALLIOCH,E-39,3,P*EARTH PHASE ON SLIPRING WORN,SIGNS OF WEAR ON THE EARTH PHASE OF THE SLIPRING,CREA,,,18/05/2026,,,,,SGRE 1,,Control system,MCP,,,0,GEPE,,,,,KID5A039,18/05/2026,IBR,Z486997
7000849985,,WF KILGALLIOCH,E-43,2,P*PITCH BLOCK ACCUMULATOR,PITCH BLOCK ACCUMULATOR NOT HOLDING PRESSURE,CREA,,,18/05/2026,,,,,SGRE 1,,Blade pitch system,MCP,,,0,GEPE,,,,,KID5A043,18/05/2026,IBR,Z486997
7000849962,,WF KILGALLIOCH,E-43,4,P*ZR394 HEATER BODY CORRODED,ZR394 HEATER BODY CORRODED,CREA,,,18/05/2026,,,,,SGRE 1,,Nacelle,MCP,,,0,GEPE,,,,,KID5A043,18/05/2026,IBR,Z486997
7000849986,,WF KILGALLIOCH,E-43,4,P*FLOOR NEXT TO STATOR BOX HAS DROPPED,FLOOR NEXT TO STATOR BOX HAS DROPPED OFF MOUNT AND SITTING ON SUPPORT REQUIRES REPAIR,CREA,,,18/05/2026,,,,,SGRE 1,,Nacelle,MCP,,,0,GEPE,,,,,KID5A043,18/05/2026,IBR,Z486997
7000850045,,WF KILGALLIOCH,G-59,4,P*WIND VANE ALARM,WIND VANE ALARM INDICATES FAULT REQURIES INVESTIGATION,CREA,,,19/05/2026,,,,,SGRE 1,,Meteorological instruments,MCP,,,0,GEPE,,,,,KID7A059,19/05/2026,IBR,Z486997
7000850046,,WF KILGALLIOCH,G-59,2,P*BLADE A & C PITCH ACCUMULATORS SEAL,BLADES A & C ACCUMULATOR SEALS MISSING REQUIREING REPLACEMENT,CREA,,,19/05/2026,,,,,SGRE 1,,Blade pitch system,MCP,,,0,GEPE,,,,,KID7A059,19/05/2026,IBR,Z486997
7000850047,,WF KILGALLIOCH,G-65,2,P*HOIST FRAME WEAR,HOIST GANTRY FRAME WEAR,CREA,,,19/05/2026,,,,,SGRE 1,,Lifting systems,MCP,,,0,GEPE,,,,,KID7A065,19/05/2026,IBR,Z486997
7000850048,,WF KILGALLIOCH,G-65,2,P*HOIST REPLACEMENT,HOIST HAS BEEN REMOVED AND REQUIRES REPLACEMENT,CREA,,,19/05/2026,,,,,SGRE 1,,Lifting systems,MCP,,,0,GEPE,,,,,KID7A065,19/05/2026,IBR,Z486997
7000850054,,WF KILGALLIOCH,G-65,3,P*HUB HYDRAULIC LEAK,SUSPECTED HUB HYDRAULIC LEAK REQUIRES INVESTIGATION,CREA,,,19/05/2026,,,,,SGRE 1,,Blade pitch system,MCP,,,0,GEPE,,,,,KID7A065,19/05/2026,IBR,Z486997
7000850055,,WF KILGALLIOCH,I-81,3,P*HUB HYDRAULIC LEAK,SUSPECTED HUB HYDRAULIC LEAK REQUIRES INVESTIGATION,CREA,,,19/05/2026,,,,,SGRE 1,,Blade pitch system,MCP,,,0,GEPE,,,,,KID9A081,19/05/2026,IBR,Z486997
7000850025,,WF KILGALLIOCH,I-82,4,P*NACELLE GRIP TAPE,GRIP TAPE MISSING FROM STRUCTURE TO SIDE OF GBX REQUIRES REPLACEMENT,CREA,,,19/05/2026,,,,,SGRE 1,,Nacelle,MCP,,,0,GEPE,,,,,KID9A082,19/05/2026,IBR,Z486997
7000850026,,WF KILGALLIOCH,I-82,4,P*HUB CABINET AIR FILTER,HUB CABINET AIR FILTER MISSING REQUIRES REPLACEMENT,CREA,,,19/05/2026,,,,,SGRE 1,,Blade pitch system,MCP,,,0,GEPE,,,,,KID9A082,19/05/2026,IBR,Z486997
7000850070,,WF KILGALLIOCH,I-82,4,P*PAINT FLAKING OF TOWER SECTIONS PL3&4,WHITE PAINT FLAKING OF TOWER PLATFORM SECTIONS 3 & 4,CREA,,,19/05/2026,,,,,SGRE 1,,Tower and foundation,MCP,,,0,GEPE,,,,,KID9A082,19/05/2026,IBR,Z486997
7000850056,,WF KILGALLIOCH,I-84,4,P*GBX SHIMS MOVED,GBX SHIMS REPORTED TO HAVE MOVED REQUIREING INVESTIGATION,CREA,,,19/05/2026,,,,,SGRE 1,,Nacelle,MCP,,,0,GEPE,,,,,KID9A084,19/05/2026,IBR,Z486997
7000850057,,WF KILGALLIOCH,I-84,4,P*YAW SYSTEM GREASE TRAY BOLTS MISSING,BOLTS MISSING FROM THE YAW GREASE COLELCTION TRAYS,CREA,,,19/05/2026,,,,,SGRE 1,,Yaw system,MCP,,,0,GEPE,,,,,KID9A084,19/05/2026,IBR,Z486997
7000850061,,WF KILGALLIOCH,I-84,3,P*HUB HYDRAULIC LEAK,SUSPECTED HUB HYDRAULIC LEAK REQUIREING INVESTIGATION,CREA,,,19/05/2026,,,,,SGRE 1,,Blade pitch system,MCP,,,0,GEPE,,,,,KID9A084,19/05/2026,IBR,Z486997
7000850062,,WF KILGALLIOCH,I-85,3,P*HUB HYDRAULIC LEAK,SUSPECTED HYDRAULIC LEAK FROM HOSE REQUIRES INVESTIGATION,CREA,,,19/05/2026,,,,,SGRE 1,,Blade pitch system,MCP,,,0,GEPE,,,,,KID9A085,19/05/2026,IBR,Z486997
7000850027,,WF KILGALLIOCH,J-89,3,P*HUB HYDRAULIC LEAK,SUSPECTED HUB HYDRAULIC LEAK REQUIRES INVESTIGATION,CREA,,,19/05/2026,,,,,SGRE 1,,Blade pitch system,MCP,,,0,GEPE,,,,,KIDAA089,19/05/2026,IBR,Z486997
7000850028,,WF KILGALLIOCH,J-89,4,P*WEATHER INSTRUMENT FAULT,FAULT DETECTED WITH WEATHER INSTRUMENTATION REQUIRES INVESTIGATION,CREA,,,19/05/2026,,,,,SGRE 1,,Meteorological instruments,MCP,,,0,GEPE,,,,,KIDAA089,19/05/2026,IBR,Z486997
7000850058,,WF KILGALLIOCH,J-89,3,P*SUSPECTED LEAK FROM PITCH RAM,SMALL SUSPECTED LEAK FROM PITCH RAM REQUIREING INVESTIGATION,CREA,,,19/05/2026,,,,,SGRE 1,,Blade pitch system,MCP,,,0,GEPE,,,,,KIDAA089,19/05/2026,IBR,Z486997
7000850029,,WF KILGALLIOCH,J-89,2,P*BLADE C PITCH ACCUMULATOR,BLADE C PITCH ACCUMULATOR NOT HOLDING PRESSURE REQUIRES INVESTIGATION,CREA,,,19/05/2026,,,,,SGRE 1,,Blade pitch system,MCP,,,0,GEPE,,,,,KIDAA089,19/05/2026,IBR,Z486997
7000850080,,WF KILGALLIOCH,J-89,3,P*HUB CABINET AIR FILTER COVER AND OIL,AIR FILTER COVER MISSING FROM HUB CABINET AND OIL RESIDUE FOUND TO BE CLEANED,CREA,,,19/05/2026,,,,,SGRE 1,,Rotor,MCP,,,0,GEPE,,,,,KIDAA089,19/05/2026,IBR,Z486997
7000850063,,WF KILGALLIOCH,J-91,3,P*TOWER ACCESS DOOR PUSH BAR,TOWER ACCESS DOOR PUSH BAR LOOSE,CREA,,,19/05/2026,,,,,SGRE 1,,Tower and foundation,MCP,,,0,GEPE,,,,,KIDAA091,19/05/2026,IBR,Z486997
7000850064,,WF KILGALLIOCH,J-91,3,P*GBX LUBRICATING SYSTEM LEAK,GBX LUBRICATION HOSES LEAKING REQUIREING INVESTIGATION,CREA,,,19/05/2026,,,,,SGRE 1,,Nacelle,MCP,,,0,GEPE,,,,,KIDAA091,19/05/2026,IBR,Z486997
7000850065,,WF KILGALLIOCH,J-91,4,P*YAW GREASE COLLECTION TRAYS,YAW GREASE COLLECTION TRAYS BOLTS MISSING REQUIRES REPLACEMENT,CREA,,,19/05/2026,,,,,SGRE 1,,Yaw system,MCP,,,0,GEPE,,,,,KIDAA091,19/05/2026,IBR,Z486997
7000850071,,WF KILGALLIOCH,J-91,3,P*HUB HYDRAULIC LEAK,SUSPECTED HUB HYDRAULIC LEAK,CREA,,,19/05/2026,,,,,SGRE 1,,Blade pitch system,MCP,,,0,GEPE,,,,,KIDAA091,19/05/2026,IBR,Z486997
7000850081,,WF KILGALLIOCH,J-91,4,P*STATOR CABLE BOX BOLT MISSING,STATOR CABLE BOX BOLTS MISSING REAUIRES INVESTIGATION,CREA,,,19/05/2026,,,,,SGRE 1,,Nacelle,MCP,,,0,GEPE,,,,,KIDAA091,19/05/2026,IBR,Z486997
7000850073,,WF KILGALLIOCH,J-92,3,P*STATOR CABLE BOX W1 WP580M 149,STATOR CABLE W1 WP580M 149 MONITOR,CREA,,,19/05/2026,,,,,SGRE 1,,Nacelle,MCP,,,0,GEPE,,,,,KIDAA092,19/05/2026,IBR,Z486997
7000850138,,WF KILGALLIOCH,A-8,3,Elevator door lock inoperable,,APR,,,20/05/2026,20/05/2026,,19/08/2026,,SGRE 1,,,MCP,,,0,GEPE,,,,,KID1A008,20/05/2026,IBR,U333700
7000850153,,WF KILGALLIOCH,A-8,3,Wear on hoist chain.,,APR,,,20/05/2026,20/05/2026,,19/08/2026,,SGRE 1,,,MCP,,,0,GEPE,,,,,KID1A008,20/05/2026,IBR,U333700
7000850733,,WF KILGALLIOCH,C-26,3,P* YAW SYSTEM GREASE COLLECTION TRAYS,BOLTS MISSING FROM YAW SYSTEM GREASE TRAYS,CREA,,,21/05/2026,,,,,SGRE 1,,Yaw system,MCP,,,0,GEPE,,,,,KID3A026,21/05/2026,IBR,Z486997
7000850678,,WF KILGALLIOCH,C-26,2,P*BLADE C PITCH ACCUMULATOR,BLADE C PITCH ACCUMULATOR NOT HOLDING PRESSURE,CREA,,,21/05/2026,,,,,SGRE 1,,Blade pitch system,MCP,,,0,GEPE,,,,,KID3A026,21/05/2026,IBR,Z486997
7000850709,,WF KILGALLIOCH,H-73,3,P*PITCH RAMS SEALS A & C LEAK,LEAK REPORTED FROM BLADES A & C PITCH RAM SEALS,APR,,,21/05/2026,21/05/2026,,20/08/2026,,SGRE 1,,Blade pitch system,MCP,,,0,GEPE,,,,,KID8A073,21/05/2026,IBR,Z486997
7000854021,,WF KILGALLIOCH,E-39,2,Anchor below main shaft Failed Stat,,APR,,,08/06/2026,08/06/2026,,23/06/2026,,SGRE 1,,,MCP,,,0,GEPE,,,,,KID5A039,08/06/2026,IBR,U333700
7000854238,,WF KILGALLIOCH,J-87,6,P* EXTERNAL RUST AT TOWER SECTION,,APR,,,07/05/2026,10/06/2026,,,External rust detected on the tower - tower flange,SGRE 1,,Tower and foundation,MCP,,,4,GEPE,,,,,KIDAA087,10/06/2026,IBR,U331825
7000858097,,WF KILGALLIOCH,A-1,3,P*LEAK UNDER ROTATING UNION,,CREA,,,11/05/2026,,,,,SGRE 1,,Hydraulic system,MCP,,,0,GEPE,,,,,KID1A001,06/07/2026,IBR,U625170
7000858263,,WF KILGALLIOCH,A-4,3,P* WIND VANE INOP,,CREA,,,18/05/2026,,,,,SGRE 1,,,MCP,,,0,GEPE,,,,,KID1A004,06/07/2026,IBR,U625170
7000858280,,WF KILGALLIOCH,A-4,2,P*BLADE C ACCUMULATOR BURST 87.1,,CREA,,,18/05/2026,,,,,SGRE 1,,,MCP,,,0,GEPE,,,,,KID1A004,06/07/2026,IBR,U625170
7000858189,,WF KILGALLIOCH,A-6,3,P* MAIN SHAFT BEARINGS LEAKING,,CREA,,,05/06/2026,,,,,SGRE 1,,,MCP,,,0,GEPE,,,,,KID1A006,06/07/2026,IBR,U625170
7000858300,,WF KILGALLIOCH,A-6,3,P*ROTATING UNION LEAKING,,CREA,,,05/06/2026,,,,,SGRE 1,,,MCP,,,0,GEPE,,,,,KID1A006,06/07/2026,IBR,U625170
7000858282,,WF KILGALLIOCH,B-17,3,P* LEAK IN THE HUB,,CREA,,,06/07/2026,,,,,SGRE 1,,,MCP,,,0,GEPE,,,,,KID2A017,06/07/2026,IBR,U625170
7000858283,,WF KILGALLIOCH,C-20,3,P*LEAK UNDER ROTATING UNION,,CREA,,,10/06/2026,,,,,SGRE 1,,,MCP,,,0,GEPE,,,,,KID3A020,06/07/2026,IBR,U625170
7000858291,,WF KILGALLIOCH,C-20,2,P*BLADE B ACCUMULATOR BURST - 87.1B,,CREA,,,10/06/2026,,,,,SGRE 1,,,MCP,,,0,GEPE,,,,,KID3A020,06/07/2026,IBR,U625170
7000858293,,WF KILGALLIOCH,C-20,4,P* HCC FILTER COVER MISSING,,CREA,,,10/06/2026,,,,,SGRE 1,,,MCP,,,0,GEPE,,,,,KID3A020,06/07/2026,IBR,U625170
7000858295,,WF KILGALLIOCH,C-22,3,*P WIND VANE INOP,,CREA,,,02/07/2026,,,,,SGRE 1,,,MCP,,,0,GEPE,,,,,KID3A022,06/07/2026,IBR,U625170
7000858296,,WF KILGALLIOCH,C-22,2,P* BLADE B ACCUMULATOR BURST - 87.1B,,CREA,,,02/06/2026,,,,,SGRE 1,,,MCP,,,0,GEPE,,,,,KID3A022,06/07/2026,IBR,U625170
7000858267,,WF KILGALLIOCH,D-27,2,P* BLADE B ACCUMULATOR BURST - 87.1B,,CREA,,,06/07/2026,,,,,SGRE 1,,,MCP,,,0,GEPE,,,,,KID4A027,06/07/2026,IBR,U625170
7000860352,,WF KILGALLIOCH,D-30,3,P* Nacellle wall water ingress,,CREA,,,21/07/2026,,,,,SGRE 1,,,MCP,,,0,GEPE,,,,,KID4A030,21/07/2026,IBR,U625170
7000860347,,WF KILGALLIOCH,D-30,3,P* HCC fan covers missing,,CREA,,,04/06/2026,,,,,SGRE 1,,,MCP,,,0,GEPE,,,,,KID4A030,21/07/2026,IBR,U625170
7000860349,,WF KILGALLIOCH,D-35,4,P*Door seal damaged,,CREA,,,10/06/2026,,,,,SGRE 1,,,MCP,,,0,GEPE,,,,,KID4A035,21/07/2026,IBR,U625170
7000860367,,WF KILGALLIOCH,D-35,3,P* 2x Damaged tower access steps,,CREA,,,10/06/2026,,,,,SGRE 1,,,MCP,,,0,GEPE,,,,,KID4A035,21/07/2026,IBR,U625170
7000860338,,WF KILGALLIOCH,D-35,3,P* Main Shaft Bearing leaking rotor side,,CREA,,,10/06/2026,,,,,SGRE 1,,,MCP,,,0,GEPE,,,,,KID4A035,21/07/2026,IBR,U625170
7000860380,,WF KILGALLIOCH,D-35,3,P* Anemometer failure,,CREA,,,11/06/2026,,,,,SGRE 1,,,MCP,,,0,GEPE,,,,,KID4A035,21/07/2026,IBR,U625170
7000860375,,WF KILGALLIOCH,F-48,3,P* LEAK IN HUB,,CREA,,,29/05/2026,,,,,SGRE 1,,,MCP,,,0,GEPE,,,,,KID6A048,21/07/2026,IBR,U625170
7000860376,,WF KILGALLIOCH,G-57,3,P* Blade bearing leaking at seal,,CREA,,,20/05/2026,,,,,SGRE 1,,,MCP,,,0,GEPE,,,,,KID7A057,21/07/2026,IBR,U625170
7000860502,,WF KILGALLIOCH,C-24,2,PITCH RAM LEAKING BLADE B,,APR,,,22/07/2026,22/07/2026,,06/08/2026,,SGRE 1,,,MCP,,,0,GEPE,,,,,KID3A024,22/07/2026,IBR,U333700
7000860771,,WF KILGALLIOCH,B-12,4,P* Grip tape needs replaced,,CREA,,,23/07/2026,,,,,SGRE 1,,,MCP,,,0,GEPE,,,,,KID2A012,24/07/2026,IBR,U625170
7000860781,,WF KILGALLIOCH,B-12,2,"P*Accelerometer broken, needs replaced",,CREA,,,23/07/2026,,,,,SGRE 1,,,MCP,,,0,GEPE,,,,,KID2A012,24/07/2026,IBR,U625170
7000860773,,WF KILGALLIOCH,B-12,3,P* Anemometer needs replaced,,CREA,,,23/07/2026,,,,,SGRE 1,,,MCP,,,0,GEPE,,,,,KID2A012,24/07/2026,IBR,U625170
7000860767,,WF KILGALLIOCH,J-95,3,P* Leak under rotating union,,CREA,,,24/07/2026,,,,,SGRE 1,,,MCP,,,0,GEPE,,,,,KIDAA095,24/07/2026,IBR,U625170
7000860757,,WF KILGALLIOCH,J-95,2,P* Blade B accumulator burst pos 87.1,,CREA,,,22/07/2026,,,,,SGRE 1,,,MCP,,,0,GEPE,,,,,KIDAA095,24/07/2026,IBR,U625170
7000860758,,WF KILGALLIOCH,J-95,2,P* Blade B accumulator burst Pos 87.2,,CREA,,,22/07/2026,,,,,SGRE 1,,,MCP,,,0,GEPE,,,,,KIDAA095,24/07/2026,IBR,U625170
7000860783,,WF KILGALLIOCH,J-95,2,P* Blade B Accumulator burst Pos 93,,CREA,,,22/07/2026,,,,,SGRE 1,,,MCP,,,0,GEPE,,,,,KIDAA095,24/07/2026,IBR,U625170
,,,,,,,,,,,,,,,,,,,,,,,,,,,,,,
,,,,,,,,,,,,,,,,,,,,,,,,,,,,,,
,,,,,,,,,,,,,,,,,,,,,,,,,,,,,,
,,,,,,,,,,,,,,,,,,,,,,,,,,,,,,
,,,,,,,,,,,,,,,,,,,,,,,,,,,,,,
,,,,,,,,,,,,,,,,,,,,,,,,,,,,,,
,,,,,,,,,,,,,,,,,,,,,,,,,,,,,,
,,,,,,,,,,,,,,,,,,,,,,,,,,,,,,
,,,,,,,,,,,,,,,,,,,,,,,,,,,,,,
,,,,,,,,,,,,,,,,,,,,,,,,,,,,,,
,,,,,,,,,,,,,,,,,,,,,,,,,,,,,,
,,,,,,,,,,,,,,,,,,,,,,,,,,,,,,
,,,,,,,,,,,,,,,,,,,,,,,,,,,,,,
,,,,,,,,,,,,,,,,,,,,,,,,,,,,,,
,,,,,,,,,,,,,,,,,,,,,,,,,,,,,,
,,,,,,,,,,,,,,,,,,,,,,,,,,,,,,
,,,,,,,,,,,,,,,,,,,,,,,,,,,,,,
,,,,,,,,,,,,,,,,,,,,,,,,,,,,,,
,,,,,,,,,,,,,,,,,,,,,,,,,,,,,,
,,,,,,,,,,,,,,,,,,,,,,,,,,,,,,
,,,,,,,,,,,,,,,,,,,,,,,,,,,,,,
,,,,,,,,,,,,,,,,,,,,,,,,,,,,,,
,,,,,,,,,,,,,,,,,,,,,,,,,,,,,,
,,,,,,,,,,,,,,,,,,,,,,,,,,,,,,
,,,,,,,,,,,,,,,,,,,,,,,,,,,,,,
,,,,,,,,,,,,,,,,,,,,,,,,,,,,,,
,,,,,,,,,,,,,,,,,,,,,,,,,,,,,,
,,,,,,,,,,,,,,,,,,,,,,,,,,,,,,
,,,,,,,,,,,,,,,,,,,,,,,,,,,,,,
,,,,,,,,,,,,,,,,,,,,,,,,,,,,,,
,,,,,,,,,,,,,,,,,,,,,,,,,,,,,,
,,,,,,,,,,,,,,,,,,,,,,,,,,,,,,
,,,,,,,,,,,,,,,,,,,,,,,,,,,,,,
,,,,,,,,,,,,,,,,,,,,,,,,,,,,,,
,,,,,,,,,,,,,,,,,,,,,,,,,,,,,,
,,,,,,,,,,,,,,,,,,,,,,,,,,,,,,
,,,,,,,,,,,,,,,,,,,,,,,,,,,,,,
,,,,,,,,,,,,,,,,,,,,,,,,,,,,,,
,,,,,,,,,,,,,,,,,,,,,,,,,,,,,,
,,,,,,,,,,,,,,,,,,,,,,,,,,,,,,
,,,,,,,,,,,,,,,,,,,,,,,,,,,,,,
,,,,,,,,,,,,,,,,,,,,,,,,,,,,,,
,,,,,,,,,,,,,,,,,,,,,,,,,,,,,,
,,,,,,,,,,,,,,,,,,,,,,,,,,,,,,
,,,,,,,,,,,,,,,,,,,,,,,,,,,,,,
,,,,,,,,,,,,,,,,,,,,,,,,,,,,,,
,,,,,,,,,,,,,,,,,,,,,,,,,,,,,,
,,,,,,,,,,,,,,,,,,,,,,,,,,,,,,
,,,,,,,,,,,,,,,,,,,,,,,,,,,,,,
,,,,,,,,,,,,,,,,,,,,,,,,,,,,,,
,,,,,,,,,,,,,,,,,,,,,,,,,,,,,,
,,,,,,,,,,,,,,,,,,,,,,,,,,,,,,
,,,,,,,,,,,,,,,,,,,,,,,,,,,,,,
,,,,,,,,,,,,,,,,,,,,,,,,,,,,,,
,,,,,,,,,,,,,,,,,,,,,,,,,,,,,,
,,,,,,,,,,,,,,,,,,,,,,,,,,,,,,
,,,,,,,,,,,,,,,,,,,,,,,,,,,,,,
,,,,,,,,,,,,,,,,,,,,,,,,,,,,,,
,,,,,,,,,,,,,,,,,,,,,,,,,,,,,,
,,,,,,,,,,,,,,,,,,,,,,,,,,,,,,
,,,,,,,,,,,,,,,,,,,,,,,,,,,,,,
,,,,,,,,,,,,,,,,,,,,,,,,,,,,,,
,,,,,,,,,,,,,,,,,,,,,,,,,,,,,,
,,,,,,,,,,,,,,,,,,,,,,,,,,,,,,
,,,,,,,,,,,,,,,,,,,,,,,,,,,,,,
,,,,,,,,,,,,,,,,,,,,,,,,,,,,,,
,,,,,,,,,,,,,,,,,,,,,,,,,,,,,,
,,,,,,,,,,,,,,,,,,,,,,,,,,,,,,
,,,,,,,,,,,,,,,,,,,,,,,,,,,,,,
,,,,,,,,,,,,,,,,,,,,,,,,,,,,,,
,,,,,,,,,,,,,,,,,,,,,,,,,,,,,,
,,,,,,,,,,,,,,,,,,,,,,,,,,,,,,
,,,,,,,,,,,,,,,,,,,,,,,,,,,,,,
,,,,,,,,,,,,,,,,,,,,,,,,,,,,,,
,,,,,,,,,,,,,,,,,,,,,,,,,,,,,,
,,,,,,,,,,,,,,,,,,,,,,,,,,,,,,
,,,,,,,,,,,,,,,,,,,,,,,,,,,,,,
,,,,,,,,,,,,,,,,,,,,,,,,,,,,,,
,,,,,,,,,,,,,,,,,,,,,,,,,,,,,,
,,,,,,,,,,,,,,,,,,,,,,,,,,,,,,
,,,,,,,,,,,,,,,,,,,,,,,,,,,,,,
,,,,,,,,,,,,,,,,,,,,,,,,,,,,,,
,,,,,,,,,,,,,,,,,,,,,,,,,,,,,,
,,,,,,,,,,,,,,,,,,,,,,,,,,,,,,
,,,,,,,,,,,,,,,,,,,,,,,,,,,,,,
,,,,,,,,,,,,,,,,,,,,,,,,,,,,,,
