Grid trip / Resource tracker,,,,,,,,,,,,,,,,,,,,,,,,,,,,,,,,,,,,,,,,,,,,,,,,,,,,,,,,,,,,,,,,,,,,,,,,,,,,,,,,,,,,,,,,,,,,,,,,,,,,,,,,,,,,,,,,,,,,,,,,,,,,,,,,,,,,,,,,,,,,,,,,,,,,,,,,,,,,,,,,,,,,,,,,,,,,,,,,,,,,,,,,,,,,,,,,,,,,,,,,,,,,,,,,,,,,,,,,,,,,,,,,,,,,,,,,,,,,,,,,,,,,,,,,,,,,,,,,,,,,,,,,,,,,,,,,,,,,,,,,,,,,,,,,,,,,,,,,,,,,,,,,,,,,,,,,,,,,,,,,,,,,,,,,,,,,,,,,,,,,,,,,,,,,,,,,,,,,,,,,,,,,,,,,,,,,,,,,,,,,,,,,,,,,,,,,,,,,,,,,,,,,,,,,,,,,,,,,,,,,,,,,,,,,,,,,,,,,,,,,,,,,,,,,,,,,,,,,,,,,,,,,,,,,,,,,,,,,,,,,,,,,,,,,,,,,,,,,,,,,,,,,,,,,,,,,,,,,,,,,,,,,,,,,,,,,,,,,,,,,,,,,,,,,,,,,,,,,,,,,,,,,,,,,,,,,,,,,,,,,,,,,,,,,,,,,,,,,,,,,,,,,,,,,,,,,,,,,,,,,,,,,,,,,,,,,,,,,,,,,,,,,,,,,,,,,,,,,,,,,,,,,,,,,,,,,,,,,,,,,,,,,,,,,,,,,,,,,,,,,,,,,,,,,,,,,,,,,,,,,,,,,,,,,,,,,,,,,,,,,,,,,,,,,,,,,,,,,,,,,,,,,,,,,,,,,,,,,,,,,,,,,,,,,,,,,,,,,,,,,,,,,,,,,,,,,,,,,,,,,,,,,,,,,,,,,,,,,,,,
,,,,Carscreugh,,,,,,,,,,,,,,,,,,,,,Outage,Outage,,,,,,,,,,,,,,,,,,,,,,,,,,,,,,,,,,,,,,,,,,,,,,,,,,,,,,,,,,,,,,,,,,,,,,,,,,,,,,,,,,,,,,,,,,,,,,,,,,,,,,,,,,,,,,,,,,,,,,,,,,,,,,,,,,,,,,,,,,,PLANNED,,,,,,,,,,,,,,,,,,,,,,,,,,,,,,,,,,,,,,,,,,,,,,,,,,,,,,,,,,,,,,,,,,,,,,,,,,,,,,,,,,,,,,,,,,,,,,,,,,,,,,,,,,,,,,,,,,,,,,,,,,,,,,,,,,,,,,,,,,,,,,,,,,,,,,,,,,,,,,,,,,,,,,,,,,,,,,,,,,,,,,,,,,,,,,,,,,,,,,,,,,,,,,,,,,,,,,,,,,,,,,,,,,,,,,,,,,,,,,,,,,,,,,,,,,,,,,,,,,,,,,,,,,,,,,,,,,,,,,,,,,,,,,,,,,,,,,,,,,,,,,,,,,,,,,,,,,,,,,,,,,,,,,,,,,,,,,,,,,,,,,,,,,,,,,,,,,,,,,,,,,,,,,,,,,,,,,,,,,,,,,,,,,,,,,,,,,,,,,,,,,,,,,,,,,,,,,,,,,,,,,,,,,,,,,,,,,,,,,,,,,,,,,,,,,,,,,,,,,,,,,,,,,,,,,,,,,,,,,,,,,,,,,,,,,,,,,,,,,,,,,,,,,,,,,,,,,,,,,,,,,,,,,,,,,,,,,,,,,,,,,,,,,,,,,,,,,,,,,,,,,,,,,,,,,,,,,,,,,,,,,,,,,,,,,,,,,,,,,,,,,,,,,,,,,,,,,,,,,,,,,,,,,,,,,,,,,,,,,,,,,,,,,,,,,,,,,,,,,,,,,,,,,,,,,,,,,
,,,,Blackcraig,,,,,,,,,,,,,,,,,,,,,,,,,,,,,,,,,,,,,,,,,,,,,,,,,,,,,,,,,,,,,,,,,,,,,,,,,,,,,,,,,,,,,,,,,,,,,,,,,,,,,,,,,,,,,,,,,,,,,,,,,,,,,,,,,,,,,,,,,,,,,,,,,,,,,,,,,,,,,,,,,,,,,,,,,,,,,,,,,,,,,,,,,,,,,,,,,,,,,,,,,,,,,,,,,,,,,,,,,,,,,,,,,,,,,,,,,,,,,,,,,,,,,,,,,,,,,,,,,,,,,,,,,,,,,,,,,,,,,,,,,,,,,,,,,,,,,,,,,,,,,,,,,,,,,,,,,,,,,,,,,,,,,,,,,,,,,,,,,,,,,,,,,,,,,,,,,,,,,,,,,,,,,,,,,,,,,,,,,,,,,,,,,,,,,,,,,,,,,,,,,,,,,,,,,,,,,,,,,,,,,,,,,,,,,,,,,,,,,,,,,,,,,,,,,,,,,,,,,,,,,,,,,,,,,,,,,,,,,,,,,,,,,,,,,,,,,,,,,,,,,,,,,,,,,,,,,,,,,,,,,,,,,,,,,,,,,,,,,,,,,,,,,,,,,,,,,,,,,,,,,,,,,,,,,,,,,,,,,,,,,,,,,,,,,,,,,,,,,,,,,,,,,,,,,,,,,,,,,,,,,,,,,,,,,,,,,,,,,,,,,,,,,,,,,,,,,,,,,,,,,,,,,,,,,,,,,,,,,,,,,,,,,,,,,,,,,,,,,,,,,,,,,,,,,,,,,,,,,,,,,,,,,,,,,,,,,,,,,,,,,,,,,,,,,,,,,,,,,,,,,,,,,,,,,,,,,,,,,,,,,,,,,,,,,,,,,,,,,,,,,,,,,,,,,,,,,,,,,,,,,,,,,,,,,,,,,,,
,,,,Kilgallioch,,,,,,,,,,,,,,,,,,,,,,,,,,,,,,,,,,,,,,,,,,,,,,,,,,,,,,,,,,,,,,,,,,,,,,,"89,90,91",,,,,,,,,,,,,,,,,,,,,,,,,,,,,,,,,,,,,,,,,,,,,,,,,H,H,,,,,,H,,,,,58-66,58-66,,,,,,,,,,,,,ARRAY I/J,ARRAY I/J,ARRAY I/J,ARRAY I/J,ARRAY I/J,ARRAY I/J,ARRAY I/J,ARRAY I/J,ARRAY I/J,ARRAY I/J,ARRAY I/J,ARRAY I/J,,,,,,EMERGENCY,EMERGENCY,,,G61-G66,G61-G66,,,,,,,,,"Arrays A,B,C,D,I,J",,,,,,Full Site Pause ,,,,,Full Site,Full Site,Full Site,Full Site,Full Site,Full Site,Full Site,Full Site,I-J,I-J,I-J,I-J,I-J,I-J,I-J,I-J,I-J,I-J,I-J,,,,,,,,,,,,,,,,,,,,,,,,,,,,,,,,,,,,,,,,,,,,,,,,Array G,,,,,,,,,,,,,,,,,,,,,,,,,,,,,,,,,,,,,,,,I-J,,,,,,,,,,,,,,,,,,,,,,,,,,,,,,,,,,,,,,,,,,,,,,,,,,,,,,,,,,,,,,,,,,,,,,,,,,,,,,,,,,,,,,,,,,,,,,,,,,Grid Trip ,Grid Trip,Grid Trip,,,,,,,,,,,,,,,,,,,,,,,,,,,,,,,,,,,,,,,,,,,,,,,,,,,,,,,,,,,,,,,,,,,,,,,,,,,,,,,,,,,,,,,,,,,,,,,,,,,,,,,,,,,,,I-J,,,,,,,,,,,,,,,,,,,,,,,,,,,,"FULL 
SITE","FULL 
SITE","FULL 
SITE","FULL 
SITE","FULL 
SITE","FULL 
SITE","FULL 
SITE","FULL 
SITE","FULL 
SITE",Array H,Array I,Array J,,,,FULL SITE,"Partial 
Pause/ De energised 2","Partial 
Pause/ De energised 1","Partial 
Pause/ De energised 3",,,FULL SITE,FULL SITE,FULL SITE,FULL SITE,FULL SITE,,,,,,,,,,,,,,,,,,,,,,,,,,,,,,,,,,,,,,,,,,,,,,,,,,,,,,,,,,,,,,,,,,,,,,,,,FULL SITE,FULL SITE,FULL SITE,FULL SITE,FULL SITE,,,G62-G66 ,Array D,J89-J96,"Array HV 
Buffer Day","Array HV 
Buffer Day",,,,,,,,,,,,,,,,,,,,,,,,,,,,,,,,,,,,,,,,,,,,,,,,,,,,,,,,,,,,,,,,,,,,,,,,,,,,,,,,,,,,,,,,,,,,,,,,,,,,,,,,,,,,,,,,,,,,,,,,,,,,,,,,,,,,,,,,,,,,,,,,,,,,,,,,,,,,,,,,,,,,,,,,,,,,,,,,,,,,,,,,"10/5/27
Full Week
Full Site","18/6/27 
Full Week
Full Site",,,,,,,,,,
,,,,Kilgallioch SAP tracker,,,,,,,As planned,As planned,As planned,,,,,As planned,As planned,As planned,,,,As planned,As planned,As planned,As planned,,,,,As planned,As planned,SPR cancel,SPR cancel,,,,As planned,As planned,As planned,SPR cancel,,,,As planned,As planned,As planned,As planned,,,,As planned,As planned,As planned,SGRE cancel,,,,As planned,As planned,As planned,,,,,As planned,As planned,As planned,As planned,,,As planned,As planned,As planned,As planned,As planned,,,,As planned,As planned,As planned,As planned,,,As planned,SPR cancel,SPR cancel,SPR cancel,,,,SPR cancel,SPR cancel,SPR cancel,SPR cancel,SPR cancel,,,SPR cancel,SPR cancel,SPR cancel,SPR cancel,SPR cancel,,,SPR cancel,SPR cancel,SPR cancel,SPR cancel,,,,,,,,,,,,As planned,As planned,As planned,As planned,,,As planned,,SGRE cancel,,,,,,,,,,,,,,,,,,,,,,SRIC Issue,SPR Cancel,,,,,,,,,,,,,,,,,,,,,,,,,,,,,,,,,,,,,,,,,,,,,,,,,,,,,,,,,,,,,,,,,,,,,,,,,,,,,,,,,,,,,,,,,,,,,,,,,,,,,,,,,,,,,,,,,,,,,,,,,,,,,,,,,,Proposed start ,,,HV Trip F52,,,,As Planned,As Planned,As Planned ,,,,,As Planned,As Planned,SPR Cancel,,,,,C24 Trip,,,,,,,SPR Cancel,As Planned ,,,,,AsPlanned ,D36 trip,AsPlanned ,SPR Cancelled,As Planned ,,,,,,,,,,,SPR Cancel,SPR Cancel,As Planned ,As Planned ,,,As Planned ,As Planned ,As Planned ,As Planned ,,,,AsPlanned ,Cancelled ,AsPlanned,As Planned ,As Planned ,,,SPR Cancel,As planned ,SPR Cancel,SPR Cancel,SPR Cancel,,,As Planned ,,,,,,,,,,,,,,,,,,,,,,As Planned,As Planned,As Planned,,,,As Planned,As Planned,As Planned,As Planned,,,,As Planned ,Weather,grid trip,1 IR test,Cancelled,,,As Planned ,As Planned ,SPR CAN,As Planned ,,,,SPR CAN,SPR CAN,SPR CAN,,,,,,1,1,1,SPR CAN,,,,As Planned,As Planned ,,,,,As Planned ,As Planned,As Planned,As Planned,,,,SPR CAN,As planned,,FORECAST,As planned,,,,SPR cancelled,SPR cancelled,,,,,,,,,SPR CANCEL,,,,,,,,,,SPR CANCEL,SPR CANCEL,,,,,,,,,SPR CANCEL,,,,,,,,,,,,,,,,,,,,,,,,,,,,,,,,,,,,,,,,48,,,,,,,,,,,,,,,,,,,,Array A ,Array B,Array C,Array D,Array E,,,Array F,Array G,,,,,,,,,,,,,,,,,,,,,,,,,,,,,,,,,,,,,,,,,,,,,,,,,,,,,,,,,,,,,,,,,,,,,,,,,,,,,,,,,,,,,,,,,,,,,,,,,,,,,,,,,,,,,,,,,,,,,,,,,,,,,,,,,,,,,,,,,,,,,,,,,,,,,,,,,,,,,,,,,,,,,,,,,,,,,,,,,,,,,,,,,,,,,,,,,,,,,,,,,,,,,,,,,,,,,,,,,,,,,,,,,,,,,,,,,,,,,,,,,,,,,,,,,,,,,,,,,,,,,,,,,,,,,,,,,,,,,,,,,,,,,,,,,,,,,,,,
,,,,AAT,,,,,,,,,,,,,,,,,,,,,,,,,,,,,,,,,,,,,,,,,,,,,,,,,,,,,,,,,,,,,,,,,,,,,,,,,,,,,,,,,,,As Planned,As Planned,As Planned,As Planned,As Planned,,,As Planned,As Planned,As Planned,As Planned,As Planned,,,As Planned,As Planned,As Planned,As Planned,As Planned,,,As Planned,As Planned,As Planned,As Planned,As Planned,,,As Planned,As Planned,As Planned,As Planned,As Planned,,,As Planned,As Planned,As Planned,As Planned,As Planned,,,As Planned,As Planned,As Planned,As Planned,As Planned,,,As Planned,As Planned,As Planned,As Planned,As Planned,,,,,,,,,,As Planned,As Planned,As Planned,As Planned,As Planned,,,Late Start,As Planned,As Planned,As Planned,As Planned,,,As Planned,As Planned,As Planned,,,,,,,,,,,,,,,,,,,,,,,,,,,,,,,,,,,,,,,,,,,,,,,,,,,,,,,,,,,,,,,,,,,,,,,,,,,,,,,,,,,,,,,,,,,,,,,,,,,,,,,As Planned,As Planned,As Planned,As Planned,As Planned,,,,,,,,,,As Planned,As Planned,As Planned,As Planned,As Planned,,,,,,,,,,As Planned,As Planned,As Planned,As Planned,,,,,,,,,,,,,,,,,,,,,,,,,As planned ,As planned ,As planned ,As planned ,,,,,,Planned late,,,,,,As Planned ,As Planned ,,,,,,,,,,,,,,,,,,,,,,,,,,,,,,,,,,,,,,,,,,,,,,,,,,,,,,,,,,,,,,,,,,,,,,"Mike -
 Rescue drill",,,,,,,,,,,,,,,,,,,,,,,,,,,,,,,,,Pushed back ,Pushed Back,Planned Start,As Planned,As Planned,,,,,,,,,,,,,,,,,,,,,,,,,,,,,,,,,,,,,,,,,,,,,"1 partial
Had to leave  ",,,,,,,,,,2 teams,2 teams ,,,,,,,,,,Alimak,Alimak,Alimak,Alimak,Alimak,,,Alimak,Alimak,Alimak,Alimak,Alimak,,,Alimak,Alimak,Alimak,Alimak,Alimak,,,,,,,,,,Alimak,Alimak,Alimak,Alimak,Alimak,,,Alimak,Alimak,Alimak,Alimak,Alimak,,,"Alimak 
Cancel","Alimak 
Cancel","Alimak 
Cancel","Alimak 
Cancel","Alimak 
Cancel",,,,,,,,,,Alimak,Alimak,Alimak,Alimak,Alimak,,,Alimak,Alimak,Alimak,Alimak,Alimak,,,,,,,,,,,,,,,,,,I-J,,,,,,,,,,,,,,,,,,,,,,,,,,,Planned Start,,,,,,,,,,,,,,,,,,,,,,,,,,,,,,,,,,,,,,,,,,,,,,,,,,,,,,,,,,,,,,,,,,,,,,,,,,,,,,,,,,,,,,,,,,,,,,,,,,,,,,,,,,,,,,,,,,,,,,,,,,,,,,,,,,,,,,,,,,,,,,,,,,,,,,,,,,,,,,,,,,,,,,,,,,,,,,,,,,,,,,,,,,,,,,,,,,,,,,,,,,,,,,,,,,,,,
Weather day tracker,,,,,,,,,,,,,,,,,,,,,,,,,,,,,,,,,,,,,,,,,,,,,,,,,,,,,,,,,,,,,,,,,,,,,,,,,,,,,,,,,,,,,,,,,,,,,,,,,,,,,,,,,,,,,,,,,,,,,,,,,,,,,,,,,,,,,,,,,,,,,,,,,,,,,,,,,,,,,,,,,,,,,,,,,,,,,,,,,,,,,,,,,,,,,,,,,,,,,,,,,,,,,,,,,,,,,,,,,,,,,,,,,,,,,,,,,,,,,,,,,,,,,,,,,,,,,,,,,,,,,,,,,,,,,,,,,,,,,,,,,,,,,,,,,,,,,,,,,,,,,,,,,,,,,,,,,,,,,,,,,,,,,,,,,,,,,,,,,,,,,,,,,,,,,,,,,,,,,,,,,,,,,,,,,,,,,,,,,,,,,,,,,,,,,,,,,,,,,,,,,,,,,,,,,,,,,,,,,,,,,,,,,,,,,,,,,,,,,,,,,,,,,,,,,,,,,,,,,,,,,,,,,,,,,,,,,,,,,,,,,,,,,,,,,,,,,,,,,,,,,,,,,,,,,,,,,,,,,,,,,,,,,,,,,,,,,,,,,,,,,,,,,,,,,,,,,,,,,,,,,,,,,,,,,,,,,,,,,,,,,,,,,,,,,,,,,,,,,,,,,,,,,,,,,,,,,,,,,,,,,,,,,,,,,,,,,,,,,,,,,,,,,,,,,,,,,,,,,,,,,,,,,,,,,,,,,,,,,,,,,,,,,,,,,,,,,,,,,,,,,,,,,,,,,,,,,,,,,,,,,,,,,,,,,,,,,,,,,,,,,,,,,,,,,,,,,,,,,,,,,,,,,,,,,,,,,,,,,,,,,,,,,,,,,,,,,,,,,,,,,,,,,,,,,,,,,,,,,,,,,,,,,,,,,,,,,,,,,,,
,,,,Carscreugh,,,,,,,,Low winds,,,,,,,,,,,,,,,,High winds,,,,,,,,,,,,,,,,,,,,,,,,,,,,,,,,,,,,,,,,,,,,,,,,,,,,,,,,,,,,,,,,,,,,,,,,,,,,,,,,,,High winds,,,,,,,,,,,,,,,,,,,,,,,,,,,,,,,,,,,,,,,,,,,,,,,,,,,,,,,,,,,,,,,,,,,,,,,,,,,,,,,,,,,,,,,,,,,,,,,,,,,,,,,,,,,,,,,,,,,,,,,,,,,,,,,,,,,,,,,,,,,,,,,,,,,,,,,,,,,,,,,,,,,,,,,,,,,,,,,,,,,,,,,,,,,,,,,,,,,,,,,,,,,,,,,,,,,,,,,,,,,,,,,,,,,,,,,,,,,,,,,,,,,,,,,,,,,,,,,,,,,,,,,,,,,,,,,,,,,,,,,,,,,,,,,,,,,,,,,,,,,,,,,,,,,,,,,,,,,,,,,,,,,,,,,,,,,,,,,,,,,,,,,,,,,,,,,,,,,,,,,,,,,,,,,,,,,,,,,,,,,,,,,,,,,,,,,,,,,,,,,,,,,,,,,,,,,,,,,,,,,,,,,,,,,,,,,,,,,,,,,,,,,,,,,,,,,,,,,,,,,,,,,,,,,,,,,,,,,,,,,,,,,,,,,,,,,,,,,,,,,,,,,,,,,,,,,,,,,,,,,,,,,,,,,,,,,,,,,,,,,,,,,,,,,,,,,,,,,,,,,,,,,,,,,,,,,,,,,,,,,,,,,,,,,,,,,,,,,,,,,,,,,,,,,,,,,,,,,,,,,,,,,,,,,,,,,,,,,,,,,,,,,,,,,,,,,,,,,,,,,,,,,,,,,,,,,,,,,,,,,,,,,,,,,,,,,,,,,,,,,,,,,,,,,,,,,,,,,,,,,,,,,,,,,,,
,,,,Blackcraig,,,,,,,,,,,,,,,,,,,,,,,,,,,,,,,,,,,,,,,,,,,,,,,,,,,,,,,,,,,,,,,,,,,,,,,,,,,,,,,,,,,,,,,,,,,,,,,,,,,,,,,,,,,,,,,,,,,,,,,,,,,,,,,,,,,,,,,,,,,,,,,,,,,,,,,,,,,,,,,,,,,,,,,,,,,,,,,,,,,,,,,,,,,,,,,,,,,,,,,,,,,,,,,,,,,,,,,,,,,,,,,,,,,,,,,,,,,,,,,,,,,,,,,,,,,,,,,,,,,,,,,,,,,,,,,,,,,,,,,,,,,,,,,,,,,,,,,,,,,,,,,,,,,,,,,,,,,,,,,,,,,,,,,,,,,,,,,,,,,,,,,,,,,,,,,,,,,,,,,,,,,,,,,,,,,,,,,,,,,,,,,,,,,,,,,,,,,,,,,,,,,,,,,,,,,,,,,,,,,,,,,,,,,,,,,,,,,,,,,,,,,,,,,,,,,,,,,,,,,,,,,,,,,,,,,,,,,,,,,,,,,,,,,,,,,,,,,,,,,,,,,,,,,,,,,,,,,,,,,,,,,,,,,,,,,,,,,,,,,,,,,,,,,,,,,,,,,,,,,,,,,,,,,,,,,,,,,,,,,,,,,,,,,,,,,,,,,,,,,,,,,,,,,,,,,,,,,,,,,,,,,,,,,,,,,,,,,,,,,,,,,,,,,,,,,,,,,,,,,,,,,,,,,,,,,,,,,,,,,,,,,,,,,,,,,,,,,,,,,,,,,,,,,,,,,,,,,,,,,,,,,,,,,,,,,,,,,,,,,,,,,,,,,,,,,,,,,,,,,,,,,,,,,,,,,,,,,,,,,,,,,,,,,,,,,,,,,,,,,,,,,,,,,,,,,,,,,,,,,,,,,,,,,,,,,,,,,
,,,,Kilgallioch,>12m/s AM&PM,,,,,,,Low winds,Snow & Ice,,,,High winds,,,,,,,Low winds,,,,High winds,,,High winds,,,,,,,,,,,,,,,,,,High winds,,,High winds,High winds,,High winds,High winds,High winds,High winds,,,,,,,,,,High winds,High winds,,,,,,High winds,,,,,,,,,,,,,,,,,,,,,,,,,,,Low winds,Low winds,Low winds,Low winds,,,Low winds,Low winds,,,,,,,,,,,,,,,Low winds,Lightning,,,,,,,,,,,,,,,,,,,,,,,,,High winds,,,,,,,,,,,,,,,,,High winds,,,,,,,,,,,High winds,,,,,,,,,,,High winds,,,,,,Low winds,,,,,Low winds,,,,,,,,,,,,,,Low winds,,,,,,High winds,High winds,,,,,,,,,,,,,Low winds,,Low winds,,,,,High winds,High winds,,,,,,,,,,,,High winds,,High winds,High winds,High winds,,,High winds,,High winds,High winds,,,,,,Low winds,High winds,,,,,,,,,High winds,High winds,High winds,,,,,,,,,Low winds,Low winds,Low winds,,,,,High winds,,,,High winds,,,,,,,,,High winds,,,,,,,,High winds,,,,,,,,,,,,,High winds,Low winds,High winds,High winds,High winds,,,,High winds,,,,,,,High winds,High winds,High winds,,,,,,High winds,High winds,High winds,,,,,,,,,,,,,,,,,,Snow & Ice,High winds,Snow & Ice,,,High winds,,,,,,,,,High winds,,,,,,High winds,High winds,,,,,,,High winds,,High winds,High winds,,,,,,,,,,,,High winds,,High winds,,,High winds,,,High winds,,,,,,,,,,,,,High winds,High winds,,,,High winds,High winds,,,,,,,,Lightning,,,High winds,High winds,High winds,,,,,High winds,High winds,High winds,High winds,,,,,,,High winds,High winds,,High winds,,,Low winds,,,High winds,High winds,High winds,High winds,,Low winds,,,,,,,,,,,,,,,,,,,,,High winds,,,,,,,,,,,,,,,,,,,,,Lightning,,,,,,,,,,,,,,,,,Lightning,,,,,,,,,,,,,,,,,,Low winds,Low winds,,,,,,,,,,,,,,,,,,,,,High winds,,,,,,,,,,,,Low winds,,,,,,,,,,,,,,High winds,,,,,,,,,,,,,,,,,,,,,,,,,,,,,,,,,,,,,,,,,,,,,,,,,,,,,,,,,,,,,,,,,,,,,,,,,,,,,,,,,,,,,,,,,,,,,,,,,,,,,,,,,,,,,,,,,,,,,,,,,,,,,,,,,,,,,,,,,,,,,,,,,,,,,,,,,,,,,,,,,,,,,,,,,,,,,,,,,,,,,,,,,,,,,,,,,,,,,,,,,,,,,,,,,,,,,,,,,,,,,,,,,,,
GB5 MANPLAN,,,,,,,,,,,,,,,,,,,,KGH Blasting,,,,,,,,,,,,,,,,,,,,,,,,,,KGH Blasting,,,,,,,,,,,,,,,,,,,,,KGH Blasting,,,,,,,,,,,,,,,,,,,,,,,,,,,,,,Blasting,,,,,,,Blasting,,,,,,Blasting,Concrete Pour,,,,,,,Concrete Pour,,,,,,Paulina Hobbs/ Blast,Concrete Pour,,,,,,,Concrete Pour,,,,,,Blasting ,Concrete Pour,,,,,,,,,,,,,Blasting ,Concrete Pour,,,,,,,Concrete Pour,,,,,,Blasting ,Concrete Pour,,,,,,Blasting,Concrete Pour,,,,,,Blasting,Concrete Pour,,,,,,Blasting,Concrete Pour,,,,,Blasting ,,Blasting ,,,,,,,,,,,,,,,,,,,,,,,,,,,,,,,,,,,,,,,,,,,,,,,,,,,,,,,,,,,,,,,,,,,,,,,,,,,,,,,,,,,,,,,,,,,,,,,,,,,,,,,,,,,,,,,,,,,,,,,,,,,,,,,,,,,Daz Taylor,,,,,,,,,,,,,,,,,,,,,,Mike Knox,,,,,,,,Town Hall,,,,,,,,,,,,,,,,,,,,,,,,,,,,MIke Knox,MIke Knox,,,,SPR HSE,"Blasting 
G58-G60","Mike knox noise 
risk assesment",,,,,,,,,,,,,,,,,,Yr1 apprentices,,,,,,,,,,,,,,,,,,,,,,,,,,,,,,,,"Gearserv 
GBX Insp",,,,,,,,,,,,Mike,Mike,,,,"Gearserv 
GBX Insp",,,"E39 
Gearserv",,,,,,,,,,,,,,,,,,,"OC Rescue 
drill",,,,,,,Rely on Drill,Heidi Visit ," Rescue 
drill",,,,AAT PPE/LE,,,,,,,Grid trip 16:00,Grid trip,,,,,,Yr1 apprentices,,,,,,,,,,,,,,,,,,,,,,,,"ART/EFA
RelyOn",,,,,,,,,,,,,,,,,,,,,,,,,,,,SPR DRILL,,,,,,,,,,,"ART/EFA
RelyOn",,,,,,,,,,,,,,,,,,,,,,,,,,,,,"TB 
Testing ",,"TB 
Testing ",,,,,,,,,,,,,,,,,,,,MIKE,MIKE,,,,,,,,,,,,,,,,,,,,,,,,,,,,,,,,,,,,,,,,,,,,,,,,,,,,,,,,,,,,,,,,,,,,,,,,,,,,,,,,,,,,,,,,,,,,,,,,,,,,,,,,,,,,,26th Alt Holiday ,,,,,,,,,,,,,,,,,,,,,,,,,,,,,,,,,,,,,,,,,,,,,,,,,,,,,,,,,,,,,,,,,,,,,,,,,,,,,,,,,,,,,,,,,,,,,,,,,,2023,2023,2024,Occurences,2024,2025,2025,2025,25/26,Static figures as of 18/03/25,25/27
Authorisation,,,,Name,01/01/2025,02/01/2025,03/01/2025,04/01/2025,05/01/2025,06/01/2025,07/01/2025,08/01/2025,09/01/2025,10/01/2025,11/01/2025,12/01/2025,13/01/2025,14/01/2025,15/01/2025,16/01/2025,17/01/2025,18/01/2025,19/01/2025,20/01/2025,21/01/2025,22/01/2025,23/01/2025,24/01/2025,25/01/2025,26/01/2025,27/01/2025,28/01/2025,29/01/2025,30/01/2025,31/01/2025,01/02/2025,02/02/2025,03/02/2025,04/02/2025,05/02/2025,06/02/2025,07/02/2025,08/02/2025,09/02/2025,10/02/2025,11/02/2025,12/02/2025,13/02/2025,14/02/2025,15/02/2025,16/02/2025,17/02/2025,18/02/2025,19/02/2025,20/02/2025,21/02/2025,22/02/2025,23/02/2025,24/02/2025,25/02/2025,26/02/2025,27/02/2025,28/02/2025,01/03/2025,02/03/2025,03/03/2025,04/03/2025,05/03/2025,06/03/2025,07/03/2025,08/03/2025,09/03/2025,10/03/2025,11/03/2025,12/03/2025,13/03/2025,14/03/2025,15/03/2025,16/03/2025,17/03/2025,18/03/2025,19/03/2025,20/03/2025,21/03/2025,22/03/2025,23/03/2025,24/03/2025,25/03/2025,26/03/2025,27/03/2025,28/03/2025,29/03/2025,30/03/2025,31/03/2025,01/04/2025,02/04/2025,03/04/2025,04/04/2025,05/04/2025,06/04/2025,07/04/2025,08/04/2025,09/04/2025,10/04/2025,11/04/2025,12/04/2025,13/04/2025,14/04/2025,15/04/2025,16/04/2025,17/04/2025,18/04/2025,19/04/2025,20/04/2025,21/04/2025,22/04/2025,23/04/2025,24/04/2025,25/04/2025,26/04/2025,27/04/2025,28/04/2025,29/04/2025,30/04/2025,01/05/2025,02/05/2025,03/05/2025,04/05/2025,05/05/2025,06/05/2025,07/05/2025,08/05/2025,09/05/2025,10/05/2025,11/05/2025,12/05/2025,13/05/2025,14/05/2025,15/05/2025,16/05/2025,17/05/2025,18/05/2025,19/05/2025,20/05/2025,21/05/2025,22/05/2025,23/05/2025,24/05/2025,25/05/2025,26/05/2025,27/05/2025,28/05/2025,29/05/2025,30/05/2025,31/05/2025,01/06/2025,02/06/2025,03/06/2025,04/06/2025,05/06/2025,06/06/2025,07/06/2025,08/06/2025,09/06/2025,10/06/2025,11/06/2025,12/06/2025,13/06/2025,14/06/2025,15/06/2025,16/06/2025,17/06/2025,18/06/2025,19/06/2025,20/06/2025,21/06/2025,22/06/2025,23/06/2025,24/06/2025,25/06/2025,26/06/2025,27/06/2025,28/06/2025,29/06/2025,30/06/2025,01/07/2025,02/07/2025,03/07/2025,04/07/2025,05/07/2025,06/07/2025,07/07/2025,08/07/2025,09/07/2025,10/07/2025,11/07/2025,12/07/2025,13/07/2025,14/07/2025,15/07/2025,16/07/2025,17/07/2025,18/07/2025,19/07/2025,20/07/2025,21/07/2025,22/07/2025,23/07/2025,24/07/2025,25/07/2025,26/07/2025,27/07/2025,28/07/2025,29/07/2025,30/07/2025,31/07/2025,01/08/2025,02/08/2025,03/08/2025,04/08/2025,05/08/2025,06/08/2025,07/08/2025,08/08/2025,09/08/2025,10/08/2025,11/08/2025,12/08/2025,13/08/2025,14/08/2025,15/08/2025,16/08/2025,17/08/2025,18/08/2025,19/08/2025,20/08/2025,21/08/2025,22/08/2025,23/08/2025,24/08/2025,25/08/2025,26/08/2025,27/08/2025,28/08/2025,29/08/2025,30/08/2025,31/08/2025,01/09/2025,02/09/2025,03/09/2025,04/09/2025,05/09/2025,06/09/2025,07/09/2025,08/09/2025,09/09/2025,10/09/2025,11/09/2025,12/09/2025,13/09/2025,14/09/2025,15/09/2025,16/09/2025,17/09/2025,18/09/2025,19/09/2025,20/09/2025,21/09/2025,22/09/2025,23/09/2025,24/09/2025,25/09/2025,26/09/2025,27/09/2025,28/09/2025,29/09/2025,30/09/2025,01/10/2025,02/10/2025,03/10/2025,04/10/2025,05/10/2025,06/10/2025,07/10/2025,08/10/2025,09/10/2025,10/10/2025,11/10/2025,12/10/2025,13/10/2025,14/10/2025,15/10/2025,16/10/2025,17/10/2025,18/10/2025,19/10/2025,20/10/2025,21/10/2025,22/10/2025,23/10/2025,24/10/2025,25/10/2025,26/10/2025,27/10/2025,28/10/2025,29/10/2025,30/10/2025,31/10/2025,01/11/2025,02/11/2025,03/11/2025,04/11/2025,05/11/2025,06/11/2025,07/11/2025,08/11/2025,09/11/2025,10/11/2025,11/11/2025,12/11/2025,13/11/2025,14/11/2025,15/11/2025,16/11/2025,17/11/2025,18/11/2025,19/11/2025,20/11/2025,21/11/2025,22/11/2025,23/11/2025,24/11/2025,25/11/2025,26/11/2025,27/11/2025,28/11/2025,29/11/2025,30/11/2025,01/12/2025,02/12/2025,03/12/2025,04/12/2025,05/12/2025,06/12/2025,07/12/2025,08/12/2025,09/12/2025,10/12/2025,11/12/2025,12/12/2025,13/12/2025,14/12/2025,15/12/2025,16/12/2025,17/12/2025,18/12/2025,19/12/2025,20/12/2025,21/12/2025,22/12/2025,23/12/2025,24/12/2025,25/12/2025,26/12/2025,27/12/2025,28/12/2025,29/12/2025,30/12/2025,31/12/2025,01/01/2026,02/01/2026,03/01/2026,04/01/2026,05/01/2026,06/01/2026,07/01/2026,08/01/2026,09/01/2026,10/01/2026,11/01/2026,12/01/2026,13/01/2026,14/01/2026,15/01/2026,16/01/2026,17/01/2026,18/01/2026,19/01/2026,20/01/2026,21/01/2026,22/01/2026,23/01/2026,24/01/2026,25/01/2026,26/01/2026,27/01/2026,28/01/2026,29/01/2026,30/01/2026,31/01/2026,01/02/2026,02/02/2026,03/02/2026,04/02/2026,05/02/2026,06/02/2026,07/02/2026,08/02/2026,09/02/2026,10/02/2026,11/02/2026,12/02/2026,13/02/2026,14/02/2026,15/02/2026,16/02/2026,17/02/2026,18/02/2026,19/02/2026,20/02/2026,21/02/2026,22/02/2026,23/02/2026,24/02/2026,25/02/2026,26/02/2026,27/02/2026,28/02/2026,01/03/2026,02/03/2026,03/03/2026,04/03/2026,05/03/2026,06/03/2026,07/03/2026,08/03/2026,09/03/2026,10/03/2026,11/03/2026,12/03/2026,13/03/2026,14/03/2026,15/03/2026,16/03/2026,17/03/2026,18/03/2026,19/03/2026,20/03/2026,21/03/2026,22/03/2026,23/03/2026,24/03/2026,25/03/2026,26/03/2026,27/03/2026,28/03/2026,29/03/2026,30/03/2026,31/03/2026,01/04/2026,02/04/2026,03/04/2026,04/04/2026,05/04/2026,06/04/2026,07/04/2026,08/04/2026,09/04/2026,10/04/2026,11/04/2026,12/04/2026,13/04/2026,14/04/2026,15/04/2026,16/04/2026,17/04/2026,18/04/2026,19/04/2026,20/04/2026,21/04/2026,22/04/2026,23/04/2026,24/04/2026,25/04/2026,26/04/2026,27/04/2026,28/04/2026,29/04/2026,30/04/2026,01/05/2026,02/05/2026,03/05/2026,04/05/2026,05/05/2026,06/05/2026,07/05/2026,08/05/2026,09/05/2026,10/05/2026,11/05/2026,12/05/2026,13/05/2026,14/05/2026,15/05/2026,16/05/2026,17/05/2026,18/05/2026,19/05/2026,20/05/2026,21/05/2026,22/05/2026,23/05/2026,24/05/2026,25/05/2026,26/05/2026,27/05/2026,28/05/2026,29/05/2026,30/05/2026,31/05/2026,01/06/2026,02/06/2026,03/06/2026,04/06/2026,05/06/2026,06/06/2026,07/06/2026,08/06/2026,09/06/2026,10/06/2026,11/06/2026,12/06/2026,13/06/2026,14/06/2026,15/06/2026,16/06/2026,17/06/2026,18/06/2026,19/06/2026,20/06/2026,21/06/2026,22/06/2026,23/06/2026,24/06/2026,25/06/2026,26/06/2026,27/06/2026,28/06/2026,29/06/2026,30/06/2026,01/07/2026,02/07/2026,03/07/2026,04/07/2026,05/07/2026,06/07/2026,07/07/2026,08/07/2026,09/07/2026,10/07/2026,11/07/2026,12/07/2026,13/07/2026,14/07/2026,15/07/2026,16/07/2026,17/07/2026,18/07/2026,19/07/2026,20/07/2026,21/07/2026,22/07/2026,23/07/2026,24/07/2026,25/07/2026,26/07/2026,27/07/2026,28/07/2026,29/07/2026,30/07/2026,31/07/2026,01/08/2026,02/08/2026,03/08/2026,04/08/2026,05/08/2026,06/08/2026,07/08/2026,08/08/2026,09/08/2026,10/08/2026,11/08/2026,12/08/2026,13/08/2026,14/08/2026,15/08/2026,16/08/2026,17/08/2026,18/08/2026,19/08/2026,20/08/2026,21/08/2026,22/08/2026,23/08/2026,24/08/2026,25/08/2026,26/08/2026,27/08/2026,28/08/2026,29/08/2026,30/08/2026,31/08/2026,01/09/2026,02/09/2026,03/09/2026,04/09/2026,05/09/2026,06/09/2026,07/09/2026,08/09/2026,09/09/2026,10/09/2026,11/09/2026,12/09/2026,13/09/2026,14/09/2026,15/09/2026,16/09/2026,17/09/2026,18/09/2026,19/09/2026,20/09/2026,21/09/2026,22/09/2026,23/09/2026,24/09/2026,25/09/2026,26/09/2026,27/09/2026,28/09/2026,29/09/2026,30/09/2026,01/10/2026,02/10/2026,03/10/2026,04/10/2026,05/10/2026,06/10/2026,07/10/2026,08/10/2026,09/10/2026,10/10/2026,11/10/2026,12/10/2026,13/10/2026,14/10/2026,15/10/2026,16/10/2026,17/10/2026,18/10/2026,19/10/2026,20/10/2026,21/10/2026,22/10/2026,23/10/2026,24/10/2026,25/10/2026,26/10/2026,27/10/2026,28/10/2026,29/10/2026,30/10/2026,31/10/2026,01/11/2026,02/11/2026,03/11/2026,04/11/2026,05/11/2026,06/11/2026,07/11/2026,08/11/2026,09/11/2026,10/11/2026,11/11/2026,12/11/2026,13/11/2026,14/11/2026,15/11/2026,16/11/2026,17/11/2026,18/11/2026,19/11/2026,20/11/2026,21/11/2026,22/11/2026,23/11/2026,24/11/2026,25/11/2026,26/11/2026,27/11/2026,28/11/2026,29/11/2026,30/11/2026,01/12/2026,02/12/2026,03/12/2026,04/12/2026,05/12/2026,06/12/2026,07/12/2026,08/12/2026,09/12/2026,10/12/2026,11/12/2026,12/12/2026,13/12/2026,14/12/2026,15/12/2026,16/12/2026,17/12/2026,18/12/2026,19/12/2026,20/12/2026,21/12/2026,22/12/2026,23/12/2026,24/12/2026,25/12/2026,26/12/2026,27/12/2026,28/12/2026,29/12/2026,30/12/2026,31/12/2026,01/01/2027,02/01/2027,03/01/2027,04/01/2027,05/01/2027,06/01/2027,07/01/2027,08/01/2027,09/01/2027,10/01/2027,11/01/2027,12/01/2027,13/01/2027,14/01/2027,15/01/2027,16/01/2027,17/01/2027,18/01/2027,19/01/2027,20/01/2027,21/01/2027,22/01/2027,23/01/2027,24/01/2027,25/01/2027,26/01/2027,27/01/2027,28/01/2027,29/01/2027,30/01/2027,31/01/2027,01/02/2027,02/02/2027,03/02/2027,04/02/2027,05/02/2027,06/02/2027,07/02/2027,08/02/2027,09/02/2027,10/02/2027,11/02/2027,12/02/2027,13/02/2027,14/02/2027,15/02/2027,16/02/2027,17/02/2027,18/02/2027,19/02/2027,20/02/2027,21/02/2027,22/02/2027,23/02/2027,24/02/2027,25/02/2027,26/02/2027,27/02/2027,28/02/2027,01/03/2027,02/03/2027,03/03/2027,04/03/2027,05/03/2027,06/03/2027,07/03/2027,08/03/2027,09/03/2027,10/03/2027,11/03/2027,12/03/2027,13/03/2027,14/03/2027,15/03/2027,16/03/2027,17/03/2027,18/03/2027,19/03/2027,20/03/2027,21/03/2027,22/03/2027,23/03/2027,24/03/2027,25/03/2027,26/03/2027,27/03/2027,28/03/2027,29/03/2027,30/03/2027,31/03/2027,01/04/2027,02/04/2027,03/04/2027,04/04/2027,Sickness,Holiday,Sickness,,Holidays,Sickness,Sick events,Holiday,Sickness,,Sickness
CT,MT,TS,,,WED,THU,FRI,SAT,SUN,MON,TUE,WED,THU,FRI,SAT,SUN,MON,TUE,WED,THU,FRI,SAT,SUN,MON,TUE,WED,THU,FRI,SAT,SUN,MON,TUE,WED,THU,FRI,SAT,SUN,MON,TUE,WED,THU,FRI,SAT,SUN,MON,TUE,WED,THU,FRI,SAT,SUN,MON,TUE,WED,THU,FRI,SAT,SUN,MON,TUE,WED,THU,FRI,SAT,SUN,MON,TUE,WED,THU,FRI,SAT,SUN,MON,TUE,WED,THU,FRI,SAT,SUN,MON,TUE,WED,THU,FRI,SAT,SUN,MON,TUE,WED,THU,FRI,SAT,SUN,MON,TUE,WED,THU,FRI,SAT,SUN,MON,TUE,WED,THU,FRI,SAT,SUN,MON,TUE,WED,THU,FRI,SAT,SUN,MON,TUE,WED,THU,FRI,SAT,SUN,MON,TUE,WED,THU,FRI,SAT,SUN,MON,TUE,WED,THU,FRI,SAT,SUN,MON,TUE,WED,THU,FRI,SAT,SUN,MON,TUE,WED,THU,FRI,SAT,SUN,MON,TUE,WED,THU,FRI,SAT,SUN,MON,TUE,WED,THU,FRI,SAT,SUN,MON,TUE,WED,THU,FRI,SAT,SUN,MON,TUE,WED,THU,FRI,SAT,SUN,MON,TUE,WED,THU,FRI,SAT,SUN,MON,TUE,WED,THU,FRI,SAT,SUN,MON,TUE,WED,THU,FRI,SAT,SUN,MON,TUE,WED,THU,FRI,SAT,SUN,MON,TUE,WED,THU,FRI,SAT,SUN,MON,TUE,WED,THU,FRI,SAT,SUN,MON,TUE,WED,THU,FRI,SAT,SUN,MON,TUE,WED,THU,FRI,SAT,SUN,MON,TUE,WED,THU,FRI,SAT,SUN,MON,TUE,WED,THU,FRI,SAT,SUN,MON,TUE,WED,THU,FRI,SAT,SUN,MON,TUE,WED,THU,FRI,SAT,SUN,MON,TUE,WED,THU,FRI,SAT,SUN,MON,TUE,WED,THU,FRI,SAT,SUN,MON,TUE,WED,THU,FRI,SAT,SUN,MON,TUE,WED,THU,FRI,SAT,SUN,MON,TUE,WED,THU,FRI,SAT,SUN,MON,TUE,WED,THU,FRI,SAT,SUN,MON,TUE,WED,THU,FRI,SAT,SUN,MON,TUE,WED,THU,FRI,SAT,SUN,MON,TUE,WED,THU,FRI,SAT,SUN,MON,TUE,WED,THU,FRI,SAT,SUN,MON,TUE,WED,THU,FRI,SAT,SUN,MON,TUE,WED,THU,FRI,SAT,SUN,MON,TUE,WED,THU,FRI,SAT,SUN,MON,TUE,WED,THU,FRI,SAT,SUN,MON,TUE,WED,THU,FRI,SAT,SUN,MON,TUE,WED,THU,FRI,SAT,SUN,MON,TUE,WED,THU,FRI,SAT,SUN,MON,TUE,WED,THU,FRI,SAT,SUN,MON,TUE,WED,THU,FRI,SAT,SUN,MON,TUE,WED,THU,FRI,SAT,SUN,MON,TUE,WED,THU,FRI,SAT,SUN,MON,TUE,WED,THU,FRI,SAT,SUN,MON,TUE,WED,THU,FRI,SAT,SUN,MON,TUE,WED,THU,FRI,SAT,SUN,MON,TUE,WED,THU,FRI,SAT,SUN,MON,TUE,WED,THU,FRI,SAT,SUN,MON,TUE,WED,THU,FRI,SAT,SUN,MON,TUE,WED,THU,FRI,SAT,SUN,MON,TUE,WED,THU,FRI,SAT,SUN,MON,TUE,WED,THU,FRI,SAT,SUN,MON,TUE,WED,THU,FRI,SAT,SUN,MON,TUE,WED,THU,FRI,SAT,SUN,MON,TUE,WED,THU,FRI,SAT,SUN,MON,TUE,WED,THU,FRI,SAT,SUN,MON,TUE,WED,THU,FRI,SAT,SUN,MON,TUE,WED,THU,FRI,SAT,SUN,MON,TUE,WED,THU,FRI,SAT,SUN,MON,TUE,WED,THU,FRI,SAT,SUN,MON,TUE,WED,THU,FRI,SAT,SUN,MON,TUE,WED,THU,FRI,SAT,SUN,MON,TUE,WED,THU,FRI,SAT,SUN,MON,TUE,WED,THU,FRI,SAT,SUN,MON,TUE,WED,THU,FRI,SAT,SUN,MON,TUE,WED,THU,FRI,SAT,SUN,MON,TUE,WED,THU,FRI,SAT,SUN,MON,TUE,WED,THU,FRI,SAT,SUN,MON,TUE,WED,THU,FRI,SAT,SUN,MON,TUE,WED,THU,FRI,SAT,SUN,MON,TUE,WED,THU,FRI,SAT,SUN,MON,TUE,WED,THU,FRI,SAT,SUN,MON,TUE,WED,THU,FRI,SAT,SUN,MON,TUE,WED,THU,FRI,SAT,SUN,MON,TUE,WED,THU,FRI,SAT,SUN,MON,TUE,WED,THU,FRI,SAT,SUN,MON,TUE,WED,THU,FRI,SAT,SUN,MON,TUE,WED,THU,FRI,SAT,SUN,MON,TUE,WED,THU,FRI,SAT,SUN,MON,TUE,WED,THU,FRI,SAT,SUN,MON,TUE,WED,THU,FRI,SAT,SUN,MON,TUE,WED,THU,FRI,SAT,SUN,MON,TUE,WED,THU,FRI,SAT,SUN,MON,TUE,WED,THU,FRI,SAT,SUN,MON,TUE,WED,THU,FRI,SAT,SUN,MON,TUE,WED,THU,FRI,SAT,SUN,MON,TUE,WED,THU,FRI,SAT,SUN,MON,TUE,WED,THU,FRI,SAT,SUN,MON,TUE,WED,THU,FRI,SAT,SUN,MON,TUE,WED,THU,FRI,SAT,SUN,MON,TUE,WED,THU,FRI,SAT,SUN,MON,TUE,WED,THU,FRI,SAT,SUN,MON,TUE,WED,THU,FRI,SAT,SUN,MON,TUE,WED,THU,FRI,SAT,SUN,MON,TUE,WED,THU,FRI,SAT,SUN,MON,TUE,WED,THU,FRI,SAT,SUN,MON,TUE,WED,THU,FRI,SAT,SUN,MON,TUE,WED,THU,FRI,SAT,SUN,MON,TUE,WED,THU,FRI,SAT,SUN,MON,TUE,WED,THU,FRI,SAT,SUN,MON,TUE,WED,THU,FRI,SAT,SUN,MON,TUE,WED,THU,FRI,SAT,SUN,MON,TUE,WED,THU,FRI,SAT,SUN,,,,,,,,,Days,,Periods
Y,G114,G114,ST,Scott Clydesdale,HOL,HOL,HOL,,,KILG,KILG,KILG,KILG,KILG,,,KILG,KILG,KILG,KILG,KILG,,,KILG,KILG,KILG,KILG,SD,,,KILG,KILG,KILG,KILG,KILG,,,KILG,KILG,KILG,KILG,KILG,,,KILG,KILG,KILG,KILG,KILG,,,KILG,KILG,KILG,KILG,KILG,,,KILG,KILG,KILG,KILG,KILG,,,KILG,TRG,KILG,KILG,KILG,,,KILG,KILG,KILG,KILG,KILG,,,KILG,TRG,KILG,KILG,KILG,,,KILG,KILG,KILG,KILG,KILG,,,KILG,KILG,KILG,KILG,KILG,,,KILG,KILG,HOL in WD,HOL in WD,HOL in WD,,,SICK,SICK,KILG,KILG,HOL in WD,,,KILG,KILG,KILG,KILG,KILG,,,KILG,KILG,KILG,KILG,KILG,,,KILG,KILG,KILG,KILG,KILG,,,KILG,KILG,KILG,KILG,KILG,,,KILG,KILG,KILG,KILG,KILG,,,HOL in WD,HOL in WD,HOL in WD,HOL in WD,HOL in WD,,,KILG,KILG,KILG,KILG,KILG,,,KILG,KILG,KILG,KILG,KILG,,,KILG,KILG,KILG,KILG,KILG,,,KILG,KILG,KILG,KILG,KILG,,,HOL in WD,HOL in WD,HOL in WD,HOL in WD,HOL in WD,,,HOL in WD,HOL in WD,HOL in WD,HOL in WD,HOL in WD,,,HOL in WD,HOL in WD,HOL in WD,HOL in WD,HOL in WD,,,KILG,KILG,KILG,KILG,KILG,,,KILG,KILG,KILG,HOL in WD,KILG,,,KILG,KILG,KILG,SICK,HOL in WD,,,KILG,KILG,KILG,KILG,KILG,,,HOL in WD,HOL in WD,HOL in WD,HOL in WD,HOL in WD,,,KILG,KILG,KILG,KILG,KILG,,,KILG,KILG,KILG,KILG,KILG,,,KILG,KILG,KILG,KILG,KILG,,,KILG,KILG,KILG,KILG,,,,HOL in WD,HOL in WD,HOL in WD,HOL in WD,HOL in WD,,,KILG,KILG,KILG,KILG,KILG,,,KILG,KILG,KILG,KILG,KILG,,,KILG,KILG,KILG,KILG,KILG,,,KILG,KILG,KILG,KILG,KILG,,,KILG,KILG,KILG,KILG,KILG,,,KILG,KILG,KILG,KILG,KILG,,,KILG,KILG,KILG,KILG,KILG,,,KILG,KILG,KILG,KILG,KILG,,,KILG,KILG,KILG,KILG,KILG,,,KILG,MED,KILG,KILG,KILG,,,KILG,KILG,KILG,KILG,KILG,,,KILG,KILG,KILG,KILG,HOL in WD,,,KILG,KILG,KILG,HOL in WD,HOL in WD,,,KILG,KILG,KILG,HOL in WD,HOL in WD,,,KILG,KILG,KILG,SICK,SICK,,,KILG,KILG,KILG,KILG,KILG,,,KILG,KILG,KILG,KILG,KILG,,,KILG,KILG,KILG,KILG,KILG,,,KILG,KILG,KILG,KILG,KILG,,,KILG,KILG,KILG,KILG,KILG,,,KILG,KILG,KILG,KILG,KILG,,,KILG,KILG,KILG,KILG,KILG,,,HOL in WD,KILG,KILG,KILG,KILG,,,KILG,KILG,KILG,KILG,KILG,,,KILG,KILG,KILG,KILG,KILG,,,KILG,KILG,KILG,KILG,KILG,,,KILG,KILG,KILG,KILG,HOL in WD,,,KILG,KILG,KILG,KILG,KILG,,,KILG,KILG,KILG,KILG,HOL in WD,,,KILG,KILG,KILG,KILG,KILG,,,HOL in WD,KILG,KILG,KILG,KILG,,,KILG,KILG,KILG,KILG,KILG,,,KILG,KILG,KILG,KILG,KILG,,,KILG,KILG,KILG,KILG,HOL in WD,,,HOL in WD,HOL in WD,HOL in WD,HOL in WD,HOL in WD,,,KILG,KILG,KILG,KILG,KILG,,,SICK,KILG,KILG,KILG,KILG,,,KILG,KILG,KILG,KILG,KILG,,,KILG,KILG,KILG,KILG,KILG,,,KILG,HOL in WD,KILG,KILG,KILG,,,KILG,KILG,HOL in WD,HOL in WD,HOL in WD,,,HOL in WD,HOL in WD,HOL in WD,HOL in WD,HOL in WD,,,TRG,KILG,KILG,KILG,KILG,,,KILG,KILG,KILG,KILG,KILG,,,KILG,KILG,KILG,KILG,KILG,,,KILG,KILG,KILG,KILG,KILG,,,HOL in WD,HOL in WD,HOL in WD,HOL in WD,HOL in WD,,,HOL in WD,HOL in WD,HOL in WD,HOL in WD,HOL in WD,,,KILG,,,,,,,,,,,,,,,,,,,,,,,,,,,,,,,,,,,,,,,,,,,,,,,,,,,,,,,,,,HOL in WD,HOL in WD,HOL in WD,,,,,,,,,,,,,,,,,,,,,,,,,,,,,,,,,,,,,,,,,,,,,,,,,,,,,,,,HOL in WD,,,HOL in WD,,,,HOL in WD,,,HOL in WD,,,,,,,,,,,,,,,,,,,,,,,,,,,,,,,,,,,,,,,,,,,,,,,,,,,,,,,,,,,,,,,,,,,,,,,,,,,,,,,,,,,,,,,,,,,#REF!,#REF!,#REF!,4,#REF!,3,,2,5,5,3
Y,G114,N,ST,Stuart Cant,HOL,HOL,KILG,,,KILG,KILG,CARS,KILG,KILG,,,KILG,KILG,KILG,KILG,KILG,,,KILG,KILG,KILG,KILG,SD,,,KILG,KILG,KILG,KILG,KILG,,,KILG,KILG,KILG,KILG,KILG,,,KILG,KILG,KILG,KILG,CARS,,,KILG,KILG,KILG,KILG,HOL in WD,,,HOL in WD,TRG,KILG,CARS,CARS,,,CARS,KILG,HOL in WD,HOL in WD,HOL in WD,,,KILG,KILG,KILG,KILG,KILG,,,CARS,KILG,CARS,KILG,KILG,,,KILG,KILG,KILG,KILG,KILG,,,KILG,KILG,KILG,KILG,KILG,,,KILG,KILG,KILG,KILG,KILG,,,KILG,KILG,KILG,KILG,HOL in WD,,,HOL in WD,HOL in WD,HOL in WD,HOL in WD,PAT,,,KILG,KILG,KILG,KILG,KILG,,,KILG,KILG,KILG,KILG,KILG,,,KILG,KILG,KILG,KILG,TRG,,,KILG,KILG,KILG,KILG,HOL in WD,,,KILG,KILG,KILG,KILG,KILG,,,KILG,TRG,KILG,KILG,KILG,,,KILG,KILG,KILG,KILG,KILG,,,PAT,PAT,PAT,PAT,PAT,,,PAT,PAT,PAT,PAT,PAT,,,PAT,KILG,KILG,KILG,KILG,,,KILG,KILG,KILG,KILG,KILG,,,KILG,KILG,KILG,KILG,KILG,,,HOL in WD,HOL in WD,HOL in WD,HOL in WD,HOL in WD,,,KILG,KILG,TRG,KILG,KILG,,,KILG,KILG,KILG,KILG,HOL in WD,,,HOL in WD,HOL in WD,HOL in WD,HOL in WD,HOL in WD,,,KILG,KILG,KILG,KILG,KILG,,,KILG,KILG,KILG,KILG,KILG,,,KILG,KILG,KILG,HOL in WD,HOL in WD,,,HOL in WD,KILG,KILG,KILG,KILG,,,KILG,KILG,KILG,KILG,HOL in WD,,,KILG,KILG,KILG,KILG,KILG,,,KILG,KILG,KILG,KILG,KILG,,,KILG,KILG,KILG,KILG,KILG,,,KILG,KILG,KILG,KILG,KILG,,,KILG,KILG,KILG,KILG,HOL in WD,,,KILG,KILG,KILG,KILG,HOL in WD,,,KILG,KILG,KILG,HOL in WD,HOL in WD,,,KILG,KILG,KILG,KILG,KILG,,,KILG,KILG,KILG,KILG,KILG,,,KILG,KILG,KILG,KILG,KILG,,,KILG,KILG,KILG,KILG,KILG,,,KILG,KILG,KILG,KILG,KILG,,,KILG,KILG,TRG,KILG,KILG,,,KILG,KILG,KILG,HOL in WD,HOL in WD,,,HOL in WD,HOL in WD,HOL in WD,HOL in WD,HOL in WD,,,KILG,KILG,KILG,KILG,KILG,,,KILG,KILG,KILG,HOL in WD,HOL in WD,,,HOL in WD,KILG,KILG,KILG,KILG,,,KILG,KILG,KILG,KILG,KILG,,,KILG,KILG,KILG,KILG,KILG,,,KILG,KILG,KILG,KILG,KILG,,,KILG,KILG,KILG,KILG,HOL in WD,,,KILG,KILG,KILG,KILG,KILG,,,KILG,KILG,KILG,KILG,KILG,,,KILG,KILG,KILG,KILG,HOL in WD,,,KILG,KILG,KILG,KILG,KILG,,,KILG,KILG,KILG,KILG,KILG,,,KILG,KILG,KILG,KILG,KILG,,,KILG,KILG,KILG,KILG,HOL in WD,,,KILG,KILG,KILG,KILG,KILG,,,KILG,KILG,KILG,KILG,KILG,,,KILG,KILG,KILG,KILG,KILG,,,KILG,KILG,KILG,KILG,KILG,,,TRG,TRG,KILG,KILG,KILG,,,KILG,KILG,HOL in WD,HOL in WD,HOL in WD,,,KILG,KILG,KILG,KILG,KILG,,,KILG,KILG,TRG,TRG,TRG,,,KILG,KILG,KILG,TRG,KILG,,,KILG,KILG,HOL in WD,KILG,HOL in WD,,,KILG,KILG,KILG,KILG,KILG,,,KILG,KILG,KILG,KILG,KILG,,,KILG,KILG,MED,KILG,KILG,,,KILG,KILG,KILG,KILG,KILG,,,HOL in WD,HOL in WD,HOL in WD,HOL in WD,HOL in WD,,,HOL in WD,HOL in WD,HOL in WD,HOL in WD,HOL in WD,,,KILG,TRG,KILG,HOL in WD,HOL in WD,,,KILG,KILG,KILG,KILG,HOL in WD,,,KILG,KILG,KILG,KILG,KILG,,,KILG,KILG,KILG,KILG,KILG,,,KILG,,,,,,,,,,,,,,,HOL in WD,,,HOL in WD,,,,,,,,,,,,,,,,,,,HOL in WD,HOL in WD,HOL in WD,,,HOL in WD,,,,,,,,,,,HOL in WD,,,,,,,,,,,,,,,,,,,,,,,,,,,,,,,,,,,,,,,,,,,,,,,,,,,,,,,,,,,,,,,,,,,,,,,,,,,,,,,,,,,,,,,,,,,,,,,,,,,,,,,,,,,,,,,,,,,,,,,,,,,,,,,,,,,,,,,,,,,,,,,,,,,,,,,,,,,,,,,,,,,,#REF!,#REF!,#REF!,0,#REF!,0,,,0,0,0
Y,G114/G9/G5,G114/G9/G5,ADV T (e),Jason Gange,HOL,HOL,HOL,,,CARS,CARS,CARS,CARS,CARS,,,CARS,CARS,CARS,CARS,HOL in WD,ON CALL,ON CALL,KILG,KILG,KILG,KILG,SD,,,KILG,SICK,SICK,CARS,KILG,,ON CALL,KILG,KILG,KILG,KILG,HOL in WD,,,HOL in WD,CARS,CARS,CARS,TRG,,,CARS,CARS,CARS,CARS,KILG,,,KILG,TRG,KILG,CARS,CARS,,,HOL in WD,HOL in WD,HOL in WD,HOL in WD,HOL in WD,,,HOL in WD,HOL in WD,HOL in WD,HOL in WD,HOL in WD,,,SICK,SICK,SICK,SICK,SICK,,,SICK,SICK,SICK,SICK,SICK,,,KILG,KILG,KILG,KILG,KILG,,,KILG,CARS,KILG,KILG,KILG,,,TRG,TRG,KILG,KILG,KILG,,,KILG,KILG,KILG,KILG,KILG,,,KILG,KILG,KILG,KILG,KILG,,,KILG,KILG,KILG,KILG,KILG,ON CALL,ON CALL,KILG,KILG,KILG,KILG,KILG,,,KILG,TRG,TRG,KILG,KILG,,,KILG,CARS,KILG,KILG,KILG,,,KILG,KILG,KILG,KILG,KILG,,,KILG,KILG,KILG,KILG,KILG,,,KILG,KILG,KILG,KILG,KILG,ON CALL,,KILG,KILG,KILG,KILG,KILG,,,HOL in WD,HOL in WD,HOL in WD,HOL in WD,HOL in WD,ON CALL,,KILG,KILG,KILG,KILG,KILG,,,KILG,KILG,KILG,KILG,KILG,,,KILG,KILG,KILG,KILG,KILG,ON CALL,,KILG,HOL in WD,KILG,KILG,KILG,,ON CALL,KILG,KILG,HOL in WD,KILG,,,,KILG,KILG,KILG,KILG,KILG,ON CALL,ON CALL,KILG,KILG,KILG,KILG,KILG,,,KILG,KILG,KILG,KILG,HOL in WD,,,HOL in WD,HOL in WD,HOL in WD,KILG,KILG,,,KILG,KILG,KILG,KILG,KILG,,,KILG,KILG,KILG,KILG,,ON CALL,ON CALL,KILG,KILG,KILG,KILG,KILG,,,KILG,KILG,KILG,KILG,KILG,,,KILG,KILG,KILG,SICK,SICK,,,HOL in WD,HOL in WD,HOL in WD,HOL in WD,HOL in WD,,,KILG,KILG,KILG,KILG,KILG,,,KILG,KILG,KILG,KILG,KILG,,,KILG,KILG,KILG,KILG,KILG,,,KILG,KILG,KILG,KILG,KILG,,,KILG,KILG,KILG,KILG,KILG,,,SICK,SICK,KILG,KILG,KILG,,,KILG,KILG,KILG,KILG,KILG,,,KILG,KILG,KILG,KILG,KILG,,,KILG,KILG,KILG,KILG,KILG,ON CALL,,KILG,HOL in WD,HOL in WD,HOL in WD,HOL in WD,,,HOL in WD,HOL in WD,HOL in WD,HOL in WD,KILG,,,SICK,SICK,SICK,KILG,KILG,,,KILG,KILG,KILG,MED,KILG,,,,KILG,,KILG,KILG,,,,KILG,,,KILG,,,KILG,KILG,KILG,KILG,KILG,,,,KILG,KILG,KILG,KILG,,,KILG,KILG,KILG,KILG,,,,,KILG,KILG,,,,,,KILG,KILG,KILG,KILG,,,KILG,KILG,KILG,KILG,,,,KILG,KILG,KILG,KILG,KILG,,,KILG,KILG,KILG,KILG,KILG,,,,KILG,KILG,KILG,KILG,,,,,,,,,,KILG,KILG,KILG,KILG,KILG,,,,,KILG,,KILG,,,KILG,KILG,KILG,KILG,KILG,,,KILG,KILG,KILG,,KILG,,,,,KILG,KILG,KILG,,,KILG,KILG,,,,,,KILG,KILG,KILG,KILG,KILG,,,KILG,KILG,,,,,,,KILG,KILG,,KILG,,,,,,,,,,,KILG,KILG,KILG,KILG,,,KILG,,KILG,KILG,KILG,,,,,,,,,,,,,,,,,,,,,,,,,,,,,,,,,,,,,,,,,KILG,,,,,KILG,KILG,KILG,KILG,,,,KILG,KILG,KILG,KILG,,,KILG,,,,,,,,,,,,,,,,,,,,,,,,,,,,,,,,,,,,,,,,,,,,,,,,,,,,,,,,,,,,,,,,,,,,,,,,,,,,,,,,,,,,,,,,,,,,,,,,,,,,,,,,,,,,,,,,,,,,,,,,,,,,,,,,,,,,,,,,,,,,,,,,,,,,,,,,,,,,,,,,,,,,,,,,,,,,,,,,,,,,,,,,,,,,,,,,,,,,,,,,,,,,,,,,,,,,,,,,,#REF!,#REF!,#REF!,3,#REF!,16,4,,8,8,4
Y,G114 & G5,G114 & G5,TS (e),Ryan Frew,HOL,HOL,HOL,,,SICK,SICK,KILG,KILG,KILG,,,KILG,KILG,TRG,TRG,TRG,,,CARS,KILG,KILG,CARS,SD,,,CARS,CARS,SICK,SICK,KILG,,,KILG,KILG,KILG,TRG,KILG,ON CALL,ON CALL,CARS,HOL in WD,CARS,CARS,CARS,,,CARS,CARS,CARS,OFF,KILG,,,CARS,TRG,CARS,CARS,CARS,,,CARS,CARS,CARS,CARS,CARS,,,CARS,CARS,CARS,CARS,CARS,,,CARS,CARS,CARS,CARS,HOL in WD,,,CARS,CARS,CARS,CARS,CARS,,,KILG,CARS,KILG,CARS,CARS,ON CALL,ON CALL,HOL in WD,HOL in WD,HOL in WD,HOL in WD,HOL in WD,,,CARS,CARS,CARS,CARS,HOL in WD,,,KILG,KILG,KILG,KILG,KILG,,,CARS,CARS,CARS,KILG,HOL in WD,,,KILG,KILG,KILG,KILG,KILG,,,KILG,KILG,KILG,KILG,KILG,,,KILG,KILG,KILG,KILG,KILG,,,HOL in WD,HOL in WD,KILG,KILG,KILG,,,KILG,KILG,HOL in WD,KILG,KILG,,,KILG,KILG,KILG,KILG,TRG,,,KILG,KILG,HOL in WD,KILG,KILG,,,KILG,KILG,KILG,KILG,KILG,,ON CALL,KILG,KILG,KILG,KILG,KILG,,,HOL in WD,HOL in WD,HOL in WD,HOL in WD,HOL in WD,,,KILG,KILG,KILG,KILG,KILG,,,KILG,KILG,KILG,KILG,KILG,,ON CALL,KILG,KILG,KILG,KILG,KILG,,,KILG,KILG,KILG,KILG,,,,HOL in WD,HOL in WD,KILG,KILG,KILG,,,KILG,KILG,KILG,KILG,KILG,ON CALL,ON CALL,HOL in WD,KILG,KILG,KILG,KILG,,,KILG,KILG,KILG,KILG,KILG,,,KILG,KILG,KILG,KILG,KILG,,,KILG,KILG,KILG,KILG,HOL in WD,,,KILG,KILG,KILG,KILG,KILG,,,KILG,KILG,KILG,KILG,HOL in WD,,,KILG,KILG,KILG,KILG,KILG,,,KILG,KILG,KILG,KILG,KILG,,,SICK,KILG,KILG,KILG,KILG,ON CALL,ON CALL,KILG,KILG,KILG,KILG,KILG,,,KILG,KILG,KILG,KILG,KILG,,,KILG,KILG,TRG,TRG,TRG,ON CALL,ON CALL,KILG,TRG,KILG,KILG,KILG,,,KILG,KILG,KILG,KILG,KILG,,,KILG,MED,KILG,KILG,KILG,,,KILG,KILG,KILG,KILG,KILG,,ON CALL,KILG,KILG,KILG,KILG,KILG,,,HOL in WD,HOL in WD,HOL in WD,HOL in WD,HOL in WD,,,HOL in WD,HOL in WD,HOL in WD,HOL in WD,HOL in WD,,,KILG,KILG,KILG,KILG,KILG,ON CALL,ON CALL,HOL in WD,KILG,KILG,HOL in WD,HOL in WD,,,KILG,KILG,MED,KILG,KILG,,,SICK,KILG,SD,HOL in WD,KILG,,,KILG,KILG,KILG,KILG,KILG,,ON CALL,KILG,KILG,KILG,KILG,KILG,,,KILG,KILG,KILG,KILG,HOL in WD,,,MED,KILG,KILG,KILG,HOL in WD,,,KILG,KILG,KILG,KILG,KILG,,ON CALL,KILG,KILG,KILG,KILG,KILG,ON CALL,,KILG,KILG,KILG,KILG,KILG,,,KILG,KILG,KILG,KILG,KILG,,,HOL in WD,KILG,KILG,KILG,KILG,,,HOL in WD,HOL in WD,HOL in WD,HOL in WD,HOL in WD,,,KILG,KILG,KILG,KILG,KILG,ON CALL,ON CALL,HOL in WD,KILG,KILG,HOL in WD,KILG,,,KILG,KILG,KILG,KILG,KILG,,,KILG,KILG,KILG,KILG,KILG,,,KILG,KILG,KILG,KILG,KILG,ON CALL,ON CALL,KILG,KILG,KILG,KILG,KILG,,,KILG,KILG,KILG,KILG,KILG,,,KILG,KILG,HOL in WD,KILG,KILG,,,KILG,KILG,KILG,KILG,KILG,ON CALL,ON CALL,HOL in WD,KILG,KILG,HOL in WD,KILG,,,KILG,KILG,KILG,KILG,KILG,,,KILG,KILG,KILG,KILG,KILG,,,HOL in WD,HOL in WD,HOL in WD,HOL in WD,HOL in WD,,,HOL in WD,HOL in WD,HOL in WD,HOL in WD,HOL in WD,,,TRG,KILG,KILG,KILG,KILG,ON CALL,ON CALL,KILG,KILG,KILG,KILG,KILG,,,KILG,KILG,KILG,KILG,KILG,,,KILG,SICK,KILG,KILG,KILG,,,HOL in WD,KILG,KILG,KILG,KILG,ON CALL,,KILG,KILG,KILG,KILG,KILG,,,KILG,,,,,,,,,,,,,,,,,,HOL in WD,,,,,,,,,,,,,,,,,,,,,,,,,,,,,,,,,,,,,,,,,,,,,,,,,,,,,,,,,,,,,,,,,,,,,,,,,,,,,,,,,,,,,,,,,,,,,,,,HOL in WD,HOL in WD,HOL in WD,,,HOL in WD,HOL in WD,HOL in WD,HOL in WD,HOL in WD,,,,,,,,,,,,,,,,,,,,,,,,,,,,,,,,,,,,,,,,,,,,,,,,,,,,,,,,,,,,,,,,,,,,,,,,,,,,,,,,,,,,,,,,,,,,,,#REF!,#REF!,#REF!,0,#REF!,5,,,5,4,2
Y,G114/G9,G114/G9,ADV T,John Phillips,HOL,HOL,HOL,,,KILG,KILG,KILG,KILG,KILG,ON CALL,,HOL in WD,KILG,KILG,KILG,KILG,,,KILG,KILG,KILG,KILG,SD,,,HOL in WD,KILG,KILG,KILG,KILG,ON CALL,,KILG,HOL in WD,KILG,KILG,KILG,,,HOL in WD,KILG,KILG,KILG,KILG,,,KILG,KILG,KILG,KILG,KILG,,,KILG,KILG,KILG,KILG,KILG,,,KILG,KILG,KILG,KILG,KILG,,,KILG,KILG,KILG,KILG,HOL in WD,,,HOL in WD,KILG,KILG,KILG,KILG,,,KILG,KILG,KILG,ABS,KILG,ON CALL,ON CALL,KILG,KILG,PAT,KILG,KILG,,,KILG,HOL in WD,KILG,KILG,KILG,,,KILG,KILG,KILG,KILG,KILG,,,KILG,KILG,KILG,KILG,KILG,,,KILG,KILG,KILG,KILG,KILG,,ON CALL,KILG,HOL in WD,KILG,KILG,HOL in WD,,,KILG,KILG,KILG,KILG,TRG,,,KILG,TRG,KILG,KILG,KILG,ON CALL,ON CALL,KILG,KILG,KILG,KILG,KILG,,,KILG,KILG,PAT,KILG,KILG,,,KILG,KILG,KILG,ABS,PAT,,,PAT,PAT,PAT,PAT,PAT,,,PAT,PAT,PAT,PAT,ABS,,,HOL in WD,HOL in WD,HOL in WD,HOL in WD,HOL in WD,,,KILG,KILG,KILG,KILG,KILG,,,KILG,KILG,KILG,KILG,KILG,,,KILG,KILG,KILG,KILG,KILG,,,KILG,KILG,TRG,HOL in WD,KILG,,,KILG,KILG,KILG,KILG,,,,KILG,KILG,KILG,KILG,KILG,,,HOL in WD,KILG,OFF,KILG,KILG,,,OFF,KILG,HOL in WD,HOL in WD,KILG,,,KILG,KILG,KILG,KILG,KILG,,,KILG,TRG,KILG,KILG,KILG,ON CALL,ON CALL,KILG,HOL in WD,KILG,KILG,,,,KILG,KILG,KILG,KILG,HOL in WD,,,KILG,HOL in WD,HOL in WD,HOL in WD,KILG,,,HOL in WD,HOL in WD,HOL in WD,KILG,HOL in WD,,,KILG,KILG,KILG,KILG,KILG,,,KILG,KILG,KILG,KILG,KILG,,,KILG,KILG,KILG,KILG,HOL in WD,,,SICK,SICK,SICK,KILG,KILG,ON CALL,ON CALL,KILG,KILG,KILG,KILG,KILG,,,KILG,KILG,KILG,KILG,KILG,,,KILG,KILG,KILG,KILG,KILG,,,KILG,KILG,KILG,KILG,KILG,,,HOL in WD,TRG,KILG,KILG,KILG,,,KILG,KILG,KILG,KILG,KILG,,,KILG,KILG,HOL in WD,HOL in WD,HOL in WD,,,HOL in WD,HOL in WD,HOL in WD,HOL in WD,HOL in WD,ON CALL,ON CALL,HOL in WD,KILG,KILG,KILG,KILG,,,KILG,KILG,KILG,KILG,KILG,,,KILG,KILG,KILG,KILG,HOL in WD,,,HOL in WD,HOL in WD,SD,SD,KILG,,,KILG,KILG,KILG,KILG,HOL in WD,,,KILG,KILG,KILG,KILG,KILG,,,KILG,KILG,KILG,KILG,KILG,ON CALL,ON CALL,HOL in WD,HOL in WD,HOL in WD,KILG,KILG,,,KILG,KILG,KILG,KILG,KILG,,,KILG,KILG,KILG,KILG,HOL in WD,,,KILG,KILG,KILG,KILG,KILG,,,KILG,KILG,KILG,KILG,KILG,,,KILG,KILG,KILG,KILG,HOL in WD,,,KILG,KILG,TRG,TRG,TRG,ON CALL,ON CALL,HOL in WD,HOL in WD,KILG,KILG,HOL in WD,,,KILG,KILG,KILG,KILG,KILG,,,KILG,KILG,KILG,KILG,KILG,,,KILG,KILG,KILG,KILG,KILG,,,TRG,TRG,KILG,KILG,KILG,,,KILG,KILG,KILG,KILG,KILG,,,KILG,KILG,KILG,KILG,KILG,ON CALL,ON CALL,KILG,KILG,KILG,HOL in WD,KILG,,,KILG,KILG,KILG,TRG,KILG,,,KILG,KILG,KILG,KILG,KILG,,,MED,KILG,KILG,KILG,KILG,,,KILG,KILG,KILG,KILG,KILG,,,KILG,KILG,KILG,KILG,HOL in WD,,,KILG,KILG,KILG,KILG,KILG,,,KILG,KILG,KILG,KILG,KILG,,,KILG,KILG,KILG,KILG,KILG,,,HOL in WD,TRG,HOL in WD,KILG,KILG,,,KILG,KILG,KILG,KILG,KILG,,,KILG,KILG,KILG,KILG,KILG,,,KILG,KILG,KILG,KILG,HOL in WD,,,KILG,,,,,,,,,,,,,,,,HOL in WD,HOL in WD,HOL in WD,,,HOL in WD,HOL in WD,HOL in WD,HOL in WD,HOL in WD,,,,,,,,,,,,,,,,,,,,,,,,,,,,,,,,,,,,,,,,,,,,,,,,,,,,,,,,,,,,,,,,,,,,,,,,,,,,,,,,,,,,,,,,,,,,,,,,,,,,,,,,,,,,,,,,,,,,,,,,,,,,,,,,,,,,,,,,,,,,,,,,,,,,,,,,,,,,,,,,,,,,,,,,,,,,,,,,,,,,,,,,,,,,,,,,#REF!,#REF!,#REF!,1,#REF!,3,,,3,1,1
Y,G114,N,,John McCartney,HOL,HOL,HOL,,,KILG,KILG,KILG,KILG,KILG,,,KILG,KILG,KILG,KILG,KILG,,,KILG,KILG,KILG,KILG,SD,,,KILG,KILG,KILG,KILG,KILG,,,KILG,KILG,KILG,KILG,KILG,,,KILG,KILG,KILG,KILG,KILG,,,KILG,KILG,KILG,KILG,KILG,,,KILG,KILG,KILG,KILG,KILG,,,TRG,TRG,TRG,KILG,KILG,,,HOL in WD,HOL in WD,HOL in WD,HOL in WD,HOL in WD,,,TRG,TRG,TRG,TRG,KILG,,,KILG,KILG,KILG,KILG,KILG,,,KILG,KILG,KILG,MED,KILG,,,KILG,KILG,KILG,KILG,HOL in WD,,,TRG,TRG,TRG,KILG,KILG,,,KILG,TRG,KILG,KILG,KILG,,,KILG,KILG,KILG,KILG,KILG,,,KILG,KILG,KILG,TRG,TRG,,,TRG,TRG,KILG,KILG,KILG,ON CALL,ON CALL,KILG,KILG,TRG,KILG,KILG,,,KILG,KILG,KILG,KILG,KILG,,,HOL in WD,HOL in WD,HOL in WD,HOL in WD,HOL in WD,,,KILG,KILG,KILG,KILG,KILG,,,TRG,KILG,KILG,KILG,KILG,,,KILG,KILG,KILG,KILG,KILG,,,KILG,,,,,,,,,,,,,,,,KILG,KILG,KILG,,,,,,,,,,,,,,,,,,,,,,,,,KILG,KILG,KILG,KILG,,,,KILG,KILG,KILG,KILG,,,,KILG,,,KILG,,,HOL in WD,KILG,,KILG,KILG,,,,,,,KILG,,,KILG,,,KILG,,,,,,KILG,KILG,,,,KILG,,,,KILG,,,HOL in WD,HOL in WD,HOL in WD,KILG,HOL in WD,,,KILG,KILG,KILG,KILG,KILG,,,,KILG,KILG,KILG,KILG,,,KILG,KILG,KILG,KILG,,,,,,,,,,,,KILG,KILG,KILG,KILG,,,KILG,KILG,KILG,KILG,KILG,,,,KILG,KILG,KILG,KILG,,,KILG,KILG,KILG,KILG,,,,,,KILG,KILG,KILG,,,,,KILG,KILG,KILG,,,,KILG,,HOL in WD,HOL in WD,,,,,,,,,,,,KILG,KILG,,,,KILG,KILG,KILG,,,,,,KILG,KILG,KILG,,,,,,,,KILG,,,KILG,KILG,KILG,KILG,,,,,,KILG,KILG,KILG,,,,,,KILG,KILG,,,,,,KILG,KILG,,,KILG,KILG,KILG,KILG,KILG,,,KILG,KILG,KILG,KILG,,,,,,KILG,KILG,KILG,,,KILG,KILG,KILG,,KILG,,,KILG,KILG,KILG,KILG,,,,,,,,,,,,,KILG,KILG,,,,,KILG,KILG,KILG,KILG,,,KILG,KILG,KILG,KILG,KILG,,,KILG,,,,KILG,,,,,KILG,KILG,KILG,,,KILG,KILG,KILG,KILG,KILG,,,,,,KILG,KILG,,,KILG,KILG,KILG,,KILG,,,,,,,KILG,,,KILG,,KILG,KILG,KILG,,,,KILG,KILG,KILG,KILG,,,KILG,,KILG,KILG,KILG,,,,,,,,,,,,,,,,,KILG,KILG,KILG,KILG,KILG,,,KILG,KILG,KILG,KILG,KILG,,,,,,,KILG,,,,,KILG,KILG,KILG,,,,,,,,,,,,,,,,,,,,,,,,,,,,,,,,,,,,,,,,,,,,,,,,,,,,,,,,,,,,,,,,,,,,,,,,,,,,,,,,,,,,,,,,,,,,,,,,,,,,,,,,,,,,,,,,,,,,,,,,,,,,,,,,,,,,,,,,,,,,,,,,,,,,,,,,,,,,,,,,,,,,,,,,,,,,,,,,,,,,,,,,,,,,,,,,,,,,,,,,,,,,,,,,,,,,,,,,,,,,,,,,,,,,,,,,,,#REF!,#REF!,#REF!,1,#REF!,0,,,0,97,
Y,G114,N,,Stephen Loughran,HOL,HOL,HOL,,,KILG,KILG,KILG,KILG,KILG,,ON CALL,KILG,KILG,KILG,KILG,KILG,,,KILG,KILG,KILG,HOL in WD,HOL in WD,,,KILG,KILG,KILG,KILG,KILG,,,KILG,KILG,KILG,KILG,KILG,,,KILG,KILG,KILG,KILG,KILG,ON CALL,ON CALL,KILG,KILG,KILG,KILG,KILG,,,HOL in WD,KILG,KILG,KILG,KILG,ON CALL,ON CALL,KILG,KILG,KILG,KILG,KILG,,,KILG,SICK,HOL in WD,HOL in WD,HOL in WD,,,HOL in WD,HOL in WD,HOL in WD,HOL in WD,HOL in WD,,,HOL in WD,HOL in WD,HOL in WD,HOL in WD,SICK,,,KILG,KILG,KILG,HOL in WD,HOL in WD,,,HOL in WD,KILG,KILG,KILG,KILG,,,KILG,KILG,KILG,KILG,KILG,,,SICK,KILG,KILG,KILG,KILG,,,KILG,HOL in WD,KILG,KILG,KILG,,,KILG,KILG,KILG,KILG,KILG,,,KILG,KILG,KILG,KILG,KILG,,,KILG,KILG,SICK,SICK,SICK,,,HOL in WD,HOL in WD,ABS,SICK,SICK,,,SICK,SICK,SICK,SICK,SICK,,,SICK,SICK,SICK,SICK,TRG,,,KILG,KILG,KILG,KILG,KILG,,ON CALL,KILG,KILG,KILG,KILG,KILG,,,KILG,,,,,,,,,,,HOL in WD,,,HOL in WD,,KILG,KILG,KILG,,,,,,,,,,,,,,,,,,,,,,,,,KILG,KILG,KILG,KILG,,,,KILG,KILG,KILG,KILG,,,,KILG,,,KILG,,,HOL in WD,KILG,,KILG,KILG,,,,,,,KILG,,,KILG,,,KILG,HOL in WD,,,HOL in WD,,KILG,KILG,HOL in WD,,,KILG,,,,KILG,,,,,,KILG,,,,KILG,KILG,KILG,KILG,KILG,,,,KILG,KILG,KILG,KILG,,,KILG,KILG,KILG,KILG,,,,,,,,,,,,KILG,KILG,KILG,KILG,,,KILG,KILG,KILG,KILG,KILG,,,,KILG,KILG,KILG,KILG,,,KILG,KILG,KILG,KILG,,,,,,KILG,KILG,KILG,,,,,KILG,KILG,KILG,,,,KILG,,HOL in WD,HOL in WD,,,,,,,,,,,,KILG,KILG,,,,KILG,KILG,KILG,,,,,,KILG,KILG,KILG,,,,,,,,KILG,,,KILG,KILG,KILG,KILG,,,,,,KILG,KILG,KILG,,,,,,KILG,KILG,,,,,,KILG,KILG,,,KILG,KILG,KILG,KILG,KILG,,,KILG,KILG,KILG,KILG,,,,,,KILG,KILG,KILG,,,KILG,KILG,KILG,,KILG,,,KILG,KILG,KILG,KILG,,,,,,,,,,,,,KILG,KILG,,,,,KILG,KILG,KILG,KILG,,,KILG,KILG,KILG,KILG,KILG,,,KILG,,,,KILG,,,,,KILG,KILG,KILG,,,KILG,KILG,KILG,KILG,KILG,,,,,,KILG,KILG,,,KILG,KILG,KILG,,KILG,,,,,,,KILG,,,KILG,,KILG,KILG,KILG,,,,KILG,KILG,KILG,KILG,,,KILG,,KILG,KILG,KILG,,,,,,,,,,,,,,,,,KILG,KILG,KILG,KILG,KILG,,,KILG,KILG,KILG,KILG,KILG,,,,,,,KILG,,,,,KILG,KILG,KILG,,,,,,,,,,,,,,,,,,,,,,,,,,,,,,,,,,,,,,,,,,,,,,,,,,,,,,,,,,,,,,,,,,,,,,,,,,,,,,,,,,,,,,,,,,,,,,,,,,,,,,,,,,,,,,,,,,,,,,,,,,,,,,,,,,,,,,,,,,,,,,,,,,,,,,,,,,,,,,,,,,,,,,,,,,,,,,,,,,,,,,,,,,,,,,,,,,,,,,,,,,,,,,,,,,,,,,,,,,,,,,,,,,,,,,,,,,#REF!,#REF!,#REF!,8,#REF!,17,,,17,47,7
y,G114,N,MT,Johnathon Young,HOL,HOL,HOL,,,KILG,KILG,KILG,KILG,KILG,,,KILG,KILG,KILG,KILG,KILG,,,SICK,KILG,KILG,KILG,SD,,,KILG,KILG,KILG,KILG,KILG,,,KILG,KILG,KILG,KILG,KILG,,,KILG,KILG,KILG,KILG,KILG,,,KILG,KILG,KILG,KILG,KILG,ON CALL,ON CALL,HOL in WD,HOL in WD,KILG,HOL in WD,HOL in WD,,,KILG,KILG,KILG,KILG,KILG,,,KILG,KILG,KILG,KILG,KILG,,,HOL in WD,HOL in WD,HOL in WD,HOL in WD,HOL in WD,,,KILG,KILG,KILG,KILG,KILG,,,HOL in WD,SICK,KILG,KILG,KILG,,,KILG,KILG,KILG,KILG,HOL in WD,,,KILG,KILG,KILG,KILG,KILG,,,SICK,SICK,SICK,SICK,SICK,,,HOL in WD,KILG,KILG,KILG,KILG,,,KILG,KILG,KILG,KILG,KILG,,,KILG,KILG,KILG,KILG,KILG,,,KILG,KILG,KILG,KILG,KILG,,,KILG,KILG,KILG,KILG,TRG,,,KILG,KILG,KILG,KILG,KILG,,,KILG,KILG,KILG,KILG,KILG,,,KILG,KILG,KILG,KILG,KILG,,,KILG,KILG,KILG,KILG,KILG,,,SICK,KILG,KILG,KILG,KILG,,,KILG,HOL in WD,KILG,KILG,KILG,,,KILG,KILG,KILG,KILG,KILG,,,HOL in WD,HOL in WD,HOL in WD,HOL in WD,HOL in WD,,,HOL in WD,HOL in WD,HOL in WD,HOL in WD,HOL in WD,,,HOL in WD,HOL in WD,HOL in WD,HOL in WD,,ON CALL,ON CALL,KILG,KILG,KILG,KILG,KILG,,,KILG,KILG,KILG,KILG,KILG,,,KILG,KILG,KILG,KILG,KILG,,,KILG,KILG,KILG,KILG,KILG,ON CALL,ON CALL,,,,,KILG,,,KILG,,,KILG,,,,,,KILG,KILG,,,,KILG,,,,KILG,,,,,,KILG,,,,KILG,KILG,KILG,KILG,KILG,,,,KILG,KILG,KILG,KILG,,,KILG,KILG,KILG,KILG,,,,,,,,,,,,KILG,KILG,KILG,KILG,,,KILG,KILG,KILG,KILG,KILG,,,,KILG,KILG,KILG,KILG,,,KILG,KILG,KILG,KILG,,,,,,KILG,KILG,KILG,,,,,KILG,KILG,KILG,,,,KILG,,,,,,,,,,,,,,,KILG,KILG,,,,KILG,KILG,KILG,,,,,,KILG,KILG,KILG,,,,,,,,KILG,,,KILG,KILG,KILG,KILG,,,,,,KILG,KILG,KILG,,,,,,KILG,KILG,,,,,,KILG,KILG,,,KILG,KILG,KILG,KILG,KILG,,,KILG,KILG,KILG,KILG,,,,,,KILG,KILG,KILG,,,KILG,KILG,KILG,,KILG,,,KILG,KILG,KILG,KILG,,,,,,,,,,,,,KILG,KILG,,,,,KILG,KILG,KILG,KILG,,,KILG,KILG,KILG,KILG,KILG,,,KILG,,,,KILG,,,,,KILG,KILG,KILG,,,KILG,KILG,KILG,KILG,KILG,,,,,,KILG,KILG,,,KILG,KILG,KILG,,KILG,,,,,,,KILG,,,KILG,,KILG,KILG,KILG,,,,KILG,KILG,KILG,KILG,,,KILG,,KILG,KILG,KILG,,,,,,,,,,,,,,,,,KILG,KILG,KILG,KILG,KILG,,,KILG,KILG,KILG,KILG,KILG,,,,,,,KILG,,,,,KILG,KILG,KILG,,,,,,,,,,,,,,,,,,,,,,,,,,,,,,,,,,,,,,,,,,,,,,,,,,,,,,,,,,,,,,,,,,,,,,,,,,,,,,,,,,,,,,,,,,,,,,,,,,,,,,,,,,,,,,,,,,,,,,,,,,,,,,,,,,,,,,,,,,,,,,,,,,,,,,,,,,,,,,,,,,,,,,,,,,,,,,,,,,,,,,,,,,,,,,,,,,,,,,,,,,,,,,,,,,,,,,,,,,,,,,,,,,,,,,,,,,#REF!,#REF!,#REF!,1,#REF!,8,,,8,5,5
Y,G114/G9,N,MT,William McMillan,HOL,HOL,KILG,ON CALL,ON CALL,KILG,KILG,KILG,KILG,KILG,,,KILG,KILG,TRG,KILG,KILG,,,KILG,KILG,TRG,TRG,SD,,,KILG,KILG,TRG,TRG,TRG,,,KILG,KILG,KILG,KILG,KILG,,,SICK,SICK,TRG,KILG,KILG,,,KILG,KILG,HOL in WD,KILG,KILG,,,KILG,KILG,HOL in WD,HOL in WD,HOL in WD,,,KILG,KILG,KILG,KILG,KILG,,,KILG,KILG,KILG,KILG,KILG,,,KILG,KILG,KILG,KILG,KILG,,,HOL in WD,HOL in WD,HOL in WD,SICK,SICK,,,SICK,SICK,SICK,SICK,SICK,,,SICK,SICK,SICK,SICK,SICK,,,SICK,SICK,SICK,SICK,SICK,,,SICK,SICK,SICK,SICK,SICK,,,SICK,SICK,SICK,SICK,KILG,,ON CALL,KILG,KILG,KILG,KILG,KILG,,,KILG,KILG,KILG,KILG,HOL in WD,,,HOL in WD,TRG,KILG,KILG,KILG,,,KILG,KILG,KILG,KILG,KILG,,,HOL in WD,HOL in WD,HOL in WD,HOL in WD,HOL in WD,,,KILG,KILG,KILG,KILG,KILG,,,KILG,KILG,KILG,KILG,KILG,,,KILG,KILG,KILG,KILG,KILG,ON CALL,,KILG,KILG,KILG,KILG,KILG,,,KILG,KILG,KILG,KILG,KILG,,,HOL in WD,HOL in WD,HOL in WD,HOL in WD,HOL in WD,,,KILG,KILG,KILG,KILG,KILG,,,KILG,KILG,KILG,KILG,KILG,,,KILG,KILG,KILG,KILG,,,,KILG,KILG,KILG,KILG,KILG,,,KILG,KILG,KILG,KILG,HOL in WD,,,KILG,KILG,KILG,KILG,KILG,ON CALL,ON CALL,KILG,KILG,KILG,KILG,KILG,,,KILG,SICK,KILG,KILG,KILG,,,KILG,KILG,KILG,KILG,,,,HOL in WD,HOL in WD,KILG,KILG,KILG,,,KILG,KILG,KILG,KILG,KILG,,,KILG,KILG,KILG,KILG,KILG,ON CALL,ON CALL,KILG,KILG,KILG,KILG,KILG,,,KILG,KILG,KILG,KILG,KILG,,,KILG,KILG,KILG,KILG,KILG,,,HOL in WD,KILG,KILG,KILG,KILG,,,KILG,KILG,KILG,KILG,KILG,,,KILG,KILG,KILG,KILG,KILG,,,HOL in WD,KILG,KILG,KILG,KILG,,,KILG,KILG,KILG,KILG,HOL in WD,ON CALL,ON CALL,HOL in WD,HOL in WD,KILG,KILG,KILG,,,HOL in WD,HOL in WD,KILG,KILG,KILG,,,KILG,KILG,KILG,HOL in WD,HOL in WD,,,KILG,KILG,KILG,HOL in WD,HOL in WD,,,HOL in WD,HOL in WD,KILG,KILG,KILG,,,KILG,KILG,KILG,KILG,KILG,,,TRG,KILG,KILG,KILG,KILG,,,KILG,HOL in WD,HOL in WD,HOL in WD,KILG,ON CALL,ON CALL,KILG,KILG,KILG,KILG,HOL in WD,,,HOL in WD,HOL in WD,KILG,KILG,KILG,,,SICK,SICK,SICK,KILG,KILG,,,KILG,KILG,KILG,KILG,KILG,,,KILG,KILG,KILG,KILG,KILG,,,KILG,KILG,KILG,KILG,KILG,,,HOL in WD,HOL in WD,KILG,KILG,KILG,ON CALL,ON CALL,KILG,KILG,KILG,HOL in WD,KILG,,,KILG,KILG,KILG,KILG,KILG,,,HOL in WD,HOL in WD,HOL in WD,HOL in WD,HOL in WD,,,SICK,KILG,KILG,KILG,KILG,,,HOL in WD,KILG,KILG,KILG,KILG,,,KILG,KILG,KILG,KILG,KILG,,,KILG,TRG,KILG,KILG,KILG,ON CALL,ON CALL,KILG,KILG,KILG,KILG,KILG,,,KILG,KILG,KILG,KILG,KILG,,,HOL in WD,HOL in WD,HOL in WD,KILG,KILG,,ON CALL,KILG,KILG,KILG,KILG,KILG,,,HOL in WD,HOL in WD,HOL in WD,TRG,KILG,,,KILG,KILG,KILG,KILG,KILG,,,KILG,KILG,KILG,KILG,KILG,ON CALL,ON CALL,KILG,KILG,KILG,KILG,KILG,,,KILG,KILG,KILG,KILG,KILG,,,HOL Apprvd,HOL Apprvd,HOL Apprvd,HOL in WD,HOL in WD,,,KILG,KILG,KILG,KILG,KILG,,,KILG,KILG,KILG,KILG,KILG,,,KILG,KILG,KILG,KILG,KILG,,,KILG,KILG,KILG,KILG,KILG,ON CALL,ON CALL,HOL in WD,SICK,SICK,SICK,SICK,,,SICK,SICK,SICK,SICK,SICK,,,SICK,SICK,SICK,SICK,SICK,,,,,,,,,,,,,,,,,,,,,,,,,,,,,,,,,,,,,,,,,,,,,,,,,,,,,,,,,,,,,,,,,,,,,,,,,,,,,,,,,,,HOL in WD,HOL in WD,,,,,,,,,,,,,,,,,,,,,,,,,,,,,,,,,,,,,,,,,,,,,,,,,,,,,,,,,,,,,,,,,,,,,,,,,,,,,,,,,,,,,,,,,,,,,,,,,,,,,,,,,,,,,,,,,,,,,,,,,,,,,,,,,#REF!,#REF!,#REF!,1,#REF!,29,4,,29,19,5
Y,G114,N,MT,Lewis Kerr,HOL,HOL,HOL,,,KILG,KILG,KILG,HOL,HOL,,,HOL in WD,SICK,KILG,KILG,KILG,,,KILG,KILG,KILG,KILG,SD,,,KILG,KILG,KILG,KILG,KILG,,,KILG,KILG,KILG,KILG,KILG,ON CALL,ON CALL,TRG,TRG,TRG,SICK,SICK,,,KILG,KILG,KILG,KILG,KILG,,,KILG,KILG,KILG,KILG,HOL in WD,,,KILG,SICK,KILG,KILG,KILG,ON CALL,ON CALL,KILG,KILG,KILG,HOL in WD,HOL in WD,,,HOL in WD,SICK,KILG,KILG,KILG,,,TRG,TRG,TRG,KILG,MED,,,HOL in WD,KILG,KILG,KILG,KILG,,ON CALL,KILG,KILG,KILG,KILG,KILG,,,KILG,KILG,KILG,KILG,KILG,,,KILG,TRG,TRG,TRG,KILG,,,KILG,KILG,KILG,KILG,KILG,,,TRG,TRG,TRG,TRG,KILG,,,TRG,TRG,TRG,KILG,KILG,ON CALL,ON CALL,KILG,KILG,KILG,KILG,KILG,,,KILG,KILG,KILG,KILG,HOL in WD,,,KILG,KILG,KILG,KILG,KILG,ON CALL,ON CALL,KILG,KILG,KILG,KILG,KILG,,,HOL Apprvd,KILG,KILG,KILG,KILG,,ON CALL,KILG,KILG,KILG,KILG,KILG,,,KILG,KILG,HOL in WD,KILG,KILG,,ON CALL,KILG,HOL in WD,KILG,KILG,KILG,,,KILG,KILG,KILG,KILG,HOL in WD,,,HOL in WD,KILG,KILG,KILG,KILG,,,KILG,KILG,KILG,KILG,KILG,,,KILG,KILG,KILG,KILG,KILG,,,KILG,KILG,KILG,KILG,KILG,ON CALL,ON CALL,KILG,KILG,KILG,KILG,HOL in WD,,,KILG,KILG,KILG,KILG,HOL in WD,,,HOL in WD,HOL in WD,HOL in WD,KILG,KILG,,,KILG,KILG,KILG,KILG,KILG,ON CALL,,KILG,KILG,KILG,KILG,,,,KILG,KILG,KILG,KILG,KILG,,,KILG,KILG,KILG,KILG,HOL in WD,,,KILG,KILG,KILG,KILG,KILG,,,KILG,KILG,KILG,KILG,KILG,ON CALL,ON CALL,KILG,KILG,HOL in WD,HOL in WD,HOL in WD,,,HOL in WD,HOL in WD,HOL in WD,HOL in WD,HOL in WD,,,KILG,KILG,KILG,KILG,KILG,ON CALL,,KILG,KILG,ABS,KILG,KILG,,,KILG,KILG,ABS,KILG,KILG,,,KILG,KILG,KILG,KILG,KILG,ON CALL,ON CALL,KILG,KILG,KILG,KILG,KILG,,,KILG,KILG,KILG,KILG,TRG,ON CALL,,KILG,KILG,KILG,KILG,KILG,,,HOL in WD,HOL in WD,HOL in WD,HOL in WD,HOL in WD,,,HOL in WD,HOL in WD,HOL in WD,HOL in WD,HOL in WD,,,KILG,KILG,KILG,KILG,KILG,,,KILG,KILG,KILG,KILG,KILG,ON CALL,,KILG,KILG,KILG,KILG,HOL in WD,ON CALL,,KILG,KILG,SD,KILG,KILG,,,KILG,KILG,KILG,KILG,KILG,,,KILG,KILG,KILG,KILG,KILG,ON CALL,ON CALL,KILG,KILG,KILG,KILG,KILG,ON CALL,,KILG,KILG,KILG,KILG,KILG,,ON CALL,HOL in WD,KILG,KILG,KILG,KILG,,,KILG,KILG,KILG,KILG,KILG,ON CALL,,HOL in WD,KILG,KILG,KILG,KILG,,,KILG,KILG,KILG,HOL in WD,HOL in WD,,,HOL in WD,KILG,KILG,KILG,KILG,,,KILG,KILG,KILG,KILG,KILG,,,HOL in WD,SICK,SICK,KILG,KILG,,,KILG,KILG,KILG,KILG,KILG,,,KILG,KILG,KILG,KILG,KILG,,,HOL in WD,HOL in WD,KILG,KILG,KILG,,,KILG,KILG,KILG,KILG,KILG,,ON CALL,KILG,KILG,KILG,KILG,KILG,,,KILG,KILG,KILG,KILG,KILG,ON CALL,,KILG,KILG,KILG,KILG,KILG,,,TRG,KILG,KILG,KILG,KILG,,,HOL in WD,KILG,KILG,KILG,HOL in WD,,,KILG,KILG,KILG,KILG,KILG,,,KILG,KILG,KILG,KILG,KILG,,ON CALL,SICK,KILG,KILG,KILG,KILG,ON CALL,ON CALL,KILG,KILG,KILG,KILG,HOL in WD,,,TRG,KILG,KILG,KILG,KILG,ON CALL,ON CALL,KILG,KILG,KILG,KILG,KILG,,,KILG,KILG,KILG,KILG,KILG,,,KILG,KILG,KILG,KILG,KILG,ON CALL,ON CALL,HOL in WD,HOL in WD,HOL in WD,HOL in WD,KILG,ON CALL,,KILG,KILG,KILG,KILG,KILG,ON CALL,,KILG,,,,,,,,,,,,,,,,,,,,,,,,,HOL in WD,,,HOL in WD,,,,,,,,,,,,,,,,,,,,,HOL in WD,HOL in WD,HOL in WD,HOL in WD,HOL in WD,,,HOL in WD,HOL in WD,HOL in WD,HOL in WD,HOL in WD,,,,,,,,,,,,,,,,,,,,,,,,,,,,,,,,,,,,,,,,,,,,,,,,,,,,HOL in WD,HOL in WD,HOL in WD,HOL in WD,HOL in WD,,,HOL in WD,HOL in WD,HOL in WD,HOL in WD,HOL in WD,,,,,,,,,,,,,,,,,,,,,,,,,,,,,,,,,,,,,,,,,,,,,,,,,,,,,,,,,,,,,,,,,,,,,,,,,,,,,,,,,,,,,,,,,,,,,,#REF!,#REF!,#REF!,8,#REF!,5,,,5,10,6
Y,G114,N,MT,Adam Patterson,HOL,HOL,KILG,ON CALL,ON CALL,KILG,HOL,KILG,KILG,KILG,,,KILG,KILG,KILG,KILG,KILG,,,KILG,KILG,KILG,KILG,SD,,,SICK,SICK,KILG,PAT,KILG,,,KILG,KILG,KILG,KILG,KILG,,,HOL in WD,HOL in WD,TRG,KILG,KILG,,,KILG,KILG,TRG,TRG,TRG,,,KILG,KILG,KILG,PAT,CARS,ON CALL,ON CALL,KILG,KILG,KILG,KILG,KILG,,,SICK,SICK,TRG,TRG,TRG,,,KILG,KILG,KILG,KILG,KILG,,,KILG,KILG,KILG,KILG,KILG,,,KILG,KILG,KILG,KILG,KILG,,,KILG,KILG,KILG,KILG,KILG,,,KILG,KILG,KILG,KILG,KILG,,,SICK,KILG,KILG,HOL in WD,HOL in WD,,,HOL in WD,KILG,KILG,KILG,KILG,,,HOL in WD,HOL in WD,HOL in WD,HOL in WD,HOL in WD,,,KILG,KILG,KILG,KILG,KILG,,,KILG,HOL in WD,KILG,KILG,KILG,,,KILG,KILG,KILG,KILG,HOL in WD,,,KILG,SICK,SICK,SICK,SICK,,,MED,KILG,KILG,KILG,KILG,,,KILG,KILG,KILG,KILG,KILG,,,MED,KILG,KILG,KILG,KILG,,,KILG,KILG,KILG,KILG,KILG,,,KILG,HOL in WD,KILG,HOL in WD,HOL in WD,,,HOL in WD,PAT,PAT,PAT,PAT,,,PAT,PAT,PAT,PAT,PAT,,,PAT,HOL in WD,HOL in WD,HOL in WD,HOL in WD,,,KILG,KILG,KILG,KILG,,,,TRG,TRG,TRG,KILG,KILG,,,TRG,TRG,TRG,TRG,KILG,,,TRG,TRG,TRG,KILG,SICK,,,KILG,KILG,KILG,KILG,KILG,,,KILG,KILG,KILG,KILG,HOL in WD,,,KILG,KILG,KILG,KILG,HOL in WD,,,HOL in WD,KILG,KILG,KILG,KILG,ON CALL,ON CALL,KILG,KILG,KILG,KILG,KILG,,,KILG,KILG,KILG,KILG,KILG,,,KILG,KILG,KILG,HOL in WD,HOL in WD,,,KILG,KILG,KILG,KILG,KILG,,,KILG,KILG,KILG,KILG,KILG,,,KILG,KILG,KILG,KILG,KILG,,,HOL in WD,KILG,KILG,KILG,KILG,,,KILG,KILG,KILG,KILG,KILG,ON CALL,,KILG,KILG,KILG,KILG,KILG,,,SICK,KILG,KILG,KILG,HOL in WD,,,KILG,KILG,KILG,KILG,HOL in WD,,,HOL in WD,HOL in WD,KILG,KILG,KILG,,,HOL in WD,HOL in WD,HOL in WD,HOL in WD,HOL in WD,,,KILG,KILG,KILG,HOL in WD,KILG,,,KILG,KILG,KILG,KILG,KILG,,,KILG,KILG,KILG,SICK,SICK,,,SICK,KILG,KILG,KILG,KILG,,,KILG,KILG,HOL in WD,HOL in WD,KILG,,,KILG,KILG,KILG,KILG,KILG,ON CALL,ON CALL,KILG,KILG,KILG,KILG,KILG,,,KILG,KILG,KILG,KILG,KILG,,,KILG,KILG,KILG,KILG,KILG,,,KILG,KILG,KILG,KILG,KILG,,,KILG,KILG,KILG,KILG,KILG,,,KILG,KILG,KILG,KILG,KILG,,,SICK,KILG,KILG,KILG,KILG,ON CALL,ON CALL,KILG,KILG,KILG,KILG,KILG,,,KILG,KILG,KILG,KILG,KILG,,,HOL in WD,HOL in WD,HOL in WD,HOL in WD,HOL in WD,,,KILG,KILG,KILG,KILG,HOL in WD,,,SICK,SICK,SICK,SICK,SICK,,,SICK,JURY,JURY,JURY,JURY,,,KILG,KILG,KILG,KILG,KILG,,,HOL in WD,HOL in WD,KILG,KILG,KILG,,,KILG,KILG,KILG,KILG,KILG,,,KILG,KILG,KILG,KILG,KILG,,,KILG,KILG,KILG,KILG,KILG,,,HOL in WD,KILG,KILG,KILG,KILG,,,KILG,KILG,KILG,KILG,KILG,,,KILG,KILG,KILG,KILG,KILG,,,KILG,KILG,HOL in WD,SICK,SICK,,,KILG,HOL in WD,KILG,KILG,KILG,,,TRG,KILG,KILG,KILG,KILG,,,HOL in WD,HOL in WD,HOL in WD,HOL in WD,HOL in WD,,,HOL in WD,HOL in WD,HOL in WD,SICK,KILG,,,KILG,HOL in WD,KILG,KILG,KILG,,,KILG,KILG,KILG,KILG,KILG,,,HOL in WD,KILG,KILG,KILG,KILG,,,KILG,,,,,,,,,,,,,,,,,,,,,,,,,,,,,,,HOL in WD,HOL in WD,,,,,,,,,,,,,,,,,,,,,,,,,,,,,,,,,,,,,,,,,,,,,,,,,,,,,,,,,,,,,,,,,,,,,,,,,,,,,,,,,,HOL in WD,HOL in WD,HOL in WD,,,HOL in WD,,,,,,,,,,,,,,,,,,,,,,,,,,,,,,,,,,,,,,,,,,,,,,,,,,,,,,,,,,,,,,,,,,,,,,,,,,,,,,,,,,,,,,,,,,,,,,,,,,#REF!,#REF!,#REF!,24,#REF!,11,5,,11,52,5
Y,G114,N,MT,Dennis Hendren,HOL,HOL,HOL,,,HOL,HOL,HOL,HOL,HOL,,,CARS,CARS,TRG,TRG,TRG,ON CALL,ON CALL,KILG,KILG,KILG,KILG,SD,,,KILG,KILG,KILG,KILG,KILG,,,TRG,TRG,KILG,KILG,KILG,,,CARS,KILG,CARS,CARS,CARS,,,KILG,KILG,KILG,CARS,KILG,,,KILG,KILG,KILG,CARS,CARS,,,KILG,KILG,KILG,KILG,KILG,,,KILG,KILG,SICK,SICK,KILG,,,HOL in WD,KILG,KILG,KILG,KILG,,,HOL in WD,KILG,KILG,KILG,KILG,,,KILG,KILG,KILG,KILG,KILG,,,KILG,CARS,KILG,KILG,KILG,,,KILG,KILG,KILG,KILG,KILG,,,KILG,KILG,KILG,KILG,KILG,,,KILG,KILG,KILG,KILG,KILG,ON CALL,,KILG,KILG,KILG,KILG,KILG,ON CALL,ON CALL,KILG,KILG,KILG,KILG,KILG,,,SICK,KILG,KILG,KILG,KILG,,,KILG,CARS,KILG,KILG,TRG,,,KILG,KILG,KILG,KILG,KILG,ON CALL,ON CALL,KILG,KILG,KILG,KILG,KILG,,,KILG,KILG,KILG,KILG,KILG,ON CALL,,SICK,SICK,HOL in WD,HOL in WD,HOL in WD,,,HOL in WD,HOL in WD,HOL in WD,HOL in WD,KILG,,,KILG,KILG,KILG,TRG,MED,,,KILG,KILG,TRG,TRG,TRG,,,KILG,KILG,KILG,KILG,KILG,,,KILG,KILG,KILG,KILG,KILG,,,KILG,KILG,KILG,KILG,,,,TRG,TRG,TRG,KILG,KILG,,,TRG,TRG,TRG,TRG,KILG,,,TRG,TRG,TRG,KILG,HOL in WD,,,HOL in WD,HOL in WD,SICK,HOL in WD,HOL in WD,,,HOL in WD,HOL in WD,HOL in WD,HOL in WD,HOL in WD,,,HOL in WD,KILG,KILG,KILG,,,,ABS,ABS,ABS,ABS,ABS,,,SICK,SICK,SICK,SICK,SICK,,,SICK,KILG,KILG,KILG,KILG,,,KILG,HOL in WD,HOL in WD,HOL in WD,HOL in WD,,,HOL in WD,HOL in WD,KILG,KILG,KILG,ON CALL,ON CALL,KILG,KILG,KILG,KILG,KILG,,,KILG,KILG,KILG,KILG,KILG,,ON CALL,KILG,KILG,KILG,KILG,KILG,,,KILG,KILG,KILG,KILG,KILG,,,KILG,KILG,KILG,KILG,KILG,,,HOL in WD,HOL in WD,KILG,KILG,KILG,,,KILG,KILG,KILG,KILG,KILG,,,KILG,KILG,KILG,KILG,KILG,,,HOL in WD,KILG,KILG,HOL in WD,HOL in WD,,ON CALL,KILG,KILG,KILG,HOL in WD,HOL in WD,,,HOL in WD,HOL in WD,HOL in WD,HOL in WD,HOL in WD,,,KILG,KILG,KILG,KILG,KILG,,,KILG,KILG,KILG,KILG,KILG,ON CALL,,KILG,KILG,SD,KILG,KILG,,,KILG,KILG,KILG,KILG,KILG,ON CALL,,KILG,KILG,KILG,KILG,KILG,ON CALL,ON CALL,KILG,KILG,KILG,KILG,KILG,,,KILG,KILG,KILG,KILG,KILG,,,HOL in WD,KILG,KILG,KILG,KILG,ON CALL,,KILG,KILG,KILG,KILG,KILG,,,HOL in WD,KILG,KILG,KILG,KILG,,,KILG,KILG,KILG,KILG,KILG,,,KILG,HOL in WD,KILG,KILG,KILG,,,KILG,KILG,KILG,KILG,KILG,,,HOL in WD,HOL in WD,HOL in WD,HOL in WD,HOL in WD,,,HOL in WD,HOL in WD,HOL in WD,HOL in WD,HOL in WD,ON CALL,,KILG,KILG,KILG,KILG,KILG,,,KILG,KILG,KILG,KILG,KILG,,,HOL in WD,KILG,KILG,KILG,KILG,,,KILG,SICK,KILG,KILG,KILG,,,KILG,KILG,KILG,KILG,KILG,,,KILG,KILG,HOL in WD,HOL in WD,HOL in WD,,,HOL in WD,HOL in WD,HOL in WD,HOL in WD,HOL in WD,,,HOL in WD,KILG,KILG,KILG,KILG,,,KILG,KILG,KILG,KILG,KILG,,,KILG,KILG,KILG,KILG,KILG,,,KILG,KILG,KILG,KILG,KILG,ON CALL,ON CALL,KILG,KILG,KILG,KILG,KILG,,,TRG,KILG,KILG,KILG,KILG,,,KILG,KILG,KILG,KILG,KILG,,,KILG,KILG,KILG,KILG,KILG,,,KILG,KILG,KILG,KILG,KILG,,,KILG,KILG,KILG,KILG,KILG,,,KILG,KILG,KILG,KILG,KILG,ON CALL,ON CALL,KILG,,,,,,,,,,,,,,,,,,,,,,,,,,,,,,HOL in WD,HOL in WD,HOL in WD,,,HOL in WD,HOL in WD,HOL in WD,HOL in WD,HOL in WD,,,,,,,,,,,,,,,,,,,,,,,,,,,,,,,,,,,,,,,,,,,,,,,,,,,,,,,,,,,,,,,,,,,,,,,,,,,,,HOL in WD,,,,,,,,,,,,,,,,,,,,,,,,,,,,,,,,,,,,,,,,,,,,,,,,,,,,,,,,,,,,,,,,,,,,,,,,,,,,,,,,,,,,,,,,,,,,,,,,,,,,,#REF!,#REF!,#REF!,13,#REF!,12,5,,12,6,4
Y,N,N,CT,Billy Mullen,,,,,,,,,,,,,,,TRG,,,,,,,,,SD,,,,,,,,,,,,,,,,,,,,,,,,,,,,,,,KILG,,KILG,,,,,KILG,,KILG,,KILG,,,,,,,,,,,,,,,,,,,,,,,,,,,KILG,KILG,,,,,,,,,,,,,,,,,,KILG,KILG,,KILG,,,,,,,,,,,,,,,,,,,,,,,,,,,,,,,,,,,,,,,,,,,,,,,,,,,,,KILG,KILG,KILG,KILG,,,KILG,,,,,,,,,,,,,,,,,,,,,,,,,,,,,,,,,,,KILG,,KILG,,,,,,KILG,,KILG,,,,,,,KILG,KILG,,,,,,,,,,,,,KILG,,,,,,,,,,,,,,,,,,,,,KILG,,,,,,,,,,,,,,,,,,,KILG,,KILG,KILG,,,,,,,,,,,,KILG,KILG,KILG,,,KILG,KILG,KILG,KILG,KILG,,,KILG,KILG,KILG,,,,,,KILG,KILG,KILG,KILG,,,,,,KILG,KILG,,,KILG,KILG,KILG,KILG,KILG,,,,,KILG,,KILG,,,,,,,,,,KILG,,KILG,,KILG,,,,,,,,,,,,,HOL in WD,HOL in WD,,,,,,,,,,KILG,KILG,KILG,,KILG,,,KILG,KILG,KILG,KILG,KILG,,,,KILG,SD,,KILG,,,,,,KILG,KILG,,,,KILG,KILG,,,,,,KILG,KILG,KILG,KILG,,,,,,KILG,KILG,,,,KILG,KILG,,KILG,,,KILG,,KILG,KILG,,,,,KILG,KILG,KILG,KILG,,,KILG,KILG,KILG,,KILG,,,KILG,,KILG,KILG,KILG,,,KILG,KILG,,KILG,KILG,,,,,,,,,,,,,,,,,KILG,KILG,KILG,KILG,KILG,,,,,,KILG,KILG,,,,KILG,KILG,KILG,KILG,,,KILG,,,KILG,KILG,,,KILG,KILG,KILG,,,,,KILG,KILG,,,,,,,,,,,,,,,KILG,,,,,,KILG,KILG,KILG,KILG,,,KILG,,KILG,KILG,KILG,,,,,,KILG,,,,,,,,,,,,,,,,,,KILG,KILG,,KILG,KILG,,,,KILG,,KILG,KILG,,,,,KILG,KILG,KILG,,,,KILG,KILG,,KILG,,,KILG,KILG,KILG,KILG,KILG,,,KILG,,,,,,,,,,,,,,,,,,,,,,,,,,,,,,,,,,,,,,,,,,,,,,,,,,,,,,,,,,,,,,,,,,,,,,,,,,,,,,,,,,,,,,,,,,,,,,,,,,,,,,,,,,,,,,,,,,,,,,,,,,,,,,,,,,,,,,,,,,,,,,,,,,,,,,,,,,,,,,,,,,,,,,,,,,,,,,,,,,,,,,,,,,,,,,,,,,,,,,,,,,,,,,,,,,,,,,,,,#REF!,#REF!,#REF!,,#REF!,0,,,0,0,
Y,G114,N,MT,Martin Glover,HOL,KILG,KILG,,,KILG,KILG,KILG,KILG,KILG,,,KILG,KILG,TRG,TRG,TRG,,,KILG,KILG,KILG,KILG,SD,,,KILG,SICK,SICK,HOL in WD,HOL in WD,,,TRG,TRG,SICK,SICK,SICK,,,SICK,SICK,SICK,SICK,SICK,,,SICK,SICK,KILG,KILG,KILG,ON CALL,ON CALL,KILG,KILG,KILG,KILG,KILG,,,KILG,KILG,KILG,KILG,KILG,,,KILG,KILG,KILG,KILG,KILG,,,HOL Apprvd,HOL in WD,HOL in WD,HOL in WD,HOL in WD,,,KILG,KILG,KILG,KILG,KILG,,,KILG,KILG,HOL in WD,KILG,KILG,,,KILG,KILG,KILG,KILG,KILG,,,HOL Apprvd,HOL in WD,HOL in WD,HOL in WD,HOL in WD,,,KILG,KILG,KILG,KILG,KILG,,,KILG,KILG,KILG,KILG,KILG,,,KILG,KILG,KILG,KILG,KILG,,,KILG,KILG,KILG,KILG,KILG,,,KILG,KILG,KILG,KILG,KILG,,,KILG,KILG,KILG,KILG,HOL in WD,,,KILG,KILG,KILG,KILG,KILG,,,KILG,KILG,KILG,KILG,TRG,,,KILG,KILG,KILG,KILG,KILG,,,KILG,KILG,KILG,KILG,KILG,,,KILG,KILG,KILG,KILG,KILG,,,KILG,KILG,KILG,KILG,KILG,,,KILG,KILG,KILG,KILG,HOL in WD,,,HOL in WD,HOL in WD,HOL in WD,HOL in WD,HOL in WD,,,KILG,KILG,KILG,KILG,KILG,,,KILG,KILG,KILG,KILG,,ON CALL,ON CALL,KILG,KILG,KILG,KILG,KILG,,,KILG,KILG,KILG,HOL in WD,HOL in WD,,,HOL in WD,HOL in WD,KILG,KILG,KILG,,,KILG,KILG,KILG,KILG,KILG,,,SICK,SICK,KILG,KILG,KILG,,,KILG,HOL in WD,KILG,KILG,,,,KILG,KILG,KILG,KILG,KILG,,,KILG,KILG,KILG,KILG,OFF,ON CALL,ON CALL,KILG,KILG,OFF,KILG,KILG,,,HOL in WD,HOL in WD,HOL in WD,HOL in WD,HOL in WD,,,KILG,KILG,KILG,KILG,KILG,,,KILG,KILG,KILG,KILG,KILG,,,KILG,KILG,KILG,KILG,KILG,,,KILG,KILG,KILG,KILG,KILG,,,TRG,TRG,TRG,KILG,KILG,,,KILG,KILG,KILG,KILG,KILG,,,KILG,KILG,KILG,HOL in WD,KILG,,,TRG,TRG,TRG,TRG,SICK,,,KILG,MED,KILG,SICK,KILG,,,HOL in WD,HOL in WD,HOL in WD,HOL in WD,HOL in WD,,,HOL in WD,HOL in WD,HOL in WD,HOL in WD,HOL in WD,,,KILG,KILG,KILG,KILG,KILG,,,KILG,KILG,KILG,KILG,KILG,,,KILG,KILG,KILG,KILG,KILG,,ON CALL,SICK,SICK,SD,KILG,KILG,,,TRG,TRG,TRG,KILG,KILG,,,KILG,KILG,KILG,HOL in WD,HOL in WD,,,KILG,KILG,KILG,KILG,KILG,,,TRG,TRG,TRG,KILG,KILG,,,KILG,KILG,KILG,TRG,KILG,,,KILG,HOL in WD,KILG,KILG,KILG,,,KILG,KILG,KILG,KILG,KILG,,,KILG,KILG,KILG,HOL Apprvd,KILG,,,KILG,KILG,KILG,KILG,KILG,,,KILG,KILG,HOL in WD,KILG,KILG,,,KILG,KILG,KILG,KILG,KILG,,,KILG,KILG,KILG,KILG,KILG,,,KILG,KILG,KILG,KILG,KILG,ON CALL,ON CALL,HOL in WD,HOL in WD,KILG,KILG,KILG,,,KILG,KILG,KILG,KILG,KILG,,,KILG,KILG,KILG,KILG,KILG,,,KILG,KILG,KILG,HOL in WD,OFF,,,KILG,KILG,KILG,KILG,KILG,,,KILG,KILG,KILG,KILG,KILG,,,KILG,KILG,KILG,SICK,HOL in WD,ON CALL,ON CALL,KILG,KILG,KILG,KILG,KILG,,,SICK,KILG,KILG,KILG,KILG,,,KILG,KILG,KILG,KILG,KILG,,,SICK,SICK,SICK,SICK,SICK,,,OFF,OFF,OFF,OFF,OFF,,,KILG,KILG,HOL in WD,KILG,KILG,,,KILG,KILG,SICK,KILG,KILG,ON CALL,ON CALL,KILG,KILG,KILG,KILG,KILG,,,KILG,KILG,KILG,HOL in WD,KILG,,ON CALL,KILG,KILG,KILG,KILG,KILG,,,KILG,,,,,,,,,,,,,,,,,,,,,,,,,,,,,,,,,,,,,,,,,,,,,,,,,,,,,,,,,,,,,,,,,,,,,,,,,,,,,,,,,,,,,,,,,,,,,,,,,,,,,,,,,,,,,,,,,,,,,,,,,,,ON CALL,,,,,,,,,,,,,,,,,,,,,,,,,,,,,,,,,,,,,,,,,,,,,,,,,,,,,,,,,,,,,,,,,,,,,,,,,,,,,,,,,,,,,,,,,,,,,,#REF!,#REF!,#REF!,26,#REF!,14,2/3?,,16,12,1
Y,G114,N,MT,Joe Zonfrillo,HOL,HOL,KILG,,,KILG,KILG,KILG,KILG,KILG,,,KILG,KILG,KILG,KILG,KILG,,,KILG,KILG,KILG,KILG,SD,ON CALL,,KILG,HOL in WD,HOL in WD,HOL in WD,HOL in WD,,,TRG,TRG,KILG,KILG,KILG,,,KILG,KILG,TRG,TRG,TRG,ON CALL,ON CALL,SICK,SICK,SICK,SICK,SICK,,,KILG,KILG,KILG,KILG,KILG,,,KILG,KILG,KILG,KILG,KILG,,,KILG,KILG,KILG,KILG,KILG,,,KILG,TRG,KILG,KILG,KILG,ON CALL,,KILG,KILG,KILG,KILG,KILG,,,KILG,KILG,KILG,KILG,KILG,,,KILG,KILG,KILG,HOL in WD,HOL in WD,,,HOL in WD,KILG,KILG,KILG,KILG,,,KILG,KILG,KILG,KILG,KILG,,,KILG,KILG,TRG,TRG,TRG,,,HOL in WD,SICK,SICK,SICK,SICK,,,HOL in WD,HOL in WD,HOL in WD,HOL in WD,HOL in WD,,,KILG,KILG,KILG,KILG,KILG,,,KILG,KILG,KILG,KILG,KILG,,,KILG,KILG,KILG,KILG,HOL in WD,,,HOL in WD,HOL in WD,HOL in WD,HOL in WD,HOL in WD,,,KILG,KILG,KILG,KILG,KILG,,,KILG,KILG,KILG,KILG,KILG,,,KILG,KILG,KILG,KILG,KILG,ON CALL,ON CALL,KILG,KILG,KILG,KILG,HOL in WD,,,HOL in WD,KILG,KILG,KILG,KILG,,,KILG,KILG,KILG,HOL in WD,HOL in WD,,,HOL in WD,HOL in WD,HOL in WD,HOL in WD,HOL in WD,ON CALL,ON CALL,KILG,KILG,KILG,KILG,HOL in WD,,,HOL in WD,KILG,KILG,KILG,KILG,,,KILG,KILG,KILG,KILG,KILG,,,KILG,KILG,KILG,KILG,HOL in WD,,,HOL in WD,HOL in WD,SICK,KILG,KILG,,,KILG,SICK,KILG,KILG,KILG,,,KILG,KILG,KILG,KILG,,,,KILG,KILG,KILG,KILG,KILG,ON CALL,ON CALL,KILG,KILG,KILG,KILG,KILG,,,KILG,KILG,KILG,KILG,KILG,,,KILG,KILG,KILG,KILG,HOL in WD,,,KILG,HOL Apprvd,HOL Apprvd,KILG,KILG,,,KILG,KILG,KILG,KILG,KILG,,,KILG,KILG,KILG,KILG,KILG,,,KILG,KILG,KILG,KILG,KILG,,,KILG,KILG,KILG,KILG,KILG,ON CALL,ON CALL,KILG,KILG,KILG,KILG,KILG,,,SICK,KILG,KILG,KILG,KILG,,,HOL in WD,KILG,KILG,KILG,KILG,,,KILG,KILG,KILG,KILG,KILG,,,KILG,KILG,KILG,HOL in WD,HOL in WD,,,KILG,KILG,KILG,HOL in WD,KILG,,,KILG,KILG,KILG,KILG,HOL in WD,,,KILG,KILG,KILG,KILG,KILG,,ON CALL,KILG,KILG,KILG,KILG,KILG,,,KILG,KILG,SD,SD,KILG,,,KILG,KILG,KILG,KILG,HOL in WD,,,KILG,KILG,KILG,KILG,KILG,,,KILG,KILG,KILG,KILG,KILG,,,KILG,KILG,KILG,KILG,KILG,,,HOL in WD,SICK,KILG,KILG,KILG,ON CALL,,KILG,KILG,HOL in WD,HOL in WD,HOL in WD,,,KILG,KILG,KILG,KILG,KILG,,,KILG,KILG,KILG,KILG,KILG,,,KILG,KILG,KILG,KILG,HOL in WD,,,HOL in WD,HOL in WD,TRG,TRG,TRG,,,KILG,KILG,KILG,KILG,KILG,,,KILG,KILG,KILG,KILG,KILG,,,KILG,KILG,KILG,TRG,KILG,,,HOL Apprvd,KILG,KILG,KILG,KILG,,,KILG,MED,KILG,KILG,KILG,,,KILG,KILG,KILG,KILG,KILG,,,TRG,TRG,TRG,KILG,KILG,,,TRG,TRG,TRG,TRG,HOL in WD,,,TRG,TRG,TRG,TRG,HOL in WD,,,HOL in WD,KILG,KILG,KILG,HOL in WD,,,HOL in WD,KILG,KILG,KILG,KILG,,,KILG,KILG,KILG,HOL in WD,HOL in WD,,,HOL in WD,HOL in WD,KILG,KILG,KILG,,,KILG,KILG,KILG,KILG,HOL in WD,,,HOL in WD,HOL in WD,KILG,KILG,KILG,,,KILG,KILG,KILG,KILG,KILG,ON CALL,ON CALL,KILG,KILG,KILG,KILG,KILG,,,KILG,KILG,KILG,KILG,KILG,,,KILG,KILG,KILG,KILG,KILG,,,KILG,KILG,KILG,KILG,HOL in WD,,,HOL in WD,HOL in WD,HOL in WD,HOL in WD,HOL in WD,,,,,,,,,,,,,,,,,,,,,,,,,,,,,,,,,,,,,,,,,,,,,,,,,,,,,,,,,,,,,,,,,,,,,,,,,,,,,,,,,,,,,,,,,,,,,,,,,,,,,,,,,,,,,,,,ON CALL,,,,,,,,,,,,,,,,,,,,,,,,,,,,,,,,,,,,,,,,,,,,,,,,,,,,,,,,,,,,,,,,,,,,,,,,,,,,,,,,,,,,,,,,,,,,,,,,,,,,,#REF!,#REF!,#REF!,13,#REF!,12,5,,12,11,
Y,G114,N,MT,Scott McCathie,HOL,HOL,HOL,,,KILG,KILG,KILG,KILG,KILG,,,KILG,KILG,KILG,KILG,KILG,,,KILG,KILG,KILG,KILG,SD,,,KILG,KILG,KILG,KILG,KILG,ON CALL,ON CALL,TRG,TRG,KILG,KILG,HOL in WD,,,HOL in WD,HOL in WD,TRG,TRG,TRG,,,KILG,KILG,KILG,KILG,KILG,,,KILG,KILG,KILG,KILG,KILG,,,KILG,KILG,KILG,KILG,KILG,,,KILG,KILG,KILG,KILG,KILG,,,KILG,KILG,KILG,KILG,KILG,,,KILG,KILG,KILG,KILG,KILG,ON CALL,ON CALL,KILG,KILG,KILG,KILG,KILG,,,KILG,KILG,HOL in WD,KILG,KILG,,,HOL in WD,HOL in WD,HOL in WD,HOL in WD,HOL in WD,,,KILG,KILG,KILG,KILG,KILG,,,KILG,KILG,TRG,TRG,TRG,,,KILG,KILG,KILG,KILG,KILG,,,KILG,KILG,KILG,KILG,TRG,,,KILG,KILG,KILG,KILG,KILG,ON CALL,ON CALL,KILG,KILG,KILG,KILG,KILG,,,HOL in WD,KILG,KILG,KILG,KILG,,,KILG,KILG,KILG,KILG,HOL in WD,,,HOL in WD,KILG,KILG,KILG,KILG,,,KILG,KILG,KILG,KILG,KILG,,,KILG,KILG,KILG,KILG,KILG,,,KILG,KILG,KILG,HOL in WD,HOL in WD,,,HOL in WD,HOL in WD,HOL in WD,HOL in WD,HOL in WD,,,KILG,KILG,KILG,KILG,KILG,,,KILG,KILG,KILG,KILG,KILG,,,KILG,KILG,KILG,KILG,HOL in WD,,,HOL in WD,KILG,KILG,KILG,KILG,,,KILG,KILG,KILG,KILG,HOL in WD,,,KILG,KILG,KILG,KILG,KILG,,,KILG,KILG,KILG,KILG,KILG,,,KILG,KILG,KILG,KILG,KILG,,,HOL in WD,KILG,KILG,KILG,HOL in WD,,,HOL in WD,KILG,KILG,KILG,KILG,,,KILG,KILG,KILG,KILG,KILG,,,KILG,KILG,KILG,KILG,KILG,ON CALL,ON CALL,KILG,HOL in WD,HOL in WD,KILG,KILG,,,KILG,KILG,KILG,KILG,KILG,,,KILG,KILG,KILG,KILG,KILG,,,HOL in WD,KILG,KILG,KILG,KILG,,,KILG,KILG,KILG,KILG,KILG,,,KILG,KILG,KILG,KILG,KILG,,,KILG,KILG,KILG,KILG,KILG,,,KILG,KILG,KILG,KILG,HOL in WD,ON CALL,ON CALL,KILG,KILG,KILG,KILG,KILG,,,HOL in WD,HOL in WD,KILG,KILG,KILG,,,KILG,KILG,HOL in WD,HOL in WD,HOL in WD,,,KILG,KILG,KILG,HOL in WD,HOL in WD,,,HOL in WD,HOL in WD,KILG,KILG,KILG,,,KILG,KILG,KILG,KILG,KILG,,,KILG,KILG,KILG,KILG,KILG,,,KILG,KILG,SD,SD,KILG,ON CALL,ON CALL,KILG,KILG,KILG,KILG,HOL in WD,,,HOL in WD,HOL in WD,HOL in WD,HOL in WD,HOL in WD,,,KILG,KILG,KILG,KILG,KILG,,,KILG,KILG,KILG,KILG,KILG,,,KILG,KILG,KILG,KILG,KILG,,,KILG,KILG,KILG,KILG,KILG,,,KILG,KILG,KILG,KILG,KILG,ON CALL,ON CALL,KILG,KILG,KILG,KILG,KILG,,,KILG,KILG,KILG,KILG,KILG,,,HOL in WD,HOL in WD,HOL in WD,HOL in WD,HOL in WD,,,KILG,KILG,KILG,KILG,KILG,,,KILG,KILG,KILG,KILG,KILG,,,KILG,KILG,KILG,TRG,KILG,,,KILG,KILG,TRG,TRG,TRG,ON CALL,Lee bealing,KILG,KILG,KILG,KILG,KILG,,,KILG,KILG,KILG,KILG,KILG,,,TRG,TRG,TRG,KILG,KILG,,,TRG,TRG,TRG,TRG,HOL in WD,,,TRG,TRG,TRG,TRG,KILG,,,MED,KILG,KILG,KILG,KILG,,,KILG,KILG,KILG,HOL in WD,HOL in WD,ON CALL,ON CALL,KILG,KILG,KILG,KILG,KILG,,,HOL in WD,HOL in WD,HOL in WD,HOL in WD,HOL in WD,,,HOL in WD,HOL in WD,HOL in WD,HOL in WD,HOL in WD,,,KILG,KILG,KILG,KILG,KILG,,,KILG,KILG,KILG,KILG,KILG,,,KILG,KILG,KILG,KILG,KILG,,,KILG,KILG,KILG,KILG,HOL in WD,,,HOL in WD,HOL in WD,KILG,KILG,KILG,,,KILG,KILG,KILG,KILG,KILG,,,KILG,,,,,,,,,,,,,,,,,,,,,,,,,,,,,,,,,,,,,,,,,,,,,,,,,,,,,,,,,,,,,,,,,,,,,,,,,,,,,,,,,,,,,,,,,,,,,,,,,,,,,,,,,,,,,,,,,,,,,,,,HOL in WD,HOL in WD,HOL in WD,,,,,,,,,,,,,,,,,,,,,,,,,,,,,,,,,,,,,,,,,,,,,,,,,,,,,,,,,,,,,,,,,,,,,,,,,,,,,,,,,,,,,,,,,,,,,,,#REF!,#REF!,#REF!,0,#REF!,0,,,0,1,
Y,G114,N,MT,Scott Lennox,HOL,HOL,KILG,,,KILG,KILG,KILG,KILG,KILG,ON CALL,ON CALL,KILG,KILG,KILG,SICK,SICK,,,SICK,SICK,SICK,SICK,SICK,,,HOL in WD,KILG,TRG,TRG,TRG,,,TRG,TRG,KILG,KILG,KILG,,,KILG,KILG,KILG,KILG,KILG,,,KILG,KILG,KILG,KILG,KILG,,,KILG,KILG,KILG,KILG,CARS,,,KILG,SICK,KILG,KILG,KILG,ON CALL,ON CALL,KILG,KILG,KILG,KILG,KILG,,,KILG,KILG,KILG,HOL in WD,KILG,,,CARS,CARS,CARS,CARS,CARS,,,CARS,KILG,KILG,KILG,KILG,ON CALL,,KILG,KILG,HOL in WD,HOL in WD,HOL in WD,,,HOL in WD,KILG,KILG,KILG,KILG,,,KILG,KILG,KILG,KILG,KILG,,,KILG,KILG,KILG,KILG,KILG,,,HOL in WD,KILG,KILG,KILG,KILG,,,KILG,KILG,KILG,KILG,KILG,,,KILG,KILG,KILG,KILG,KILG,,,KILG,SICK,KILG,KILG,TRG,,,KILG,KILG,KILG,KILG,KILG,,,HOL in WD,HOL in WD,HOL in WD,HOL in WD,HOL in WD,,,KILG,KILG,KILG,KILG,KILG,,,KILG,KILG,KILG,KILG,KILG,ON CALL,ON CALL,KILG,SICK,SICK,SICK,SICK,,,SICK,KILG,KILG,SICK,SICK,,,SICK,SICK,SICK,SICK,SICK,,,SICK,SICK,SICK,SICK,SICK,,,SICK,SICK,SICK,SICK,SICK,,,SICK,KILG,OFF,KILG,OFF,,,TRG,TRG,TRG,KILG,OFF,,,TRG,TRG,TRG,TRG,KILG,,,TRG,TRG,TRG,KILG,KILG,ON CALL,ON CALL,KILG,KILG,KILG,KILG,KILG,,,KILG,KILG,KILG,KILG,KILG,,,KILG,KILG,KILG,KILG,,,,KILG,KILG,TRG,TRG,TRG,,,HOL in WD,KILG,KILG,KILG,KILG,,,KILG,KILG,KILG,KILG,KILG,,,KILG,KILG,KILG,KILG,KILG,,,KILG,KILG,KILG,KILG,KILG,,,HOL in WD,KILG,KILG,KILG,KILG,ON CALL,ON CALL,KILG,KILG,KILG,KILG,KILG,,,KILG,KILG,KILG,KILG,SICK,,,HOL in WD,KILG,KILG,KILG,KILG,,,KILG,KILG,KILG,KILG,KILG,,,KILG,KILG,TRG,KILG,KILG,,,KILG,KILG,KILG,KILG,KILG,,,KILG,KILG,KILG,KILG,KILG,ON CALL,,KILG,KILG,KILG,HOL in WD,HOL in WD,ON CALL,ON CALL,SICK,KILG,HOL in WD,HOL in WD,HOL in WD,,,KILG,KILG,KILG,TRG,TRG,,,KILG,KILG,KILG,KILG,KILG,,ON CALL,KILG,HOL in WD,KILG,KILG,KILG,,,KILG,HOL in WD,SD,KILG,KILG,,,HOL in WD,HOL in WD,HOL in WD,HOL in WD,HOL in WD,,,KILG,KILG,KILG,KILG,KILG,,,KILG,KILG,KILG,KILG,KILG,,,HOL in WD,HOL in WD,HOL in WD,HOL in WD,HOL in WD,,,KILG,KILG,KILG,KILG,KILG,,ON CALL,KILG,KILG,KILG,KILG,SICK,,ON CALL,KILG,KILG,KILG,KILG,KILG,,,KILG,KILG,KILG,KILG,KILG,,,KILG,KILG,KILG,KILG,KILG,,,KILG,KILG,KILG,KILG,KILG,,,KILG,KILG,KILG,KILG,KILG,,,HOL in WD,HOL in WD,HOL in WD,HOL in WD,KILG,ON CALL,ON CALL,KILG,KILG,KILG,KILG,KILG,,,KILG,KILG,HOL in WD,KILG,KILG,,,KILG,KILG,KILG,KILG,SICK,,,KILG,KILG,KILG,KILG,KILG,,,KILG,KILG,KILG,KILG,KILG,,,KILG,KILG,KILG,KILG,KILG,ON CALL,ON CALL,KILG,KILG,KILG,KILG,HOL Apprvd,,,HOL in WD,HOL in WD,HOL in WD,HOL in WD,HOL in WD,,,HOL in WD,HOL in WD,KILG,KILG,KILG,,,KILG,KILG,KILG,KILG,KILG,,,KILG,KILG,KILG,KILG,KILG,,,KILG,KILG,KILG,KILG,KILG,,,TRG,KILG,KILG,KILG,KILG,,,KILG,KILG,KILG,KILG,KILG,ON CALL,ON CALL,KILG,KILG,KILG,KILG,KILG,,,KILG,KILG,KILG,HOL in WD,HOL in WD,,,HOL in WD,KILG,KILG,KILG,KILG,,,KILG,KILG,KILG,KILG,KILG,,,KILG,,,,,,,,,,,,,,,,,,,,,MED,,,,,,,,,,,,,,,,,,,,,,,,,,,,,,,,,,,,,,,,,,,,,,,,,,,,,,,,,,,,,,,,,,,,,,,,,,,,,,,,,,,,,,,,,,,,,,,ON CALL,,,HOL in WD,HOL in WD,HOL in WD,HOL in WD,HOL in WD,,,,,,,,,,HOL in WD,HOL in WD,HOL in WD,HOL in WD,HOL in WD,,,,,,,,,,,,,,,,,,,,,,,,,,,,,,,,,,,,,,,,,,,,,,,,,,,,,,,,,,,,,,,,,,,,,,,,,,,,,,,,#REF!,#REF!,#REF!,32,#REF!,33,,,34,8,
Y,N,N,CT,Jim Hunter,HOL,HOL,HOL,,,CARS,CARS,CARS,CARS,CARS,,,CARS,CARS,CARS,CARS,KILG,,,CARS,KILG,KILG,CARS,SD,,,CARS,KILG,KILG,CARS,KILG,,,TRG,TRG,KILG,KILG,KILG,,,CARS,CARS,CARS,CARS,CARS,,,CARS,CARS,CARS,KILG,KILG,,,CARS,KILG,TRG,TRG,TRG,,,CARS,CARS,CARS,CARS,CARS,,,CARS,CARS,CARS,CARS,CARS,,,TRG,TRG,TRG,TRG,TRG,,,KILG,KILG,KILG,KILG,KILG,,,KILG,KILG,KILG,KILG,KILG,ON CALL,ON CALL,KILG,KILG,KILG,KILG,KILG,,,KILG,KILG,KILG,CARS,HOL in WD,,,HOL in WD,KILG,KILG,KILG,KILG,,,KILG,KILG,KILG,KILG,KILG,,,HOL in WD,KILG,TRG,KILG,KILG,,,KILG,KILG,KILG,KILG,KILG,,,KILG,KILG,KILG,KILG,KILG,,,KILG,KILG,TRG,TRG,TRG,,,KILG,KILG,KILG,KILG,KILG,,,KILG,KILG,KILG,KILG,KILG,,,SICK,SICK,KILG,KILG,KILG,,,KILG,KILG,KILG,KILG,HOL in WD,,,HOL in WD,KILG,KILG,KILG,KILG,,,KILG,KILG,KILG,KILG,KILG,,,HOL in WD,HOL in WD,HOL in WD,HOL in WD,HOL in WD,,,HOL in WD,HOL in WD,HOL in WD,HOL in WD,HOL in WD,ON CALL,ON CALL,KILG,KILG,KILG,KILG,KILG,,,KILG,KILG,KILG,KILG,,,,HOL in WD,HOL in WD,KILG,KILG,KILG,,,KILG,KILG,KILG,KILG,KILG,,,KILG,KILG,KILG,KILG,KILG,,,HOL in WD,HOL in WD,KILG,KILG,KILG,,,KILG,KILG,KILG,KILG,KILG,,,KILG,KILG,KILG,KILG,,ON CALL,,KILG,KILG,KILG,KILG,KILG,,,KILG,KILG,KILG,HOL in WD,HOL in WD,,,HOL in WD,HOL in WD,HOL in WD,HOL in WD,HOL in WD,,,KILG,KILG,KILG,KILG,KILG,,,KILG,KILG,KILG,KILG,KILG,,,KILG,KILG,KILG,KILG,KILG,,,KILG,KILG,KILG,KILG,KILG,,,KILG,KILG,KILG,KILG,KILG,ON CALL,ON CALL,KILG,KILG,KILG,KILG,KILG,,,KILG,KILG,HOL in WD,HOL in WD,HOL in WD,,,KILG,KILG,KILG,KILG,KILG,,,KILG,KILG,KILG,KILG,KILG,,,KILG,KILG,KILG,KILG,KILG,,,KILG,KILG,KILG,HOL in WD,HOL in WD,,,HOL in WD,HOL in WD,HOL in WD,HOL in WD,HOL in WD,,,KILG,KILG,KILG,KILG,KILG,ON CALL,ON CALL,KILG,KILG,KILG,KILG,KILG,,,KILG,KILG,KILG,KILG,KILG,,,KILG,KILG,SD,SD,KILG,,,KILG,KILG,KILG,KILG,KILG,,,KILG,KILG,KILG,KILG,KILG,,,KILG,KILG,KILG,KILG,KILG,,,SICK,SICK,KILG,KILG,KILG,ON CALL,ON CALL,KILG,KILG,KILG,KILG,KILG,,,HOL in WD,HOL in WD,HOL in WD,HOL in WD,HOL in WD,,,KILG,KILG,KILG,KILG,KILG,,,KILG,KILG,KILG,KILG,KILG,,,KILG,KILG,KILG,HOL in WD,HOL in WD,,,HOL in WD,KILG,KILG,KILG,KILG,,,KILG,KILG,KILG,KILG,KILG,ON CALL,ON CALL,KILG,KILG,KILG,KILG,KILG,,,KILG,KILG,KILG,KILG,KILG,,,KILG,KILG,KILG,KILG,KILG,,,KILG,KILG,KILG,KILG,KILG,,,KILG,KILG,KILG,KILG,KILG,,,KILG,KILG,KILG,KILG,KILG,,,HOL in WD,KILG,KILG,KILG,HOL in WD,,,KILG,KILG,KILG,TRG,KILG,ON CALL,ON CALL,KILG,KILG,KILG,KILG,ABS,,,KILG,KILG,KILG,KILG,KILG,,,KILG,KILG,KILG,KILG,KILG,,,KILG,KILG,KILG,KILG,KILG,,,KILG,KILG,KILG,KILG,KILG,,,HOL in WD,HOL in WD,HOL in WD,HOL in WD,HOL in WD,,,HOL in WD,HOL in WD,HOL in WD,HOL in WD,HOL in WD,,,KILG,KILG,KILG,KILG,KILG,,,KILG,KILG,KILG,KILG,KILG,,,KILG,KILG,KILG,KILG,KILG,,,KILG,KILG,KILG,KILG,HOL in WD,,ON CALL,KILG,,,,,,,,,,,,,,,,,,,,,MED,,,,,,,,,,,,,,HOL in WD,HOL in WD,HOL in WD,HOL in WD,HOL in WD,,,,,,,,,,,,,,,,,,,,,,,,,,,,,,,,,,,,,,,,,,,,,,,HOL in WD,HOL in WD,HOL in WD,,,,,,,,,,,,,,,,,HOL in WD,,,,,,,,,,HOL in WD,HOL in WD,,,HOL in WD,HOL in WD,HOL in WD,HOL in WD,HOL in WD,,,,,,,,,,,,,,,,,,,,,,,,,,,,,,,,,,,,,,,,,,,,,,,,,,,,,,,,,,,,,,,,,,,,,,,,,,,,,,,,,,,,,,,,,,,,,,#REF!,#REF!,#REF!,4,#REF!,2,,,2,0,
Y,N,N,CT (APP),Thomas Dempsie,,,,,,,,,,,,,,TRG,,,,,,TRG,TRG,TRG,TRG,,,,TRG,TRG,TRG,TRG,TRG,,,TRG,TRG,,,,,,KILG,KILG,KILG,KILG,KILG,,,CARS,CARS,CARS,KILG,KILG,,,CARS,KILG,CARS,CARS,CARS,,,CARS,CARS,CARS,CARS,CARS,,,CARS,CARS,CARS,CARS,CARS,,,CARS,CARS,CARS,CARS,CARS,,,CARS,CARS,TRG,TRG,TRG,,,CARS,CARS,CARS,CARS,CARS,,,TRG,TRG,TRG,TRG,TRG,,,CARS,CARS,CARS,HOL Apprvd,KILG,,,HOL in WD,TRG,KILG,KILG,KILG,,,KILG,KILG,KILG,KILG,KILG,,,KILG,KILG,KILG,KILG,KILG,,,KILG,KILG,KILG,KILG,KILG,,,KILG,KILG,HOL in WD,KILG,HOL Apprvd,,,HOL Apprvd,HOL Apprvd,HOL in WD,KILG,KILG,,,KILG,KILG,KILG,KILG,KILG,,,,KILG,KILG,HOL Apprvd,HOL Apprvd,,,HOL Apprvd,HOL Apprvd,HOL Apprvd,HOL Apprvd,HOL Apprvd,,,KILG,KILG,KILG,KILG,KILG,,,KILG,KILG,KILG,KILG,KILG,,,KILG,KILG,KILG,HOL in WD,KILG,,,KILG,KILG,KILG,KILG,KILG,,,HOL in WD,KILG,SICK,SICK,KILG,,,KILG,KILG,KILG,KILG,KILG,,,KILG,KILG,KILG,TRG,TRG,,,TRG,TRG,KILG,KILG,KILG,,,SICK,SICK,SICK,SICK,SICK,,,KILG,KILG,KILG,KILG,KILG,,,KILG,KILG,KILG,KILG,KILG,,,KILG,KILG,KILG,KILG,KILG,,ON CALL,HOL in WD,HOL in WD,KILG,KILG,,,ON CALL,HOL in WD,KILG,KILG,KILG,KILG,,,KILG,KILG,KILG,KILG,KILG,,,KILG,KILG,HOL in WD,KILG,KILG,,,KILG,KILG,KILG,KILG,KILG,,,KILG,KILG,KILG,KILG,KILG,,,KILG,KILG,KILG,HOL in WD,KILG,,,HOL in WD,HOL in WD,KILG,KILG,KILG,,,HOL in WD,SICK,KILG,KILG,KILG,,,KILG,KILG,KILG,KILG,KILG,,,KILG,KILG,KILG,KILG,KILG,,,KILG,KILG,KILG,KILG,HOL in WD,,,HOL in WD,KILG,KILG,KILG,HOL in WD,,ON CALL,HOL in WD,MED,KILG,KILG,MED,,,KILG,KILG,KILG,HOL in WD,HOL in WD,,,HOL in WD,HOL in WD,HOL in WD,HOL in WD,HOL in WD,,,KILG,KILG,KILG,KILG,KILG,,,KILG,KILG,KILG,KILG,KILG,ON CALL,,KILG,KILG,KILG,KILG,KILG,,ON CALL,SICK,SICK,SD,SD,KILG,,,KILG,KILG,KILG,KILG,KILG,,,HOL in WD,HOL in WD,TRG,TRG,TRG,,,KILG,KILG,KILG,KILG,KILG,,,KILG,KILG,KILG,KILG,KILG,,,KILG,KILG,KILG,KILG,KILG,,,KILG,KILG,KILG,KILG,KILG,,,HOL in WD,KILG,KILG,SICK,KILG,,,KILG,KILG,KILG,KILG,KILG,,ON CALL,KILG,KILG,KILG,KILG,KILG,,,HOL in WD,ABS,KILG,KILG,KILG,,,KILG,KILG,KILG,KILG,KILG,,,HOL in WD,HOL in WD,HOL in WD,HOL in WD,HOL in WD,,ON CALL,KILG,KILG,KILG,KILG,KILG,Lee bealing,ON CALL,KILG,KILG,KILG,KILG,KILG,,,KILG,KILG,KILG,KILG,KILG,,,KILG,KILG,HOL in WD,HOL in WD,HOL in WD,,,HOL in WD,HOL in WD,KILG,KILG,KILG,,,KILG,KILG,KILG,KILG,KILG,ON CALL,ON CALL,KILG,KILG,KILG,TRG,KILG,,,KILG,HOL in WD,SICK,KILG,KILG,ON CALL,ON CALL,KILG,KILG,KILG,KILG,KILG,,,KILG,KILG,KILG,KILG,KILG,,ON CALL,KILG,KILG,KILG,KILG,KILG,,,KILG,KILG,KILG,KILG,KILG,,,HOL in WD,KILG,SICK,KILG,KILG,,,KILG,KILG,KILG,KILG,HOL Apprvd,,,KILG,KILG,KILG,KILG,KILG,,ON CALL,KILG,KILG,KILG,KILG,KILG,,,KILG,KILG,KILG,KILG,HOL Apprvd,,,KILG,KILG,KILG,KILG,KILG,,,HOL in WD,,,,,,,,,,,,,,HOL in WD,HOL in WD,HOL in WD,HOL in WD,HOL in WD,,,,,,,,,,,,,,,,,,,,,,,,,,,,,,,,,,,,,,,,,,,,,,,,,,,,,,,,,,,,,,,,,,,,,,,,,,,,,,,,,,,,,,,,,,,,,,,,,,,,,,,,,ON CALL,,,,,,,,,,,,,,,,,,,,,,,,,,,,,,,,,,,,,,,,,,,,,,,,,,,,,,,,,,,,,,,,,,,,,,,,,,,,,,,,,,,,,,,,,,,,,,#REF!,#REF!,#REF!,13,#REF!,8,,,8,0,
Y,N,N,CT (APP),Lewis Clark,,,,,,,,,,,,,,TRG,,,,,,TRG,TRG,TRG,TRG,,,,TRG,TRG,TRG,TRG,TRG,,,TRG,TRG,,,,,,KILG,KILG,KILG,KILG,KILG,,,CARS,CARS,CARS,KILG,KILG,,,CARS,KILG,CARS,CARS,CARS,,,CARS,CARS,CARS,CARS,CARS,,,CARS,CARS,CARS,CARS,CARS,,,CARS,CARS,CARS,CARS,CARS,,,CARS,CARS,TRG,TRG,TRG,,,CARS,CARS,CARS,CARS,CARS,,,TRG,TRG,TRG,TRG,TRG,,,KILG,KILG,KILG,HOL Apprvd,KILG,,,KILG,TRG,KILG,KILG,KILG,,,KILG,KILG,KILG,KILG,KILG,,,KILG,KILG,KILG,KILG,KILG,,,KILG,KILG,KILG,KILG,KILG,,,KILG,KILG,HOL in WD,HOL in WD,KILG,,,KILG,KILG,KILG,KILG,KILG,,,KILG,KILG,HOL in WD,KILG,KILG,,,KILG,KILG,KILG,KILG,KILG,,,KILG,HOL in WD,KILG,KILG,HOL Apprvd,,,KILG,KILG,KILG,KILG,HOL in WD,,,HOL in WD,SICK,SICK,SICK,SICK,,,KILG,KILG,KILG,KILG,KILG,,,KILG,KILG,KILG,KILG,KILG,,,KILG,KILG,HOL in WD,KILG,KILG,,,KILG,KILG,KILG,KILG,KILG,,,KILG,KILG,KILG,TRG,TRG,,,TRG,TRG,KILG,KILG,KILG,,,KILG,KILG,KILG,KILG,KILG,ON CALL,ON CALL,KILG,KILG,KILG,KILG,KILG,,,KILG,KILG,KILG,KILG,KILG,,,KILG,KILG,KILG,KILG,KILG,,,HOL in WD,HOL in WD,HOL in WD,HOL in WD,HOL in WD,,,HOL in WD,HOL in WD,HOL in WD,HOL in WD,HOL in WD,,,KILG,KILG,KILG,KILG,KILG,ON CALL,ON CALL,KILG,KILG,KILG,KILG,KILG,,,KILG,KILG,KILG,KILG,KILG,ON CALL,ON CALL,KILG,KILG,KILG,KILG,KILG,,,KILG,KILG,KILG,KILG,MED,,ON CALL,KILG,KILG,KILG,KILG,KILG,,,HOL in WD,MED,SICK,KILG,KILG,,,KILG,KILG,KILG,KILG,KILG,,ON CALL,HOL in WD,HOL in WD,HOL in WD,HOL in WD,HOL in WD,ON CALL,ON CALL,KILG,KILG,KILG,KILG,SICK,,,HOL in WD,HOL in WD,KILG,KILG,KILG,ON CALL,,HOL in WD,HOL in WD,HOL in WD,HOL in WD,KILG,,,KILG,KILG,KILG,HOL in WD,HOL in WD,ON CALL,,HOL in WD,KILG,KILG,HOL in WD,HOL in WD,ON CALL,ON CALL,KILG,KILG,KILG,KILG,KILG,,,KILG,KILG,KILG,KILG,KILG,,,KILG,KILG,KILG,KILG,KILG,,,KILG,KILG,SD,SD,KILG,,,KILG,KILG,KILG,KILG,HOL in WD,,,HOL in WD,HOL in WD,TRG,TRG,TRG,,,KILG,KILG,KILG,KILG,KILG,,ON CALL,KILG,KILG,KILG,KILG,KILG,ON CALL,ON CALL,HOL in WD,KILG,KILG,KILG,HOL in WD,,,KILG,KILG,KILG,KILG,KILG,,,KILG,KILG,KILG,KILG,KILG,,,KILG,KILG,KILG,KILG,KILG,ON CALL,,KILG,KILG,KILG,KILG,KILG,,,KILG,KILG,KILG,KILG,KILG,ON CALL,ON CALL,HOL in WD,KILG,KILG,KILG,KILG,,,KILG,KILG,KILG,KILG,KILG,,,KILG,KILG,KILG,KILG,KILG,,,KILG,KILG,KILG,KILG,KILG,,,KILG,KILG,KILG,KILG,KILG,ON CALL,,KILG,KILG,KILG,KILG,KILG,,,KILG,KILG,KILG,KILG,KILG,,,HOL in WD,SICK,SICK,KILG,KILG,,,KILG,KILG,KILG,KILG,KILG,,,HOL in WD,HOL in WD,KILG,KILG,KILG,,,HOL in WD,KILG,KILG,KILG,KILG,,,KILG,KILG,HOL in WD,HOL in WD,HOL in WD,,,KILG,KILG,KILG,KILG,KILG,,,KILG,KILG,KILG,KILG,HOL in WD,,,TRG,KILG,KILG,KILG,HOL in WD,,,KILG,KILG,KILG,KILG,KILG,,,HOL in WD,KILG,KILG,KILG,KILG,,,HOL in WD,HOL in WD,KILG,KILG,KILG,,,KILG,KILG,KILG,KILG,KILG,,,KILG,KILG,KILG,KILG,KILG,,,KILG,,,,,,,,,,HOL in WD,HOL in WD,,,,,,,,,,,,,,,,,,,,,,,,,,,,,,,,,,,,,,,,,,,,,,,,,,,,,,,,,,,,,,,,,,,,,,,,,,,,,,,,,,,,,,,,,,,,,,,,,,,,,,,,,,,,,,,,ON CALL,,,,,,,,,,,,,,,,,,,,,,,,,,,,,,,,,,,,,,,,,,,,,,,,,,,,,,,,,,,,,,,,,,,,,,,,,,,,,,,,,,,,,,,,,,,,,,#REF!,#REF!,#REF!,8,#REF!,5,,,6,0,
Y,N,N,APP,Lewis Madden,,,,,,,,,,,,,,,,,,,,,,,,,,,,,,,,,,,,,,,,,,,,,,,,KILG,KILG,KILG,KILG,KILG,,,KILG,KILG,KILG,KILG,KILG,,,,,,,,,,,,,,,,,,,,,,,,,,,,,,,,,,,,,,KILG,KILG,KILG,KILG,KILG,,,SICK,KILG,KILG,KILG,KILG,,,,,,,,,,,,,,,,,,,,,,,,,,,,,,,,,,,,,,KILG,KILG,KILG,KILG,KILG,,,KILG,KILG,KILG,KILG,KILG,,,,,,,,,,,,,,,,,,,,,,,,,,,,,,,,,,,,,,KILG,KILG,KILG,KILG,KILG,,,KILG,KILG,KILG,KILG,KILG,,,KILG,KILG,KILG,KILG,KILG,,,,,,,,,,,,,,,,,,,,,,,,,,,,,,,TRG,TRG,TRG,TRG,TRG,,,,,,,,,,,,,,,,,,,,,,,,,,TRG,,,,,,,,,,,,,,,,,,,,,,,,,,,,,,,,,TRG,TRG,TRG,,,,,,,,,,,,KILG,KILG,KILG,KILG,KILG,,,KILG,KILG,KILG,KILG,KILG,,TRG,TRG,TRG,TRG,,,,,HOL in WD,HOL in WD,HOL in WD,HOL in WD,HOL in WD,,,KILG,KILG,KILG,KILG,TRG,,,KILG,KILG,KILG,HOL in WD,HOL in WD,,,HOL in WD,HOL in WD,HOL in WD,HOL in WD,HOL in WD,,,KILG,KILG,KILG,KILG,KILG,,,KILG,KILG,KILG,KILG,KILG,,,KILG,KILG,KILG,KILG,KILG,,,KILG,KILG,HOL in WD,SD,KILG,,,KILG,KILG,KILG,KILG,KILG,,,TRG,TRG,TRG,TRG,TRG,,,KILG,KILG,KILG,KILG,KILG,,,KILG,KILG,KILG,KILG,KILG,,,KILG,KILG,KILG,KILG,KILG,,,KILG,KILG,KILG,KILG,KILG,,,KILG,KILG,KILG,KILG,KILG,,,KILG,KILG,KILG,KILG,KILG,,,KILG,KILG,KILG,KILG,KILG,,,KILG,KILG,KILG,KILG,KILG,,,KILG,KILG,KILG,KILG,KILG,,,HOL in WD,HOL in WD,HOL in WD,HOL in WD,HOL in WD,,,HOL in WD,HOL in WD,KILG,KILG,KILG,,,KILG,TRG,KILG,KILG,KILG,,,KILG,KILG,KILG,KILG,KILG,,,HOL in WD,HOL in WD,TRG,TRG,TRG,,,KILG,KILG,KILG,KILG,KILG,,,KILG,KILG,KILG,KILG,KILG,,,KILG,KILG,KILG,TRG,KILG,,ON CALL,KILG,KILG,KILG,KILG,KILG,,,HOL in WD,KILG,KILG,KILG,KILG,,,KILG,KILG,HOL in WD,HOL in WD,KILG,,,KILG,KILG,KILG,KILG,KILG,,,KILG,KILG,KILG,KILG,KILG,,,KILG,KILG,KILG,KILG,KILG,,,KILG,KILG,KILG,KILG,KILG,,,KILG,KILG,KILG,KILG,KILG,,,KILG,KILG,SICK,SICK,SICK,,,KILG,KILG,KILG,KILG,KILG,,ON CALL,KILG,KILG,KILG,HOL in WD,HOL in WD,,,HOL in WD,HOL in WD,HOL in WD,HOL in WD,HOL in WD,,,,,,,,,,,,,,,,,HOL in WD,HOL in WD,HOL in WD,HOL in WD,HOL in WD,,,,,,,,,,,,,,,,,,,,,HOL in WD,,,,,,,,,,,,,,MED,,,,,,,,,,,,,,,,,,,,,,,,,,,,,,,,,,,,,,,,,,,,,,,,,,,,,,,,,,,,,,,,,,,,,,,,,,,,,,,,,,,,,,,,,,,,,,,,,,,,,,,,,,,,,,,,,,,,,,,,,,,,,,,,,,,,,,,,,,,,,,,,,,,,,,,,,,,,,,,,,,,,,,,
Y,N,N,APP,Brandon Simpson,,,,,,,,,,,,,HOL in WD,HOL in WD,HOL in WD,HOL in WD,HOL in WD,,,,,,,,,,,,,,,,,,,,,,,,,,,,,,,KILG,KILG,KILG,KILG,KILG,,,KILG,KILG,KILG,KILG,KILG,,,,,,,,,,,,,,,,,,,,,,,,,,,,,,,,,,,,,,KILG,KILG,KILG,KILG,KILG,,,KILG,KILG,KILG,CARS,SICK,,,,,,,,,,,,,,,,,,,,,,,,,,,,,,,,,,,,,,KILG,KILG,KILG,SICK,SICK,,,SICK,KILG,KILG,KILG,KILG,,,,,,,,,,,,,,,,,,,,,,,,,,,,,,,,,,,HOL in WD,,,,,,,,,,,,,,,,,,,,,,,,,,,,HOL in WD,,,,,,,,,,,,,,,,,,,,,,,,,,,,,,,TRG,TRG,TRG,TRG,TRG,,,,,,,,,,,,,,,,,,,TRG,,,,,,,,,,,,,,,,,,,,,,,,,,,,,,,,,TRG,TRG,TRG,,,,,,,,,,,,,,,,,,,,,,,,,,,,,,,,,,,,,,,,KILG,KILG,KILG,HOL in WD,TRG,,,HOL in WD,HOL in WD,HOL in WD,HOL in WD,HOL in WD,,,HOL in WD,HOL in WD,HOL in WD,HOL in WD,HOL in WD,,,KILG,KILG,KILG,KILG,KILG,,,KILG,KILG,KILG,SICK,SICK,,,TRG,TRG,TRG,TRG,TRG,,,HOL in WD,HOL in WD,HOL in WD,SD,KILG,,,KILG,KILG,KILG,KILG,KILG,,,TRG,TRG,TRG,TRG,TRG,,,KILG,KILG,KILG,KILG,KILG,,,KILG,KILG,KILG,KILG,KILG,,,KILG,KILG,KILG,KILG,KILG,,,KILG,KILG,KILG,HOL in WD,HOL in WD,,,SICK,KILG,KILG,KILG,KILG,,,KILG,KILG,KILG,KILG,KILG,,,KILG,KILG,KILG,KILG,KILG,,,KILG,KILG,KILG,KILG,KILG,,,KILG,KILG,KILG,KILG,KILG,,,KILG,KILG,KILG,KILG,KILG,,,KILG,KILG,KILG,KILG,KILG,,,KILG,TRG,KILG,KILG,KILG,,,HOL in WD,HOL in WD,KILG,KILG,KILG,,,KILG,KILG,TRG,TRG,TRG,,,KILG,KILG,KILG,KILG,KILG,,,KILG,KILG,KILG,KILG,KILG,ON CALL,,HOL in WD,HOL in WD,HOL in WD,KILG,KILG,ON CALL,,KILG,KILG,KILG,KILG,KILG,,,KILG,KILG,KILG,KILG,KILG,,,KILG,KILG,KILG,KILG,KILG,ON CALL,,KILG,KILG,KILG,KILG,KILG,,,SICK,SICK,KILG,KILG,KILG,,,TRG,KILG,KILG,KILG,KILG,,,KILG,KILG,KILG,KILG,KILG,,,KILG,KILG,KILG,KILG,KILG,ON CALL,,KILG,KILG,KILG,KILG,KILG,,,SICK,SICK,SICK,SICK,SICK,,,KILG,KILG,KILG,KILG,HOL in WD,,,HOL in WD,,,,,,,,,,,,,,,,HOL in WD,HOL in WD,HOL in WD,,,HOL in WD,HOL in WD,HOL in WD,HOL in WD,HOL in WD,,,HOL in WD,HOL in WD,HOL in WD,,,,,,,,,,,,,,,,,,,,,,,,,,,,,,MED,,,,,,,,,,,,,,,,,,,,,,,,,,,,,,,,,,,,,,,,,,,,,,,,,,,,,,,,,,,,,,,,,,,,,,,,,,,,,,,,,,,,,,,,,,,,,,,,,,,,,,,,,,,,,,,,,,,,,,,,,,,,,,,,,,,,,,,,,,,,,,,,,,,,,,,,,,,,,,,,,,,,,,,
N,N,N,APP,Euan Plunkett,,,,,,,,,,,,,,,,,,,,,,,,,,,,,,,,,,,,,,,,,,,,,,,,,,,,,,,,,,,,,,,,,,,,,,,,,,,,,,,,,,,,,,,,,,,,,,,,,,,,,,,,,,,,,,,,,,,,,,,,,,,,,,,,,,,,,,,,,,,,,,,,,,,,,,,,,,,,,,,,,,,,,,,,,,,,,,,,,,,,,,,,,,,,,,,,,,,,,,,,,,,,,,,,,,,,,,,,,,,,,,,,,,,,,,,,,,,,,,,,,,,,,,,,,,,,,,,,,,,,,,,,,,,,,,,,,,,,,,,,,,,,,,,,,,,,,,,,,,,,,,,,,,,,,,,,,,,,,,,,,,,,,,,,,,,,,,,,,,,,,,,,,,,,,,,,,,,,,,,,,,,,,,,,,,,,,,,,,,,,,,,,,,,,,,,,,,,,,,,,,,,,,KILG,KILG,KILG,KILG,KILG,,,KILG,KILG,KILG,KILG,KILG,,,,,,,,,,,,,,,,,,,,,,,,,,,,,,,,,,,,,,,,,,,,,,,,,,,,,,,,,,,,,,,,,,,,,,,,,,,,,,,,,,,,,,,KILG,KILG,KILG,KILG,KILG,,,KILG,KILG,KILG,KILG,KILG,,,,,,,,,,,,,,,,,,,,,,,,,,,,HOL Apprvd,,,HOL Apprvd,HOL Apprvd,HOL Apprvd,HOL Apprvd,,,,,,,,,,,,,,,,,,,,,,,,,,,,,,,,,,,,,,,,,,,,,,,,,,,,,,,,,,,,,,,,,,,,,,,,,,,,,,,,,,,,,,,,,,,,,,,,,,,,,,,,,,,,,,,,,,,,,,,,,,,,,,,,,,,,,,,,,,,,,,,,,,,,,,,,,,,,,,,,,,,,,,,,,,,,,,,,,,,,,,,,,,,,,,,,,,,,,,,,,,,,,,,,,,,,,,,,,,,,,,,,,,,,,,,,,,,,,,,,,,,,,,,,,,,,,,,,,,,,,,,,,,,,,,,,,,,,,,,,,,,,,,,
N,N,N,APP,Jamie Mackenzie,,,,,,,,,,,,,,,,,,,,,,,,,,,,,,,,,,,,,,,,,,,,,,,,,,,,,,,,,,,,,,,,,,,,,,,,,,,,,,,,,,,,,,,,,,,,,,,,,,,,,,,,,,,,,,,,,,,,,,,,,,,,,,,,,,,,,,,,,,,,,,,,,,,,,,,,,,,,,,,,,,,,,,,,,,,,,,,,,,,,,,,,,,,,,,,,,,,,,,,,,,,,,,,,,,,,,,,,,,,,,,,,,,,,,,,,,,,,,,,,,,,,,,,,,,,,,,,,,,,,,,,,,,,,,,,,,,,,,,,,,,,,,,,,,,,,,,,,,,,,,,,,,,,,,,,,,,,,,,,,,,,,,,,,,,,,,,,,,,,,,,,,,,,,,HOL in WD,HOL in WD,HOL in WD,,,,,,,,,,,,,,,,,,,,,,,,,,,,,,,,,,,,,,,,,,,,,,,,,,,,,,KILG,KILG,KILG,KILG,KILG,,,KILG,KILG,KILG,KILG,KILG,,,,,,,,,,,,,,,,,,,,,,,,,,,,,,,,,,,,,,,,,,,,,,,,,,,,,,,,,,,,,,,,,,,,,,,,,,,,,,,,SICK,SICK,SICK,,,,,KILG,KILG,KILG,KILG,KILG,,,KILG,KILG,KILG,KILG,KILG,,,,,,,,,,,,,,,,,,,,HOL in WD,HOL in WD,,,HOL in WD,,,,,,,,,,,,,,,,,,,,,,,,,,,,,,,,,,,,,,,,,,,,,,,,,,,,,,,,,,,,,,,,,,,,,,,,,,,,,,,,,,,,,,,,,,,,,,,,,,,,,,,,,,,,,,,,,,,,,,,,,,,,,,,,,,,,,,,,,,,,,,,,,,,,,,,,,,,,,,,,,,,,,,,,,,,,,,,,,,,,,,,,,,,,,,,,,,,,,,,,,,,,,,,,,,,,,,,,,,,,,,,,,,,,,,,,,,,,,,,,,,,,,,,,,,,,,,,,,,,,,,,,,,,,,,,,,,,,,,,,,,,,,,,,,,,,,,,,,
,,,,,,,,,,,,,,,,,,,,,,,,,,,,,,,,,,,,,,,,,,,,,,,,,,,,,,,,,,,KILG,,KILG,,KILG,,,,,,,,,,,,,,,,,,,,,,,,,,,,,,,,,,,,,,,,,,,,,,,,,,,,,,,,,,,,,,,,,,,,,,,,,,,,,,,,,,,,,,,,,,,,,,,,,,,,,,,,,,,,,,,,,,,,,,,,,,,,,,,,,,,,,,,,,,,,,,,,,,,,,,,,,,,,,,,,,,,,,,,,,,,,,,,,,,,,,,,,,,,,,,,,,,,,,,,,,,,,,,,,,,,,,,,,,,,,,,,,,,,,,,,,,,,,,,,,,,,,,,,,,,,,,,,,,,,,,,,,,,,,,,,,,,,,,,,,,,,,,,,,,,,,,,,,,,,,,,,,,,,,,,,,,,,,,,,,,,,,,,,,,,,,,,,,,,,,,,,,,,,,,,,,,,,,,,,,,,,,,,,,,,,,,,,,,,,,,,,,,,,,,,,,,,,,,,,,,,,,,,,,,,,,,,,,,,,,,,,,,,,,,,,,,,,,,,,,,,,,,,,,,,,,,,,,,,,,,,,,,,,,,,,,,,,,,,,,,,,,,,,,,,,,,,,,,,,,,,,,,,,,,,,,,,,,,,,,,,,,,,,,,,,,,,,,,,,,,,,,,,,,,,,,,,,,,,,,,,,,,,,,,,,,,,,,,,,,,,,,,,,,,,,,,,,,,,,,,,,,,,,,,,,,,,,,,,,,,,,,,,,,,,,,,,,,,,,,,,,,,,,,,,,,,,,,,,,,,,,,,,,,,,,,,,,,,,,,,,,,,,,,,,,,,,,,,,,,,,,,,,,,,,,,,,,,,,,,,,,,,,,,,,,,,,,,,,,,,,,,,,,,,,,,,,,,,,,,,,,,,,,,,,,,,,,,
Y,TSWA,N,,Ben Moughton,,,,,,,,,,,,,KILG,KILG,SICK,KILG,KILG,,,KILG,KILG,KILG,,,,,KILG,KILG,KILG,KILG,KILG,,,TRG,TRG,KILG,KILG,KILG,,,KILG,KILG,KILG,KILG,KILG,,,KILG,KILG,KILG,KILG,KILG,,,KILG,KILG,KILG,KILG,KILG,,,KILG,KILG,KILG,KILG,KILG,,,,,KILG,KILG,KILG,,,KILG,KILG,KILG,KILG,KILG,,,KILG,KILG,KILG,KILG,KILG,,,KILG,KILG,KILG,KILG,KILG,,,KILG,KILG,KILG,TRG,TRG,,,ABS,ABS,ABS,ABS,,,,,,,,,,,,,,,,,,,,,,,,,KILG,KILG,KILG,KILG,KILG,,,KILG,KILG,KILG,KILG,KILG,,,OFF,KILG,KILG,KILG,KILG,,,KILG,KILG,KILG,KILG,KILG,,,KILG,KILG,KILG,KILG,SD,,,KILG,KILG,KILG,KILG,KILG,,,KILG,KILG,KILG,KILG,KILG,,,,,,,,,,,,,,,,,,,,,,,,KILG,SICK,SICK,SICK,SICK,,,KILG,KILG,KILG,KILG,KILG,,,KILG,KILG,KILG,KILG,,,,KILG,KILG,KILG,KILG,KILG,,,KILG,KILG,,KILG,KILG,,,KILG,KILG,KILG,KILG,KILG,,,KILG,KILG,KILG,KILG,KILG,,,,,,,,,,,,,,,,,KILG,KILG,KILG,KILG,KILG,,,KILG,KILG,KILG,KILG,KILG,,,TRG,TRG,KILG,KILG,KILG,,,KILG,KILG,KILG,KILG,KILG,,,KILG,KILG,KILG,KILG,KILG,,,KILG,KILG,KILG,KILG,,,,KILG,KILG,KILG,KILG,KILG,,,KILG,KILG,KILG,KILG,,,,KILG,KILG,KILG,KILG,KILG,,,KILG,KILG,KILG,KILG,,,,KILG,KILG,KILG,KILG,KILG,,,KILG,,,KILG,,,,KILG,KILG,KILG,,,,,OFF,OFF,OFF,OFF,OFF,,,OFF,OFF,OFF,OFF,OFF,,,KILG,KILG,KILG,,KILG,,,KILG,KILG,KILG,KILG,KILG,,,KILG,KILG,KILG,KILG,KILG,,,KILG,,SD,SD,KILG,,,KILG,KILG,KILG,,,,,KILG,KILG,KILG,KILG,KILG,,,KILG,KILG,KILG,KILG,KILG,,,KILG,KILG,KILG,KILG,KILG,,,KILG,KILG,KILG,KILG,KILG,,,KILG,KILG,KILG,KILG,KILG,,,KILG,KILG,KILG,KILG,KILG,,,KILG,KILG,KILG,KILG,KILG,,,KILG,KILG,KILG,KILG,KILG,,,KILG,KILG,KILG,,,,,KILG,KILG,KILG,KILG,KILG,,,KILG,KILG,KILG,KILG,KILG,,,KILG,KILG,KILG,KILG,,,,,,,,,,,KILG,KILG,KILG,KILG,KILG,,,,,KILG,KILG,,,,,KILG,KILG,KILG,KILG,,,KILG,KILG,KILG,KILG,KILG,,,KILG,KILG,KILG,KILG,KILG,,,,,,,,,,,,KILG,KILG,KILG,,,,,,,,,,,,,,,,,,,,,,,,,,,,,,,,,,,,,,,,,,,,,,,,,,,,,,,,,,,,,,,,,,,,,,,,,,,,,,,,,,,,,,,,,,,,,,,,,,,,,,,,,,,,,,,,,,,,,,,,,,,,,,,,,,,,,,,,,,,,,,,,,,,,,,,,,,,,,,,,,,,,,,,,,,,,,,,,,,,,,,,,,,,,,,,,,,,,,,,,,,,,,,,,,,,,,,,,,,,,,,,,,,,,,,,,,,,,,,,,,,,,,,,,,,,,,,,,,,,,,,,,,,,,,,,,,,,,,,,,,,,#REF!,#REF!,0,5,#REF!,,,,,,
Y,N,N,,Colin Davies,,,,,,,,,,,,,,,,,,,,KILG,KILG,KILG,,,,,KILG,KILG,KILG,KILG,KILG,,,KILG,KILG,KILG,KILG,KILG,,,KILG,KILG,KILG,KILG,KILG,,,KILG,KILG,KILG,KILG,KILG,,,KILG,KILG,KILG,KILG,KILG,,,KILG,KILG,KILG,KILG,KILG,,,,,KILG,KILG,KILG,,,KILG,KILG,KILG,KILG,KILG,,,KILG,KILG,KILG,KILG,KILG,,,KILG,KILG,SICK,SICK,SICK,,,KILG,KILG,KILG,TRG,TRG,,,KILG,KILG,KILG,KILG,,,,,KILG,KILG,KILG,KILG,,,,,,,,,,,,,,,,,,,,,,,,,,KILG,,,,,,,,,,,,,,,,,,,,,,,,,,,KILG,KILG,KILG,KILG,,,KILG,KILG,KILG,KILG,KILG,,,,,,,,,,,,,,,,,,,,,,,,,,,,,,,KILG,,,,,,,,,,,,,,,,,,,,,,KILG,,KILG,KILG,,,KILG,KILG,KILG,KILG,KILG,,,,KILG,KILG,KILG,KILG,,,KILG,KILG,KILG,KILG,,,,,,,,,,,,,,,,,,,,,,,,,,,,,,,,,,,,,,,,KILG,KILG,KILG,KILG,,,KILG,KILG,KILG,KILG,,,,,KILG,KILG,,,,,,,,KILG,,,,,KILG,KILG,KILG,KILG,,,KILG,KILG,KILG,KILG,,,,,KILG,KILG,KILG,KILG,,,KILG,KILG,,KILG,,,,KILG,KILG,KILG,,,,,,OFF,OFF,OFF,OFF,,,OFF,OFF,OFF,OFF,OFF,,,,,,,KILG,,,KILG,KILG,KILG,KILG,KILG,,,KILG,KILG,KILG,KILG,KILG,,,KILG,,SD,SD,KILG,,,,,,,,,,,KILG,KILG,KILG,KILG,,,KILG,KILG,KILG,KILG,KILG,,,KILG,KILG,KILG,KILG,KILG,,,KILG,KILG,KILG,KILG,,,,KILG,KILG,KILG,KILG,KILG,,,,KILG,KILG,KILG,KILG,,,KILG,KILG,KILG,KILG,KILG,,,KILG,KILG,KILG,KILG,KILG,,,,,,,,,,,KILG,KILG,KILG,KILG,,,,KILG,KILG,KILG,KILG,,,KILG,KILG,KILG,KILG,,,,,,,,,,,,KILG,KILG,KILG,KILG,,,KILG,,KILG,KILG,,,,,KILG,KILG,KILG,KILG,,,KILG,KILG,KILG,KILG,KILG,,,,KILG,KILG,KILG,KILG,,,,,,,,,,,,,KILG,KILG,,,,,,,,,,,,,,,,,,,,,,,,,,,,,,,,,,,,,,,,,,,,,,,,,,,,,,,,,,,,,,,,,,,,,,,,,,,,,,,,,,,,,,,,,,,,,,,,,,,,,,,,,,,,,,,,,,,,,,,,,,,,,,,,,,,,,,,,,,,,,,,,,,,,,,,,,,,,,,,,,,,,,,,,,,,,,,,,,,,,,,,,,,,,,,,,,,,,,,,,,,,,,,,,,,,,,,,,,,,,,,,,,,,,,,,,,,,,,,,,,,,,,,,,,,,,,,,,,,,,,,,,,,,,,,,,,,,,,,,,,,,#REF!,#REF!,0,3,#REF!,,,,,,
Y,TSWA,N,,Tommy Sweeney,,,,,,KILG,KILG,,KILG,KILG,,,KILG,KILG,KILG,KILG,KILG,,,KILG,KILG,KILG,,,,ON CALL,KILG,KILG,KILG,KILG,KILG,,,TRG,TRG,KILG,KILG,ABS,,,KILG,KILG,KILG,KILG,KILG,,,KILG,KILG,KILG,KILG,KILG,,,KILG,KILG,KILG,KILG,KILG,,,KILG,KILG,KILG,KILG,KILG,,,,,KILG,KILG,KILG,,,KILG,KILG,KILG,KILG,,,,KILG,KILG,KILG,KILG,KILG,,,KILG,KILG,KILG,KILG,KILG,,,KILG,KILG,KILG,TRG,TRG,,,,,,,,,,,KILG,KILG,KILG,KILG,,,KILG,KILG,KILG,KILG,KILG,,,KILG,KILG,KILG,KILG,KILG,,,KILG,KILG,KILG,KILG,KILG,,,KILG,KILG,KILG,KILG,KILG,,,KILG,KILG,KILG,KILG,KILG,,,KILG,KILG,KILG,KILG,KILG,,,KILG,KILG,KILG,KILG,SD,,,KILG,KILG,KILG,KILG,KILG,,,KILG,KILG,KILG,KILG,KILG,,,,,,,,,,,,,,,,,,,,,,,,KILG,KILG,KILG,KILG,KILG,,,,,,,,,,,,,,,,,,,,,,,,KILG,KILG,,KILG,KILG,,,KILG,KILG,KILG,KILG,KILG,,,KILG,KILG,KILG,KILG,KILG,,,KILG,KILG,KILG,KILG,KILG,,,KILG,KILG,KILG,KILG,,,,,,,,,,,,,,,,,,,,,,,,,KILG,KILG,KILG,KILG,KILG,,,KILG,KILG,KILG,KILG,KILG,,,KILG,KILG,KILG,KILG,,,,KILG,KILG,KILG,KILG,KILG,,,KILG,KILG,KILG,KILG,,,,KILG,KILG,KILG,KILG,KILG,,,KILG,KILG,KILG,KILG,,,,KILG,KILG,KILG,KILG,KILG,,,KILG,,,KILG,KILG,,,KILG,KILG,KILG,,,,,OFF,OFF,OFF,OFF,OFF,,,OFF,OFF,OFF,OFF,OFF,,,,,KILG,,KILG,,,KILG,KILG,KILG,KILG,KILG,,,KILG,KILG,KILG,KILG,KILG,,,KILG,KILG,SD,SD,KILG,,,TRG,TRG,KILG,KILG,,,,KILG,KILG,KILG,KILG,KILG,,,KILG,KILG,KILG,KILG,KILG,,,KILG,KILG,KILG,KILG,KILG,,,KILG,KILG,KILG,KILG,KILG,,,KILG,KILG,KILG,KILG,KILG,,,KILG,KILG,KILG,KILG,KILG,,,KILG,KILG,KILG,KILG,KILG,,,KILG,KILG,KILG,KILG,KILG,,,,,,,,,,KILG,KILG,KILG,KILG,KILG,,,KILG,KILG,KILG,KILG,KILG,,,KILG,KILG,KILG,KILG,KILG,,,KILG,KILG,KILG,KILG,KILG,,,KILG,KILG,KILG,KILG,KILG,,,KILG,KILG,KILG,KILG,,,,KILG,KILG,KILG,KILG,KILG,,,KILG,KILG,KILG,KILG,KILG,,,KILG,KILG,KILG,KILG,KILG,,,,,,,,,,,,KILG,KILG,KILG,,,KILG,,TRG,TRG,,,,KILG,KILG,KILG,KILG,KILG,,,KILG,KILG,KILG,KILG,KILG,,,KILG,KILG,KILG,KILG,KILG,,,KILG,KILG,KILG,KILG,KILG,,,KILG,KILG,KILG,KILG,KILG,,,KILG,KILG,KILG,KILG,KILG,,,KILG,KILG,,KILG,KILG,,,KILG,KILG,KILG,KILG,KILG,,,KILG,,,,,,,,,,,,,,,,,,,,,,,,,,,,,,,,,,,,,,,,,,,,,,,,,,,,,,,,,,,,,,,,,,,,,,,,,,,,,,,,,,,,,,,,,,,,,,,,,,,,,,,,,,,,,,,,,,,,,,,,,,,,,,,,,,,,,,,,,,,,,,,,,,,,,,,,,,,,,,,,,,,,,,,,,,,,,,,,,,,,,,,,,,,,,,,,,,,,,,,,,,,,,,,,,,,,,,,,,#REF!,#REF!,0,0,#REF!,,,,,,
N,N,N,,Guiseppe R,,,,,,,,,,,,,,,,,,,,,,,,,,,,,,,,,,,,KILG,,,,,,KILG,,,,,,KILG,KILG,,,KILG,,,KILG,KILG,KILG,,KILG,,,KILG,,KILG,,KILG,,,,,,,,,,,,KILG,,,,,,KILG,KILG,,,,,,,,KILG,KILG,,,,,,,,,,,,,,,,,,,KILG,,KILG,,,,,,,,,,,,,KILG,,,,,,,,,,,,,KILG,,,,,,,,,,,,,,,,,,,,,,,,,,,KILG,KILG,KILG,KILG,,,KILG,KILG,KILG,KILG,KILG,,,,,,,,,,,,,,,,,,,,,,,,KILG,KILG,KILG,KILG,,,,KILG,,,,,,,,,,,,,,,,,,,,,,KILG,,KILG,KILG,,,KILG,KILG,KILG,KILG,KILG,,,KILG,KILG,KILG,KILG,KILG,,,KILG,KILG,KILG,KILG,KILG,,,KILG,KILG,KILG,KILG,,,,,,,,,,,,,,,,,,,,,,,,,,,,,,,,,KILG,KILG,KILG,KILG,,,KILG,KILG,KILG,KILG,,,,,KILG,KILG,,,,,,,KILG,KILG,,,,,,,,KILG,,,KILG,KILG,KILG,KILG,,,,,,,KILG,KILG,,,KILG,KILG,,KILG,KILG,,,KILG,KILG,KILG,,,,,OFF,OFF,OFF,OFF,OFF,,,OFF,OFF,OFF,OFF,OFF,,,,,,,KILG,,,KILG,KILG,KILG,KILG,KILG,,,KILG,KILG,KILG,KILG,KILG,,,KILG,,SD,SD,KILG,,,,,KILG,,,,,,,KILG,KILG,KILG,,,KILG,KILG,KILG,KILG,KILG,,,KILG,KILG,KILG,KILG,KILG,,,KILG,KILG,KILG,KILG,,,,KILG,KILG,KILG,,,,,,,,,,,,KILG,,,,,,,,,,,,,,,,,,,,,,,,KILG,,,,,,,,,,,,,,,,,,,,KILG,,,,,,KILG,KILG,KILG,KILG,,,KILG,KILG,KILG,KILG,,,,,KILG,KILG,KILG,KILG,,,KILG,KILG,,,KILG,,,,KILG,KILG,KILG,KILG,,,,,,,,,,,,,,,,,,,,,,,,,,,,,,,,KILG,KILG,KILG,,,,KILG,KILG,,,,,,,KILG,KILG,KILG,KILG,,,,KILG,,,KILG,,,,,KILG,KILG,KILG,,,,KILG,,KILG,KILG,,,,,,,,,,,,,,,,,,,,,,,,,,,,,,,,,,,,,,,,,,,,,,,,,,,,,,,,,,,,,,,,,,,,,,,,,,,,,,,,,,,,,,,,,,,,,,,,,,,,,,,,,,,,,,,,,,,,,,,,,,,,,,,,,,,,,,,,,,,,,,,,,,,,,,,,,,,,,,,,,,,,,,,,,,,,,,,,,,,,,,,,,,,,,,,,,,,,,,,,,,,,,,,,,,,,,,,,,,,,,,,,,,,#REF!,#REF!,0,0,#REF!,,,,,,
N,N,N,,Guiseppe P,,,,,,,,,,,,,,,,,,,,,,,,,,,,,,,,,,,,KILG,,,,,,KILG,,,,,,KILG,KILG,,,KILG,,,KILG,KILG,KILG,,KILG,,,KILG,,KILG,,KILG,,,,,,,,,,,,KILG,,,,,,KILG,KILG,,,,,,,,KILG,KILG,,,,,,,,,,,,,,,,,,,KILG,,KILG,,,,,,,,,,,,,KILG,,,,,,,,,,,,,KILG,,,,,,,,,,,,,,,,,,,,,,,,,,,KILG,KILG,KILG,KILG,,,KILG,KILG,KILG,KILG,KILG,,,,,,,,,,,,,,,,,,,,,,,,KILG,KILG,KILG,KILG,,,,KILG,,,,,,,,,,,,,,,,,,,,,,KILG,,KILG,KILG,,,KILG,KILG,KILG,KILG,KILG,,,KILG,KILG,KILG,KILG,KILG,,,KILG,KILG,KILG,KILG,KILG,,,KILG,KILG,KILG,KILG,,,,,,,,,,,,,,,,,,,,,,,,,,,,,,,,,KILG,KILG,KILG,KILG,,,KILG,KILG,KILG,KILG,,,,,KILG,KILG,,,,,,,KILG,KILG,,,,,,,,KILG,,,KILG,KILG,KILG,KILG,,,,,,,KILG,KILG,,,KILG,KILG,,KILG,KILG,,,KILG,KILG,KILG,,,,,OFF,OFF,OFF,OFF,OFF,,,OFF,OFF,OFF,OFF,OFF,,,,,,,KILG,,,KILG,KILG,KILG,KILG,KILG,,,KILG,KILG,KILG,KILG,KILG,,,KILG,,SD,SD,KILG,,,,,KILG,,,,,,,KILG,KILG,KILG,,,KILG,KILG,KILG,KILG,KILG,,,KILG,KILG,KILG,KILG,KILG,,,KILG,KILG,KILG,KILG,,,,KILG,KILG,KILG,,,,,,,,,,,,KILG,,,,,,,,,,,,,,,,,,,,,,,,KILG,,,,,,,,,,,,,,,,,,,,KILG,,,,,,KILG,KILG,KILG,KILG,,,KILG,KILG,KILG,KILG,,,,,KILG,KILG,KILG,KILG,,,KILG,KILG,,,KILG,,,,KILG,KILG,KILG,KILG,,,,,,,,,,,,,,,,,,,,,,,,,,,,,,,,KILG,KILG,KILG,,,,KILG,KILG,,,,,,,KILG,KILG,KILG,KILG,,,,KILG,,,KILG,,,,,KILG,KILG,KILG,,,,KILG,,KILG,KILG,,,,,,,,,,,,,,,,,,,,,,,,,,,,,,,,,,,,,,,,,,,,,,,,,,,,,,,,,,,,,,,,,,,,,,,,,,,,,,,,,,,,,,,,,,,,,,,,,,,,,,,,,,,,,,,,,,,,,,,,,,,,,,,,,,,,,,,,,,,,,,,,,,,,,,,,,,,,,,,,,,,,,,,,,,,,,,,,,,,,,,,,,,,,,,,,,,,,,,,,,,,,,,,,,,,,,,,,,,,,,,,,,,,#REF!,#REF!,0,0,#REF!,,,,,,
N,N,N,,Ross Haveron,,,,,,,,,,,,,,,,,,,,,,,,,,,,,,,,,,,,KILG,,,,,,KILG,,,,,,KILG,KILG,,,KILG,,,KILG,KILG,KILG,,KILG,,,KILG,,KILG,,KILG,,,,,,,,,,,,KILG,,,,,,KILG,KILG,,,,,,,,KILG,KILG,,,,,,,,,,,,,,,,,,,KILG,,KILG,,,,,,,,,,,,,KILG,,,,,,,,,,,,,KILG,,,,,,,,,,,,,,,,,,,,,,,,,,,KILG,KILG,KILG,KILG,,,KILG,KILG,KILG,KILG,KILG,,,,,,,,,,,,,,,,,,,,,,,,KILG,KILG,KILG,KILG,,,,KILG,,,,,,,,,,,,,,,,,,,,,,KILG,,KILG,KILG,,,KILG,KILG,KILG,KILG,KILG,,,KILG,KILG,KILG,KILG,KILG,,,KILG,KILG,KILG,KILG,KILG,,,KILG,KILG,KILG,KILG,,,,,,,,,,,,,,,,,,,,,,,,,,,,,,,,,KILG,KILG,KILG,KILG,,,KILG,KILG,KILG,KILG,,,,,KILG,KILG,,,,,,,KILG,KILG,,,,,,,,KILG,,,KILG,KILG,KILG,KILG,,,,,,,KILG,KILG,,,KILG,KILG,,KILG,KILG,,,KILG,KILG,KILG,,,,,OFF,OFF,OFF,OFF,OFF,,,OFF,OFF,OFF,OFF,OFF,,,,,,,KILG,,,KILG,KILG,KILG,KILG,KILG,,,KILG,KILG,KILG,KILG,KILG,,,KILG,,SD,SD,KILG,,,,,KILG,,,,,,,KILG,KILG,KILG,,,KILG,KILG,KILG,KILG,KILG,,,KILG,KILG,KILG,KILG,KILG,,,KILG,KILG,KILG,KILG,,,,KILG,KILG,KILG,,,,,,,,,,,,KILG,,,,,,,,,,,,,,,,,,,,,,,,KILG,,,,,,,,,,,,,,,,,,,,,,,,,,KILG,KILG,KILG,KILG,,,KILG,KILG,KILG,KILG,,,,,KILG,KILG,KILG,KILG,,,KILG,KILG,,,KILG,,,,KILG,KILG,KILG,KILG,,,,,,,,,,,,,,,,,,,,,,,,,,,,,,,,KILG,KILG,KILG,,,,KILG,KILG,,,,,,,KILG,KILG,KILG,KILG,,,,KILG,,,KILG,,,,,KILG,KILG,KILG,,,,KILG,,KILG,KILG,,,,,,,,,,,,,,,,,,,,,,,,,,,,,,,,,,,,,,,,,,,,,,,,,,,,,,,,,,,,,,,,,,,,,,,,,,,,,,,,,,,,,,,,,,,,,,,,,,,,,,,,,,,,,,,,,,,,,,,,,,,,,,,,,,,,,,,,,,,,,,,,,,,,,,,,,,,,,,,,,,,,,,,,,,,,,,,,,,,,,,,,,,,,,,,,,,,,,,,,,,,,,,,,,,,,,,,,,,,,,,,,,,,#REF!,#REF!,0,0,#REF!,,,,,,
N,N,N,,Joseph McFadden,,,,,,,,,,,,,,,,,,,,,,,,,,,,,,,,,,,,KILG,,,,,,KILG,,,,,,KILG,KILG,,,KILG,,,KILG,KILG,KILG,,KILG,,,KILG,,KILG,,KILG,,,,,,,,,,,,KILG,,,,,,KILG,KILG,,,,,,,,KILG,KILG,,,,,,,,,,,,,,,,,,,KILG,,KILG,,,,,,,,,,,,,KILG,,,,,,,,,,,,,KILG,,,,,,,,,,,,,,,,,,,,,,,,,,,KILG,KILG,KILG,KILG,,,KILG,KILG,KILG,KILG,KILG,,,,,,,,,,,,,,,,,,,,,,,,KILG,KILG,KILG,KILG,,,,KILG,,,,,,,,,,,,,,,,,,,,,,KILG,,KILG,KILG,,,KILG,KILG,KILG,KILG,KILG,,,KILG,KILG,KILG,KILG,KILG,,,KILG,KILG,KILG,KILG,KILG,,,KILG,KILG,KILG,KILG,,,,,,,,,,,,,,,,,,,,,,,,,,,,,,,,,KILG,KILG,KILG,KILG,,,KILG,KILG,KILG,KILG,,,,,KILG,KILG,,,,,,,KILG,KILG,,,,,,,,KILG,,,KILG,KILG,KILG,KILG,,,,,,,KILG,KILG,,,KILG,KILG,,KILG,KILG,,,KILG,KILG,KILG,,,,,OFF,OFF,OFF,OFF,OFF,,,OFF,OFF,OFF,OFF,OFF,,,,,,,KILG,,,KILG,KILG,KILG,KILG,KILG,,,KILG,KILG,KILG,KILG,KILG,,,KILG,,SD,SD,KILG,,,,,KILG,,,,,,,KILG,KILG,KILG,,,KILG,KILG,KILG,KILG,KILG,,,KILG,KILG,KILG,KILG,KILG,,,KILG,KILG,KILG,KILG,,,,KILG,KILG,KILG,,,,,,,,,,,,KILG,,,,,,,,,,,,,,,,,,,,,,,,KILG,,,,,,,,,,,,,,,,,,,,,,,,,,KILG,KILG,KILG,KILG,,,KILG,KILG,KILG,KILG,,,,,KILG,KILG,KILG,KILG,,,KILG,KILG,,,KILG,,,,KILG,KILG,KILG,KILG,,,,,,,,,,,,,,,,,,,,,,,,,,,,,,,,KILG,KILG,KILG,,,,KILG,KILG,,,,,,,KILG,KILG,KILG,KILG,,,,KILG,,,KILG,,,,,KILG,KILG,KILG,,,,KILG,,KILG,KILG,,,,,,,,,,,,,,,,,,,,,,,,,,,,,,,,,,,,,,,,,,,,,,,,,,,,,,,,,,,,,,,,,,,,,,,,,,,,,,,,,,,,,,,,,,,,,,,,,,,,,,,,,,,,,,,,,,,,,,,,,,,,,,,,,,,,,,,,,,,,,,,,,,,,,,,,,,,,,,,,,,,,,,,,,,,,,,,,,,,,,,,,,,,,,,,,,,,,,,,,,,,,,,,,,,,,,,,,,,,,,,,,,,,#REF!,#REF!,0,0,#REF!,,,,,,
Y,N,N,,Alex McKay,,,,,,,,,,,,,,,,,,,,,,,,,,,,,,,,,,KILG,KILG,KILG,KILG,KILG,,,KILG,KILG,KILG,KILG,KILG,,,KILG,KILG,KILG,KILG,KILG,,,KILG,KILG,KILG,KILG,KILG,,,KILG,KILG,KILG,KILG,KILG,,,KILG,KILG,KILG,KILG,KILG,,,KILG,KILG,KILG,KILG,KILG,,,KILG,KILG,KILG,,,,,KILG,KILG,KILG,KILG,KILG,,,KILG,KILG,KILG,TRG,TRG,,,KILG,KILG,KILG,ABS,ABS,,,ABS,KILG,KILG,KILG,KILG,,,KILG,KILG,KILG,KILG,KILG,,,KILG,KILG,KILG,KILG,KILG,,,KILG,KILG,KILG,KILG,KILG,,,KILG,KILG,KILG,KILG,KILG,,,KILG,KILG,KILG,KILG,KILG,,,OFF,OFF,OFF,OFF,OFF,,,KILG,KILG,KILG,KILG,SD,,,KILG,KILG,KILG,KILG,KILG,,,KILG,KILG,KILG,KILG,KILG,,,,,,,,,,,,,,,,,,,,,,,,KILG,KILG,KILG,KILG,KILG,,,KILG,KILG,KILG,KILG,KILG,,,KILG,KILG,KILG,KILG,,,,KILG,KILG,KILG,KILG,KILG,,,KILG,KILG,,KILG,KILG,,,KILG,KILG,KILG,KILG,KILG,,,KILG,KILG,KILG,KILG,KILG,,,KILG,KILG,KILG,KILG,KILG,,,KILG,KILG,KILG,KILG,,,,KILG,KILG,KILG,KILG,KILG,,,KILG,KILG,KILG,KILG,KILG,,,KILG,KILG,KILG,KILG,KILG,,,KILG,KILG,KILG,KILG,KILG,,,KILG,KILG,KILG,KILG,KILG,,,KILG,KILG,KILG,KILG,,,,KILG,KILG,KILG,,,,,KILG,KILG,KILG,KILG,KILG,,,KILG,KILG,KILG,KILG,KILG,,,KILG,KILG,KILG,KILG,,,,TRG,TRG,KILG,KILG,KILG,,,KILG,,,KILG,KILG,,,KILG,KILG,KILG,,,,,OFF,OFF,OFF,OFF,OFF,,,OFF,OFF,OFF,OFF,OFF,,,KILG,KILG,KILG,,KILG,,,KILG,KILG,KILG,KILG,KILG,,,KILG,KILG,KILG,KILG,KILG,,,KILG,KILG,SD,SD,KILG,,,KILG,KILG,KILG,,,,,KILG,KILG,KILG,KILG,KILG,,,KILG,KILG,KILG,KILG,KILG,,,KILG,KILG,KILG,KILG,KILG,,,KILG,KILG,KILG,KILG,,,,,,,,,,,,,,,,,,,,,,,,,,,,,,,,,,,,,,,,,,,,,,,,,,,,,,,,,,,,,,,,,,,KILG,KILG,KILG,KILG,KILG,,,KILG,KILG,KILG,KILG,,,,KILG,KILG,KILG,KILG,KILG,,,,KILG,KILG,KILG,KILG,,,KILG,KILG,KILG,KILG,KILG,,,,,,,,,,,,,,,,,,,KILG,KILG,OFF,,,KILG,,,,,,,KILG,KILG,KILG,KILG,KILG,,,KILG,KILG,HOL in WD,HOL in WD,HOL in WD,,,KILG,KILG,KILG,KILG,KILG,,,KILG,KILG,KILG,KILG,KILG,,,,KILG,KILG,KILG,KILG,,,KILG,KILG,KILG,KILG,KILG,,,,,,,,,,,,,,,,,,,,,,,,,,,,,,,,,,,,,,,,,,,,,,,,,,,,,,,,,,,,,,,,,,,,,,,,,,,,,,,,,,,,,,,,,,,,,,,,,,,,,,,,,,,,,,,,,,,,,,,,,,,,,,,,,,,,,,,,,,,,,,,,,,,,,,,,,,,,,,,,,,,,,,,,,,,,,,,,,,,,,,,,,,,,,,,,,,,,,,,,,,,,,,,,,,,,,,,,,,,,,,,,,,,#REF!,#REF!,0,0,#REF!,,,,,,
Y,G114,N,,Sean Neeson,,,,,,KILG,KILG,KILG,,KILG,,,KILG,KILG,KILG,KILG,KILG,,,KILG,KILG,KILG,,,,,KILG,KILG,KILG,KILG,KILG,,,TRG,TRG,KILG,KILG,KILG,,,KILG,KILG,KILG,KILG,KILG,,,KILG,KILG,KILG,KILG,KILG,,,KILG,KILG,KILG,KILG,KILG,,,KILG,KILG,KILG,KILG,KILG,,,KILG,KILG,KILG,KILG,KILG,,,KILG,KILG,KILG,KILG,,,,KILG,KILG,KILG,KILG,KILG,,,KILG,KILG,KILG,KILG,KILG,,,KILG,KILG,KILG,KILG,,,,KILG,KILG,KILG,KILG,KILG,,,KILG,KILG,KILG,KILG,KILG,,,KILG,KILG,KILG,KILG,KILG,,,KILG,KILG,KILG,KILG,KILG,,,KILG,KILG,KILG,KILG,KILG,,,OFF,OFF,OFF,OFF,OFF,,,OFF,OFF,OFF,OFF,OFF,,,KILG,KILG,KILG,KILG,KILG,,,KILG,KILG,KILG,KILG,SD,,,KILG,KILG,KILG,KILG,KILG,,,KILG,KILG,KILG,KILG,KILG,,,,,,,,,,,,,,,,,,,,,,,,KILG,KILG,KILG,KILG,KILG,,,KILG,KILG,KILG,KILG,KILG,,,KILG,KILG,KILG,KILG,,,,KILG,KILG,KILG,KILG,KILG,,,KILG,KILG,,KILG,KILG,,,KILG,KILG,KILG,KILG,KILG,,,KILG,KILG,KILG,KILG,KILG,,,KILG,KILG,KILG,KILG,KILG,,,KILG,KILG,KILG,KILG,,,,KILG,KILG,KILG,KILG,KILG,,,KILG,KILG,KILG,KILG,KILG,,,KILG,KILG,KILG,KILG,KILG,,,KILG,KILG,KILG,KILG,KILG,,,KILG,KILG,KILG,KILG,KILG,,,KILG,KILG,KILG,KILG,,,,,,,,,,,KILG,KILG,KILG,KILG,KILG,,,KILG,KILG,KILG,KILG,KILG,,,KILG,KILG,KILG,KILG,,,,KILG,KILG,KILG,KILG,KILG,,,KILG,,,KILG,KILG,,,KILG,KILG,KILG,,,,,OFF,OFF,OFF,OFF,OFF,,,OFF,OFF,OFF,OFF,OFF,,,KILG,KILG,KILG,,KILG,,,KILG,KILG,KILG,KILG,KILG,,,KILG,KILG,KILG,KILG,KILG,,,KILG,,SD,SD,KILG,,,KILG,KILG,KILG,,,,,KILG,KILG,KILG,KILG,KILG,,,KILG,KILG,KILG,KILG,KILG,,,KILG,KILG,KILG,KILG,KILG,,,KILG,KILG,KILG,KILG,KILG,,,KILG,KILG,KILG,KILG,KILG,,,KILG,KILG,KILG,KILG,KILG,,,KILG,KILG,KILG,KILG,KILG,,,KILG,KILG,KILG,KILG,KILG,,,KILG,KILG,KILG,,,,,KILG,KILG,KILG,KILG,KILG,,,KILG,KILG,KILG,KILG,KILG,,,KILG,KILG,KILG,KILG,KILG,,,KILG,KILG,KILG,KILG,KILG,,,KILG,KILG,KILG,KILG,KILG,,,KILG,KILG,KILG,KILG,,,,KILG,KILG,KILG,KILG,KILG,,,KILG,KILG,KILG,KILG,KILG,,,KILG,KILG,KILG,KILG,KILG,,,,,,,,,,,,KILG,KILG,KILG,,,,,KILG,KILG,OFF,,,KILG,KILG,KILG,KILG,KILG,,,KILG,KILG,KILG,KILG,KILG,,,KILG,KILG,KILG,KILG,KILG,,,KILG,KILG,KILG,KILG,KILG,,,KILG,KILG,KILG,KILG,KILG,,,,KILG,KILG,KILG,KILG,,,KILG,KILG,KILG,KILG,KILG,,,KILG,KILG,KILG,KILG,KILG,,,,,,,,,,,,,,,,,,,,,,,,,,,,,,,,,,,,,,,,,,,,,,,,,,,,,,,,,,,,,,,,,,,,,,,,,,,,,,,,,,,,,,,,,,,,,,,,,,,,,,,,,,,,,,,,,,,,,,,,,,,,,,,,,,,,,,,,,,,,,,,,,,,,,,,,,,,,,,,,,,,,,,,,,,,,,,,,,,,,,,,,,,,,,,,,,,,,,,,,,,,,,,,,,,,,,,,,,,,,#REF!,#REF!,0,0,#REF!,,,,,,
Y,N,N,,Goodwill Smith,,,,,,,,,,,,,KILG,KILG,KILG,KILG,KILG,,,KILG,KILG,KILG,,,,,KILG,KILG,KILG,KILG,KILG,,,,,KILG,KILG,KILG,,,KILG,KILG,KILG,KILG,KILG,,,KILG,KILG,KILG,KILG,KILG,,,KILG,KILG,KILG,KILG,KILG,,,KILG,KILG,KILG,KILG,KILG,,,,KILG,KILG,KILG,KILG,,,KILG,KILG,KILG,KILG,KILG,,,KILG,KILG,KILG,KILG,KILG,,,KILG,KILG,KILG,KILG,KILG,,,,,,,,,,,,,,,,,,,,KILG,KILG,,,KILG,KILG,KILG,KILG,KILG,,,KILG,KILG,KILG,KILG,KILG,,,KILG,KILG,KILG,KILG,KILG,,,KILG,KILG,KILG,KILG,KILG,,,KILG,KILG,KILG,KILG,KILG,,,KILG,KILG,KILG,KILG,KILG,,,KILG,KILG,KILG,KILG,SD,,,KILG,KILG,KILG,KILG,KILG,,,KILG,KILG,KILG,KILG,KILG,,,,,,,,,,,,,,,,,,,,,,,,KILG,KILG,KILG,KILG,KILG,,,KILG,KILG,KILG,KILG,KILG,,,KILG,KILG,KILG,KILG,,,,KILG,KILG,KILG,KILG,KILG,,,KILG,KILG,,KILG,KILG,,,KILG,KILG,KILG,KILG,KILG,,,KILG,KILG,KILG,KILG,KILG,,,KILG,KILG,KILG,KILG,KILG,,,KILG,KILG,KILG,KILG,,,,KILG,KILG,KILG,KILG,KILG,,,KILG,KILG,KILG,KILG,KILG,,,KILG,KILG,KILG,KILG,KILG,,,KILG,KILG,KILG,KILG,KILG,,,,,,,,,,,,,,,,,KILG,KILG,KILG,KILG,,,,,,,,,,,,,,,,,,,,,,,,,TRG,TRG,,,,,,,,,,,,,,,,,,,,OFF,OFF,OFF,OFF,OFF,,,OFF,OFF,OFF,OFF,OFF,,,,,,,,,,,,,,,,,,KILG,KILG,KILG,KILG,,,KILG,KILG,SD,SD,KILG,,,KILG,KILG,TRG,TRG,,,,KILG,KILG,KILG,KILG,KILG,,,KILG,KILG,KILG,KILG,KILG,,,KILG,KILG,KILG,KILG,KILG,,,KILG,KILG,KILG,KILG,,,,KILG,KILG,KILG,KILG,KILG,,,KILG,KILG,KILG,KILG,KILG,,,KILG,KILG,KILG,KILG,KILG,,,KILG,KILG,KILG,KILG,KILG,,,KILG,KILG,KILG,,,,,,,,,,,,,,,,,,,,,,,,,,KILG,KILG,KILG,KILG,KILG,,,SICK,SICK,SICK,SICK,SICK,,,SICK,SICK,SICK,SICK,SICK,,,SICK,SICK,SICK,SICK,SICK,,,SICK,SICK,SICK,SICK,SICK,,,SICK,SICK,SICK,SICK,SICK,,,,,,,,,,SICK,SICK,SICK,SICK,SICK,,,,,,,,,,,,,,,,,KILG,KILG,KILG,KILG,KILG,,,KILG,KILG,KILG,KILG,KILG,,,KILG,KILG,KILG,KILG,KILG,,,KILG,KILG,KILG,KILG,KILG,,,KILG,KILG,KILG,KILG,KILG,,,KILG,KILG,KILG,KILG,KILG,,,KILG,KILG,KILG,KILG,KILG,,,KILG,,,,,,,,,,,,,,,,,,,,,,,,,,,,,,,,,,,,,,,,,,,,,,,,,,,,,,,,,,,,,,,,,,,,,,,,,,,,,,,,,,,,,,,,,,,,,,,,,,,,,,,,,,,,,,,,,,,,,,,,,,,,,,,,,,,,,,,,,,,,,,,,,,,,,,,,,,,,,,,,,,,,,,,,,,,,,,,,,,,,,,,,,,,,,,,,,,,,,,,,,,,,,,,,,,,,,,,,,#REF!,#REF!,0,30,#REF!,,,,,,
,,,,Stephen O'Conner,,,,,,,,,,,,,,,,,,,,,,,,,,,,,,,,,,,,,,,,,,,,,,,,,,,,,,,,,,,,,,,,,,,,,,,,,,,,,,,,,,,,,,,,,,,,,,,,,,,,,,,,,,,,,,,,,,,,,,,,,,,,,,,,,,,,,,,,,,,,,,,,,,,,,,,,,,,,,,,,,,,,,,,,,,,,,,,,,,,,,,,,,,,,,,,,,,,,,,,,,,,,,,,,,,,,,,,,,,,,,,,,,,,,,,,,,,,,,,,,,,,,,,,,,,,,,,,,,,,,,,,,,,,,,,,,,,,,,,,,,,,,,,,,,,,,,,,,,,,,,,,,,,,,,,,,,,,,,,,,,,,,,,,,,,,,,,,,,,,,,,,,,,,,,,,,,,,,,,,,,,,,,,,,,,,,,,,,,,,,,,,,,,,,,,,,,,,,,,,,,,,,,,,,,,,,,,,,,,,,,,,,,,,,,,,,,,,,,,,,,,,,,,,,,,,,,,,,,,,,,,,,,,,,,,,,,,,,,,,,,,,,,,,,,,,,,,,,,,,,,,,KILG,KILG,KILG,KILG,,,,,,,,,,,KILG,KILG,KILG,KILG,KILG,,,KILG,KILG,KILG,KILG,KILG,,,,,,,,,,,,,,,,,,,,KILG,KILG,,,,,,,,,,,,,,,,,OFF,OFF,OFF,OFF,OFF,,,KILG,KILG,KILG,KILG,KILG,,,KILG,KILG,KILG,KILG,KILG,,,KILG,KILG,KILG,KILG,KILG,,,KILG,KILG,KILG,KILG,KILG,,,KILG,KILG,KILG,KILG,KILG,,,KILG,,,,,,,,,,,,,,,,,,,,,,,,,,,,,,,,,,,,,,,,,,,,,,,,,,,,,,,,,,,,,,,,,,,,,,,,,,,,,,,,,,,,,,,,,,,,,,,,,,,,,,,,,,,,,,,,,,,,,,,,,,,,,,,,,,,,,,,,,,,,,,,,,,,,,,,,,,,,,,,,,,,,,,,,,,,,,,,,,,,,,,,,,,,,,,,,,,,,,,,,,,,,,,,,,,,,,,,,,,,,,,,,,,,
Y,G114,,,William Murray,,,,,,KILG,KILG,KILG,,,,,KILG,KILG,KILG,KILG,KILG,,,KILG,KILG,KILG,,,,,KILG,KILG,KILG,KILG,KILG,,,TRG,TRG,KILG,KILG,KILG,,,KILG,KILG,KILG,KILG,KILG,,,KILG,KILG,KILG,KILG,KILG,,,KILG,KILG,KILG,KILG,KILG,,,,,,,,,,KILG,KILG,KILG,KILG,KILG,,,,,,,KILG,,,KILG,KILG,KILG,,,,,KILG,KILG,KILG,KILG,KILG,,,KILG,KILG,KILG,TRG,TRG,,,KILG,KILG,KILG,KILG,,,,,,,,,,,,,,,,,,KILG,KILG,KILG,KILG,KILG,,,KILG,KILG,KILG,KILG,KILG,,,KILG,KILG,KILG,KILG,KILG,,,KILG,KILG,KILG,KILG,KILG,,,KILG,KILG,KILG,KILG,KILG,,,KILG,KILG,KILG,KILG,SD,,,KILG,KILG,KILG,KILG,KILG,,,KILG,KILG,KILG,KILG,KILG,,,,,,,,,,,,,,,,,,,,,,,,KILG,KILG,KILG,KILG,KILG,,,KILG,KILG,KILG,KILG,KILG,,,KILG,KILG,KILG,KILG,,,,KILG,KILG,KILG,KILG,KILG,,,,,,,,,,KILG,KILG,KILG,KILG,KILG,,,KILG,KILG,KILG,KILG,KILG,,,KILG,KILG,KILG,KILG,KILG,,,KILG,KILG,KILG,KILG,,,,KILG,KILG,KILG,KILG,KILG,,,KILG,KILG,KILG,KILG,KILG,,,KILG,KILG,KILG,KILG,KILG,,,KILG,KILG,KILG,KILG,KILG,,,KILG,KILG,KILG,KILG,KILG,,,KILG,KILG,KILG,KILG,,,,KILG,KILG,KILG,,KILG,,,KILG,KILG,KILG,KILG,KILG,,,KILG,KILG,KILG,KILG,KILG,,,KILG,KILG,KILG,KILG,,,,KILG,KILG,KILG,KILG,KILG,,,KILG,,,KILG,KILG,,,KILG,KILG,KILG,,,,,OFF,OFF,OFF,OFF,OFF,,,OFF,OFF,OFF,OFF,OFF,,,,,,,,,,KILG,KILG,KILG,KILG,KILG,,,KILG,KILG,KILG,KILG,KILG,,,KILG,KILG,SD,SD,KILG,,,KILG,KILG,TRG,TRG,,,,KILG,KILG,KILG,KILG,KILG,,,KILG,KILG,KILG,KILG,KILG,,,KILG,KILG,KILG,KILG,KILG,,,KILG,KILG,KILG,KILG,,,,KILG,KILG,KILG,KILG,KILG,,,KILG,KILG,KILG,KILG,KILG,,,KILG,KILG,KILG,KILG,KILG,,,KILG,KILG,KILG,KILG,KILG,,,,,KILG,,,,,,KILG,KILG,KILG,KILG,,,KILG,KILG,KILG,KILG,KILG,,,KILG,KILG,KILG,KILG,KILG,,,KILG,KILG,KILG,KILG,KILG,,,KILG,KILG,KILG,KILG,KILG,,,KILG,KILG,KILG,KILG,,,,KILG,KILG,KILG,KILG,KILG,,,KILG,KILG,KILG,KILG,KILG,,,,,,,,,,,,,,,,,,,KILG,KILG,KILG,,,KILG,,KILG,KILG,KILG,,,OFF,OFF,OFF,OFF,OFF,,,OFF,OFF,OFF,OFF,OFF,,,KILG,KILG,KILG,KILG,KILG,,,KILG,KILG,KILG,KILG,KILG,,,KILG,KILG,KILG,KILG,KILG,,,KILG,KILG,KILG,KILG,KILG,,,KILG,KILG,KILG,KILG,KILG,,,KILG,KILG,KILG,KILG,KILG,,,KILG,,,,,,,,,,,,,,,,,,,,,,,,,,,,,,,,,,,,,,,,,,,,,,,,,,,,,,,,,,,,,,,,,,,,,,,,,,,,,,,,,,,,,,,,,,,,,,,,,,,,,,,,,,,,,,,,,,,,,,,,,,,,,,,,,,,,,,,,,,,,,,,,,,,,,,,,,,,,,,,,,,,,,,,,,,,,,,,,,,,,,,,,,,,,,,,,,,,,,,,,,,,,,,,,,,,,,,,,,,,,,,,,,,,
?,,,,Sam Moore,,,,,,,,,,,,,,,,,,,,,,,,,,,,,,,,,,,,,,,,,,,,,,,,,,,,,,,,,,,,,,,,,,,,,,,,,,,,,,,,,,,,,,,,,,,,,,,,,,,,,,,,,,,,,,,,,,,,,,,,,,,,,,,,,,,,,,,,,,,,,,,,,,,,,,,,,,,,,,,,,,,,,,,,,,,,,,,,,,,,,,,,,,,,,,,,,,,,,,,,,,,,,,,,,,,,,,,,,,,,,,,,,,,,,,,,,,,,,,,,,,,,,,,,,,,,,,,,,,,,,,,,,,,,,,,,,,,,,,,,,,,,,,,,,,,,,,,,,,,,,,,,,,,,,,,,,,,,,,,,,,,,,,,,,,,,,,,,,,,,,,,,,,,,,,,,,,,,,,,,,,,,,,,,,,,,,,,,,,,,,,,,,,,,,,,,,,,,,,,,,,,,,,,,,,,,,,,,,,,,,,,,,,,,,,,,,,,,,,,,,,,,,,,,,,,,,,,,,,,,,,,,,,,,,,,,,,,,,,,,,,,,,,,,,,,,,,,,,,,,,,,,,,,,,,,,,,,,,,,,,,,,,,,,,,,,,,,,,,,,,,,,,,,,,,,,,KILG,KILG,,,,,,,,,,,,,,,,,,,,,,,,,,,,,,,,,,,,,,,,,,,,,,,,,,,,,,,,,,,,,,,,,,,,,,,,,,,,,,,,,,,,,,,,,,,,,,,,,,,,,,,,,,,,,,,,,,,,,,,,,,,,,,,,,,,,,,,,,,,,,,,,,,,,,,,,,,,,,,,,,,,,,,,,,,,,,,,,,,,,,,,,,,,,,,,,,,,,,,,,,,,,,,,,,,,,,,,,,,,,,,,,,,,,,,,,,,,,,,,,,,,,,,,,,,,,,,,,,,,,,,,,,,,,,,,,,,,,,,,,,
SGRE,,,,Craig Davis,,,,,,,,,,,,,,,,,,,,,,,,,,,,,,,,,,,,,,,,,,,,,,,,,,,,,,,,,,,,,,,,,,,,,,,,,,,,,,,,,,,,,,,,,,,,,,,,,,,,,,,,,,,,,,,,,,,,,,,,,,,,,,,,,,,,,,,,,,,,,,,,,,,,,,,,,,,,,,,,,,,,,,,,,,,,,,,,,,,,,,,,,,,,,,,,,,,,,,,,,,,,,,,,,,,,,,,,,,,,,,,,,,,,,,,,,,,,,,,,,,,,,,,,,,,,,,,,,,,,,,,,,,,,,,,,,,,,,,,,,,,,,,,,,,,,,,,,,,,,,,,,,,,,,,,,,,,,,,,,,,,,,,,,,,,,,,,,,,,,,,,,,,,,,,,,,,,,,,,,,,,,,,,,,,,,,,,,,,,,,,,,,,,,,,,,,,,,,,,,,,,,,,,,,,,,,,,,,,,,,,,,,,,,,,,,,,,,,,,,,,,,,,,,,,,,,,,,,,,,,,,,,,,,,,,,,,,,,,,,,,,,,,,,,,,,,,,,,,,,,,,,,,,,,,,,,,,,,,,,,,,,,,,,,,,,,,,,,,,,KILG,KILG,KILG,,,,,KILG,KILG,KILG,,,KILG,KILG,KILG,KILG,KILG,,,KILG,KILG,KILG,KILG,KILG,,,KILG,KILG,KILG,KILG,KILG,,,OFF,KILG,KILG,KILG,KILG,,,KILG,KILG,KILG,KILG,KILG,,,KILG,KILG,KILG,KILG,,,,KILG,KILG,KILG,KILG,KILG,,,KILG,KILG,KILG,KILG,KILG,,,,,,,,,,,,,,,,,,,,,,,,,,,,,,,,,,,,,,,,,,,,,,,,,,,,,,,,,,,,,,,,,,,,,,,,,,,,,,,,,,,,,,,,,,,,,,,,,,,,,,,,,,,,,,,,,,,,,,,,,,,,,,,,,,,,,,,,,,,,,,,,,,,,,,,,,,,,,,,,,,,,,,,,,,,,,,,,,,,,,,,,,,,,,,,,,,,,,,,,,,,,,,,,,,,,,,,,,,,,,,,,,,,,,,
SGRE,,,,Danny Rae,,,,,,,,,,,,,,,,,,,,,,,,,,,,,,,,,,,,,,,,,,,,,,,,,,,,,,,,,,,,,,,,,,,,,,,,,,,,,,,,,,,,,,,,,,,,,,,,,,,,,,,,,,,,,,,,,,,,,,,,,,,,,,,,,,,,,,,,,,,,,,,,,,,,,,,,,,,,,,,,,,,,,,,,,,,,,,,,,,,,,,,,,,,,,,,,,,,,,,,,,,,,,,,,,,,,,,,,,,,,,,,,,,,,,,,,,,,,,,,,,,,,,,,,,,,,,,,,,,,,,,,,,,,,,,,,,,,,,,,,,,,,,,,,,,,,,,,,,,,,,,,,,,,,,,,,,,,,,,,,,,,,,,,,,,,,,,,,,,,,,,,,,,,,,,,,,,,,,,,,,,,,,,,,,,,,,,,,,,,,,,,,,,,,,,,,,,,,,,,,,,,,,,,,,,,,,,,,,,,,,,,,,,,,,,,,,,,,,,,,,,,,,,,,,,,,,,,,,,,,,,,,,,,,,,,,,,,,,,,,,,,,,,,,,,,,,,,,,,,,,,,,,,,,,,,,,,,,,,,,,,,,,,,,,,,,,,,,,,,,KILG,KILG,KILG,,,,,KILG,KILG,KILG,,,KILG,KILG,KILG,KILG,KILG,,,KILG,KILG,KILG,,KILG,,,KILG,KILG,TRG,KILG,KILG,,,KILG,KILG,KILG,KILG,KILG,,,KILG,,KILG,KILG,KILG,,,KILG,KILG,KILG,KILG,,,,TRG,TRG,TRG,TRG,TRG,,,,KILG,KILG,KILG,KILG,,,KILG,,,,,,,,,,,,,,,,,,,,,,,,,,,,,,,,,,,,,,,,,,,,,,,,,,,,,,,,,,,,,,,,,,,,,,,,,,,,,,,,,,,,,,,,,,,,,,,,,,,,,,,,,,,,,,,,,,,,,,,,,,,,,,,,,,,,,,,,,,,,,,,,,,,,,,,,,,,,,,,,,,,,,,,,,,,,,,,,,,,,,,,,,,,,,,,,,,,,,,,,,,,,,,,,,,,,,,,,,,,,,,,,,,,
,,,,Paul,,,,,,,,,,,,,,,,,,,,,,,,,,,,,,,,,,,,,,,,,,,,,,,,,,,,,,,,,,,,,,,,,,,,,,,,,,,,,,,,,,,,,,,,,,,,,,,,,,,,,,,,,,,,,,,,,,,,,,,,,,,,,,,,,,,,,,,,,,,,,,,,,,,,,,,,,,,,,,,,,,,,,,,,,,,,,,,,,,,,,,,,,,,,,,,,,,,,,,,,,,,,,,,,,,,,,,,,,,,,,,,,,,,,,,,,,,,,,,,,,,,,,,,,,,,,,,,,,,,,,,,,,,,,,,,,,,,,,,,,,,,,,,,,,,,,,,,,,,,,,,,,,,,,,,,,,,,,,,,,,,,,,,,,,,,,,,,,,,,,,,,,,,,,,,,,,,,,,,,,,,,,,,,,,,,,,,,,,,,,,,,,,,,,,,,,,,,,,,,,,,,,,,,,,,,,,,,,,,,,,,,,,,,,,,,,,,,,,,,,,,,,,,,,,,,,,,,,,,,,,,,,,,,,,,,,,,,,,,,,,,,,,,,,,,,,,,,,,,,,,,,,,,,,,,,,,,,,,,,,,,,,,,,,,,,,,,,,,,,,,,,,,,,,,,,,,,,,,,,,,,,,,,,,,,,,,,,,,,,,,,,,,,,,,,,,,,,,,,,,,,KILG,KILG,KILG,KILG,,,KILG,,,,,,,,,,,,,,,,,,,,,,,,,,,,,,,,,,,,,,,,,,,,,,,,,,,,,,,,,,,,,,,,,,,,,,,,,,,,,,,,,,,,,,,,,,,,,,,,,,,,,,,,,,,,,,,,,,,,,,,,,,,,,,,,,,,,,,,,,,,,,,,,,,,,,,,,,,,,,,,,,,,,,,,,,,,,,,,,,,,,,,,,,,,,,,,,,,,,,,,,,,,,,,,,,,,,,,,,,,,,,,,,,,,
,,,,Jake,,,,,,,,,,,,,,,,,,,,,,,,,,,,,,,,,,,,,,,,,,,,,,,,,,,,,,,,,,,,,,,,,,,,,,,,,,,,,,,,,,,,,,,,,,,,,,,,,,,,,,,,,,,,,,,,,,,,,,,,,,,,,,,,,,,,,,,,,,,,,,,,,,,,,,,,,,,,,,,,,,,,,,,,,,,,,,,,,,,,,,,,,,,,,,,,,,,,,,,,,,,,,,,,,,,,,,,,,,,,,,,,,,,,,,,,,,,,,,,,,,,,,,,,,,,,,,,,,,,,,,,,,,,,,,,,,,,,,,,,,,,,,,,,,,,,,,,,,,,,,,,,,,,,,,,,,,,,,,,,,,,,,,,,,,,,,,,,,,,,,,,,,,,,,,,,,,,,,,,,,,,,,,,,,,,,,,,,,,,,,,,,,,,,,,,,,,,,,,,,,,,,,,,,,,,,,,,,,,,,,,,,,,,,,,,,,,,,,,,,,,,,,,,,,,,,,,,,,,,,,,,,,,,,,,,,,,,,,,,,,,,,,,,,,,,,,,,,,,,,,,,,,,,,,,,,,,,,,,,,,,,,,,,,,,,,,,,,,,,,,,,,,,,,,,,,,,,,,,,,,,,,,,,,,,,,,,,,,,,,,,,,,,,,,,,,,,,,,,,,,,,,,,,,,,,,,,,,,,,,,,,,,,,,,,,,,,,,,,,,,,,,,,,,,,,,,,,,,,,,,,,,,,,,,,,,,,,,,,,,,,,,,,,,,,,,,,,,,,,,,,,,,,,,,,,,,,,,,,,,,,,,,,,,,,,,,,,,,,,,,,,,,,,,,,,,,,,,,,,,,,,,,,,,,,,,,,,,,,,,,,,,,,,,,,,,,,,,,,,,,,,,,,,,,,,,,,,,,,,,,,,,,,,,,,,,,,,
,,,,John Scales,,,,,,,,,,,,,,,,,,,,,,,,,,,,,,,,,,,,,,,,,,,,,,,,,,,,,,,,,,,,,,,,,,,,,,,,,,,,,,,,,,,,,,,,,,,,,,,,,,,,,,,,,,,,,,,,,,,,,,,,,,,,,,,,,,,,,,,,,,,,,,,,,,,,,,,,,,,,,,,,,,,,,,,,,,,,,,,,,,,,,,,,,,,,,,,,,,,,,,,,,,,,,,,,,,,,,,,,,,,,,,,,,,,,,,,,,,,,,,,,,,,,,,,,,,,,,,,,,,,,,,,,,,,,,,,,,,,,,,,,,,,,,,,,,,,,,,,,,,,,,,,,,,,,,,,,,,,,,,,,,,,,,,,,,,,,,,,,,,,,,,,,,,,,,,,,,,,,,,,,,,,,,,,,,,,,,,,,,,,,,,,,,,,,,,,,,,,,,,,,,,,,,,,,,,,,,,,,,,,,,,,,,,,,,,,,,,,,,,,,,,,,,,,,,,,,,,,,,,,,,,,,,,,,,,,,,,,,,,,,,,,,,,,,,,,,,,,,,,,,,,,,,,,,,,,,,,,,,,,,,,,,,,,,,,,,,,,,,,,,,,,,,,,,,,,,,,,,,,,,,,,,,,,,,,,,,,,,,,,,,,,,,,,,,,,,,,,,,,,,,,,,,,,,,,,,,,,,,,,,,,,,,,,,,,,,,,,,,,,,,,,,,,,,,,,,,,,,,,,,,,,,,,,,,,,,,,,,,,,,,,,,,,,,,,,,,,,,,,,,,,,,,,,,,,,,,,,,,,,,,,,,,,,,,,,,,,,,,,,,,,,,,,,,,,,,,,,,,,,,,,,,,,,,,,,,,,,,,,,,,,,,,,,,,,,,,,,,,,,,,,,,,,,,,,,,,,,,,,,,,,,,,,,,,,,,,,,
,,,,Pat Murray,,,,,,,,,,,,,,,,,,,,,,,,,,,,,,,,,,,,,,,,,,,,,,,,,,,,,,,,,,,,,,,,,,,,,,,,,,,,,,,,,,,,,,,,,,,,,,,,,,,,,,,,,,,,,,,,,,,,,,,,,,,,,,,,,,,,,,,,,,,,,,,,,,,,,,,,,,,,,,,,,,,,,,,,,,,,,,,,,,,,,,,,,,,,,,,,,,,,,,,,,,,,,,,,,,,,,,,,,,,,,,,,,,,,,,,,,,,,,,,,,,,,,,,,,,,,,,,,,,,,,,,,,,,,,,,,,,,,,,,,,,,,,,,,,,,,,,,,,,,,,,,,,,,,,,,,,,,,,,,,,,,,,,,,,,,,,,,,,,,,,,,,,,,,,,,,,,,,,,,,,,,,,,,,,,,,,,,,,,,,,,,,,,,,,,,,,,,,,,,,,,,,,,,,,,,,,,,,,,,,,,,,,,,,,,,,,,,,,,,,,,,,,,,,,,,,,,,,,,,,,,,,,,,,,,,,,,,,,,,,,,,,,,,,,,,,,,,,,,,,,,,,,,,,,,,,,,,,,,,,,,,,,,,,,,,,,,,,,,,,,,,,,,,,,,,,,,,,,,,,,,,,,,,,,,,,,,,,,,,,,KILG,,,,,,,,,,,,,,KILG,KILG,KILG,KILG,,,,,,,,,,,,,,,,,,,,,,,,,,,,,,,,,,,,,,,,,,,,,,,,,,,,,,,,,,,,,,,,,,,,,,,,,,,,,,,,,,,,,,,,,,,,,,,,,,,,,,,,,,,,,,,,,,,,,,,,,,,,,,,,,,,,,,,,,,,,,,,,,,,,,,,,,,,,,,,,,,,,,,,,,,,,,,,,,,,,,,,,,,,,,,,,,,,,,,,,,,,,,,,,,,,,,,,,,,,,,,,,,,,,,,,,,,,,,
Y(not SPR),N,N,,Dean - Hybrid,,,,,,,,,,,,,,,,,,,,,,,,,,,,,,,,,,,,,,,,,,,,,,,,,,,,,,,,,,,,,,,,,,,,,,,,,,,,,,,,,,,,,,,,,,CARS,CARS,CARS,CARS,CARS,,,CARS,CARS,CARS,CARS,CARS,,,CARS,CARS,CARS,CARS,CARS,,,CARS,CARS,CARS,CARS,CARS,,,CARS,CARS,CARS,CARS,CARS,,,CARS,CARS,CARS,CARS,CARS,,,,,,,,,,,,,,,,,,,,,,,,,,,,,,,CARS,CARS,CARS,CARS,CARS,,,CARS,CARS,CARS,CARS,CARS,,,CARS,CARS,CARS,CARS,CARS,,,,,,,,,,,,,,,,,,,,,,,,,,,,,,,,,,,,,,,,,,,,,,,,,,,,,,,,,,,,,,,KILG,,,KILG,KILG,KILG,KILG,KILG,,,KILG,KILG,KILG,KILG,KILG,,,KILG,KILG,KILG,KILG,,,,KILG,KILG,KILG,KILG,KILG,,,KILG,KILG,KILG,KILG,KILG,,,,,,,,,,,,,,,,,,,,,,,,,,,,,,,,,,,,,,,,,,,,,,,,,,,,,,,,,,,,,,,,,,,,,,,,,,,,,,,,,,,,,,,,,,,,,,,,,,,,,,,,,,,,,,,,,,,,,,,,,,,,,,,,,,,,,,,,,,,,,,,,,,,,,,,,,,,,,,,,,,,,,,,,,,,,,,,,,,,,,,,,,,,,,,,,,,,,,,,,,,,,,,,,,,,,,,,,,,,,,,,,,,,,,,,,,,,,,,,,,,,,,,,,,,,,,,,,,,,,,,,,,,,,,,,,,,,,,,,,,,,,,,,,,,,,,,,,,,,,,,,,,,,,,,,,,,,,,,,,,,,,,,,,,,,,,,,,,,,,,,,,,,,,,,,,,,,,,,,,,,,,,,,,,,,,,,,,,,,,,,,,,,,,,,,,,,,,,,,,,,,,,,,,,,,,,,,,,,,,,,,,,,,,,,,,,,,,,,,,,,,,,,,,,,,,,,,,,,,,,,,,,,,,,,,,,,,,,,,,,,,,,,,,,,,,,,,,,,,,,,,,,,,,,,,,,,,,,,,,,,,,,,,,,,,,,,,,,,,,,,,,,,,,,#REF!,#REF!,0,0,#REF!,,,,,,
Y,G5 ,N,,Gabe - Hybrid ,,,,,,,,,,,,,,,,,,,,,,,,,,,,,,,,,,,,,,,,,,,,,,,,,,,,,,,,,,,,,,,,,,,,,,,,,,,,,,,,,,,,,,,,,,CARS,CARS,CARS,CARS,CARS,,,CARS,CARS,CARS,CARS,CARS,,,CARS,CARS,CARS,CARS,CARS,,,CARS,CARS,CARS,CARS,CARS,,,CARS,CARS,CARS,CARS,CARS,,,CARS,CARS,CARS,CARS,CARS,,,,,,,,,,,,,,,,,,,,,,,,,,,,,,,CARS,CARS,CARS,CARS,CARS,,,CARS,CARS,CARS,CARS,CARS,,,CARS,CARS,CARS,CARS,CARS,,,,,,,,,,,,,,,,,,,,,,,,,,,,,,,,,,,,,,,,,,,,,,,,,,,,,,,,,,,,,,,,,,,,,,,,,,,,,,,,,,,,,,,,,,,,,,,,,,,,,,,,,,,,,,,,,,,,,,,,,,,,,,,,,,,,,,,,,,,,,,,,,,,,,,,,,,,,,,,,,,,,,,,,,,,,,,,,,,,,,,,,,,,,,,,,,,,,,,,,,,,,,,,,,,,,,,,,,,,,,,,,,,,,,,,,,,,,,,,,,,,,,,,,,,,,,,,,,,,,,,,,,,,,,,,,,,,,,,,,,,,,,,,,,,,,,,,,,,,,,,,,,,,,,,,,,,,,,,,,,,,,,,,,,,,,,,,,,,,,,,,,,,,,,,,,,,,,,,,,,,,,,,,,,,,,,,,,,,,,,,,,,,,,,,,,,,,,,,,,,,,,,,,,,,,,,,,,,,,,,,,,,,,,,,,,,,,,,,,,,,,,,,,,,,,,,,,,,,,,,,,,,,,,,,,,,,,,,,,,,,,,,,,,,,,,,,,,,,,,,,,,,,,,,,,,,,,,,,,,,,,,,,,,,,,,,,,,,,,,,,,,,,,,,,,,,,,,,,,,,,,,,,,,,,,,,,,,,,,,,,,,,,,,,,,,,,,,,,,,,,,,,,,,,,,,,,,,,,,,,,,,,,,,,,,,,,,,,,,,,,,,,,,#REF!,#REF!,0,0,#REF!,,,,,,
Y,"G5,G9,G114",N,,Carl Roberts,,,,,,MED,KILG,KILG,KILG,KILG,,,KILG,KILG,KILG,KILG,KILG,,,KILG,KILG,KILG,KILG,SD,,,KILG,KILG,KILG,KILG,KILG,,,KILG,KILG,KILG,KILG,KILG,,,KILG,KILG,KILG,KILG,KILG,,,KILG,KILG,KILG,KILG,KILG,,,SICK,SICK,SICK,SICK,SICK,,,CARS,CARS,CARS,CARS,CARS,,,CARS,CARS,CARS,CARS,CARS,,,CARS,CARS,CARS,CARS,CARS,,,HOL Apprvd,HOL Apprvd,HOL Apprvd,HOL Apprvd,HOL Apprvd,,,CARS,CARS,CARS,CARS,CARS,,,KILG,KILG,KILG,HOL Apprvd,HOL Apprvd,,,KILG,KILG,KILG,CARS,KILG,,,KILG,KILG,KILG,KILG,KILG,,,KILG,KILG,KILG,KILG,KILG,,,,,,,,,,,,,,,,,,,HOL Apprvd,HOL Apprvd,HOL Apprvd,,,HOL Apprvd,HOL Apprvd,HOL Apprvd,HOL Apprvd,HOL Apprvd,,,,,,,,,,,,,,,,,,,,,,,,,,,,,,,,,,,,,,,,,,,,,,,,,,,,,,,,,,,,,,,,,,,,,,,,,,,,,,,,,,,,,,,,,,,,,,,,,,,,,,,,,,,,,,,,,,,,,,,,,,,,,,,,,,,,,,,,,,,,,,,,,,,,,,,,,,,,,,,,,,,,,,,,,,,,,,,,,,,,,,,,,,,,,,,,,,,,,,,,,,,,,,,,,,,,,,,,,,,,,,,,,,,,,,,,,,,,,,,,,,,,,,,,,,,,,,,,,,,,,,,,,,,,,,,,,,,,,,,,,,,,,,,,,,,,,,,,,,,,,,,,,,,,,,,,,,,,,,,,,,,,,,,,,,,,,,,,,,,,,,,,,,,,,,,,,,,,,,,,,,,,,,,,,,,,,,,,,,,,,,,,,,,,,,,,,,,,,,,,,,,,,,,,,,,,,,,,,,,,,,,,,,,,,,,,,,,,,,,,,,,,,,,,,,,,,,,,,,,,,,,,,,,,,,,,,,,,,,,,,,,,,,,,,,,,,,,,,,,,,,,,,,,,,,,,,,,,,,,,,,,,,,,,,,,,,,,,,,,,,,,,,,,,,,,,,,,,,,,,,,,,,,,,,,,,,,,,,,,,,,,,,,,,,,,,,,,,,,,,,,,,,,,,,,,,,,,,,,,,,,,,,,,,,,,,,,,,,,,,,,,,,,,,,,,,,,,,,,,,,,,,,,,,,,,,,,,,,,,,,,,,,
Y,N,N,,Ricky Roberts ,,,,,,KILG,KILG,KILG,KILG,KILG,,,KILG,KILG,KILG,KILG,KILG,,,KILG,KILG,KILG,KILG,SD,,,KILG,KILG,KILG,KILG,KILG,,,KILG,KILG,KILG,KILG,KILG,,,KILG,KILG,KILG,KILG,KILG,,,KILG,KILG,KILG,KILG,KILG,,,KILG,KILG,KILG,KILG,KILG,,,KILG,KILG,KILG,KILG,KILG,,,KILG,KILG,KILG,KILG,KILG,,,KILG,KILG,KILG,CARS,HOL Apprvd,,,KILG,KILG,CARS,CARS,CARS,,,CARS,CARS,CARS,CARS,CARS,,,HOL Apprvd,HOL Apprvd,HOL Apprvd,HOL Apprvd,HOL Apprvd,,,HOL Apprvd,HOL Apprvd,HOL Apprvd,HOL Apprvd,HOL Apprvd,,,KILG,KILG,KILG,KILG,KILG,,,KILG,KILG,KILG,KILG,KILG,,,,,,,,,,,,,,,,,,,,,,,,,,,,,,,,,,,,,,,,,,,,,,,,,,,,,,,,,,,,,,,,,,,,,,,,,,,,,,,,,,,,,,,,,,,,,,,,,,,,,,,,,,,,,,,,,,,,,,,,,,,,,,,,,,,,,,,,,,,,,,,,,,,,,,,,,,,,,,,,,,,,,,,,,,,,,,,,,,,,,,,,,,,,,,,,,,,,,,,,,,,,,,,,,,,,,,,,,,,,,,,,,,,,,,,,,,,,,,,,,,,,,,,,,,,,,,,,,,,,,,,,,,,,,,,,,,,,,,,,,,,,,,,,,,,,,,,,,,,,,,,,,,,,,,,,,,,,,,,,,,,,,,,,,,,,,,,,,,,,,,,,,,,,,,,,,,,,,,,,,,,,,,,,,,,,,,,,,,,,,,,,,,,,,,,,,,,,,,,,,,,,,,,,,,,,,,,,,,,,,,,,,,,,,,,,,,,,,,,,,,,,,,,,,,,,,,,,,,,,,,,,,,,,,,,,,,,,,,,,,,,,,,,,,,,,,,,,,,,,,,,,,,,,,,,,,,,,,,,,,,,,,,,,,,,,,,,,,,,,,,,,,,,,,,,,,,,,,,,,,,,,,,,,,,,,,,,,,,,,,,,,,,,,,,,,,,,,,,,,,,,,,,,,,,,,,,,,,,,,,,,,,,,,,,,,,,,,,,,,,,,,,,,,,,,,,,,,,,,,,,,,,,,,,,,,,,,,,,,,,,,,,,,,,,,,,,,,,,,,,,,,,,,,,,,,,
,,,,,,,,,,,,,,,,,,,,,,,,,,,,,,,,,,,,,,,,,,,,,,,,,,,,,,,,,,,,,,,,,,,,,,,,,,,,,,,,,,,,,,,,,,,,,,,,,,,,,,,,,,,,,,,,,,,,,,,,,,,,,,,,,,,,,,,,,,,,,,,,,,,,,,,,,,,,,,,,,,,,,,,,,,,,,,,,,,,,,,,,,,,,,,,,,,,,,,,,,,,,,,,,,,,,,,,,,,,,,,,,,,,,,,,,,,,,,,,,,,,,,,,,,,,,,,,,,,,,,,,,,,,,,,,,,,,,,,,,,,,,,,,,,,,,,,,,,,,,,,,,,,,,,,,,,,,,,,,,,,,,,,,,,,,,,,,,,,,,,,,,,,,,,,,,,,,,,,,,,,,,,,,,,,,,,,,,,,,,,,,,,,,,,,,,,,,,,,,,,,,,,,,,,,,,,,,,,,,,,,,,,,,,,,,,,,,,,,,,,,,,,,,,,,,,,,,,,,,,,,,,,,,,,,,,,,,,,,,,,,,,,,,,,,,,,,,,,,,,,,,,,,,,,,,,,,,,,,,,,,,,,,,,,,,,,,,,,,,,,,,,,,,,,,,,,,,,,,,,,,,,,,,,,,,,,,,,,,,,,,,,,,,,,,,,,,,,,,,,,,,,,,,,,,,,,,,,,,,,,,,,,,,,,,,,,,,,,,,,,,,,,,,,,,,,,,,,,,,,,,,,,,,,,,,,,,,,,,,,,,,,,,,,,,,,,,,,,,,,,,,,,,,,,,,,,,,,,,,,,,,,,,,,,,,,,,,,,,,,,,,,,,,,,,,,,,,,,,,,,,,,,,,,,,,,,,,,,,,,,,,,,,,,,,,,,,,,,,,,,,,,,,,,,,,,,,,,,,,,,,,,,,,,,,,,,,,,,,,
,#REF!,#REF!,,James McDowall,,,,,,,,,,,,,,,,,,,,,,,,,,,,,,,,,,,,,,,,,,,,,,,,,,,,,,,,,,,,,,,,,,,,,,,,,,,,,,,,,,,,,,,,,,,,,,,,,,,,,,,,,,,,,,,,,,,,,,,,,,,,,,,,,,,,,,,,,,,,,,,,,,,,,,,,,,,,,,,,,,,,,,,,,,,,,,,,,,,,,,,,,,,,,,,,,,,,,,,,,,,,,,,,,,,,,,,,,,,,,,,,,,,,,,,,,,,,,,,,,,,,,,,,,,,,,,,,,,,,,,,,,,,,,,,,,,,,,,,,,,,,,,,,,,,,,,,,,,,,,,,,,,,,,,,,,,,,,,,,,,,,,,,,,,,,,,,,,,,,,,,,,,,,,,,,,,,,,,,,,,,,,,,,,,,,,,,,,,,,,,,,,,,,,,,,,,,,,,,,,,,,,,,,,,,,,,,,,,,,,,,,,,,,,,,,,,,,,,,,,,,,,,,,,,,,,,,,,,,,,,,,,,,,,,,,,,,,,,,,,,,,,,,,,,,,,,,,,,,,,,,,,,,,,,,,,,,,,,,,,,,,,,,,,,,,,,,,,,,,,,,,,,,,,,,,,,,,,,,,,,,,,,,,,,,,,,,,,,,,,,,,,,,,,,,,,,,,,,,,,,,,,,,,,,,,,,,,,,,,,,,,,,,,,,,,,,,,,,,,,,,,,,,,,,,,,,,,,,,,,,,,,,,,,,,,,,,,,,,,,,,,,,,,,,,,,,,,,,,,,,,,,,,,,,,,,,,,,,,,,,,,,,,,,,,,,,,,,,,,,,,,,,,,,,,,,,,,,,,,,,,,,,,,,,,,,,,,,,,,,,,,,,,,,,,,,,,,,,,,,,,,,,,,,,,,,,,,,,,,,,,,,#REF!,#REF!,0,0,#REF!,,,,,,
,,,,Phil Butcher,HOL,HOL,HOL,,,,,,,,,,,,,,,,,,,,,,,,,,,,,,,,,,,,,,,,HOL Apprvd,HOL Apprvd,HOL Apprvd,,,HOL Apprvd,HOL Apprvd,HOL Apprvd,HOL Apprvd,HOL Apprvd,,,,,,,,,,,,,,,,,,,,,,,,,,,,,,,,,,,,,,,,,,,,,,,,,,,,,,,,,,,,,,,,,,,,,,,,,,,,,,,,,,,,,,,,,,,,,,,,,,,,,,,,,,,,,,,,,,,,,,,HOL Apprvd,,,,,,,,,,,,,,,,,HOL Apprvd,HOL Apprvd,HOL Apprvd,HOL Apprvd,HOL Apprvd,,,,,,,,,,,,,,,,,,,,,,,,,,,,,,,,,,,,,,,,,,,,,,,,,,,,,,,,,,,,,,,,,,,,,,,,,HOL Apprvd,HOL Apprvd,HOL Apprvd,HOL Apprvd,HOL Apprvd,,,HOL Apprvd,HOL Apprvd,HOL Apprvd,HOL Apprvd,HOL Apprvd,,,,,,,,,,,,,,,,,,,,,,,,,,,,,,,,,,,,,,,,,,,,,,,,,,,,,,,,,,,,,,,,,,,,,,,,,,,,,,,,,,,HOL Apprvd,HOL Apprvd,,,,,,HOL Apprvd,HOL Apprvd,,,,,,,,,,,,,,,,,,,,,,,,,,,,,,,,,,,,,,,,,,,,,,,,,,,,,,,,,,,,,,,,,,,,,,,,,,,,,,,,,,,,,,,,,,,,,,,,,,,,,,,,,,,,,,,,,,,,,,,,,,,,,,,,,,,,,,,,,,,,,,,,,,,,,,,,,,,,,,,,,,,,,,,,,,,,,,,,,,,,,,,,,,,,,,,,,,,,,,,,,,,,,,,,,,,,,,,,,,,,,,,,,,,,,,,,,,,,,,,,,,,,,,,,,,,,,,,,,,,,,,,,,,,,,,,,,,,,,,,,,,,,,,,,,,,,,,,,,,,,,,,,,,,,,,,,,,,,,,,,,,,,,,,,,,,,,,,,,,,,,,,,,,,,,,,,,,,,,,,,,,,,,,,,,,,,,,,,,,,,,,,,,,,,,,,,,,,,,,,,,,,,,,,,,,,,,,,,,,,,,,,,,,,,,,,,,,,,,,,,,,,,,,,,,,,,,,,,,,#REF!,#REF!,0,0,#REF!,,,,,,
Y,Y,Y,,Scott Sweeney,,,,,,,,,,,,,,,,,,,,,,,,,,,,,,,,,,,,,,,,,,,,,,,,,,,,,,,,,,,,,,,,,,,,,,,,,,,,,,,,,,,,,,,,,,,,,,,,,,,,,,,,,,,,,,,,,,,,,,,,,,,,,,,,,,,,,,,,,,,,,,,,,,,,,,,,,,,,,,,,,,,,,,,,,,,,,,,,,,,,,,,,,,,,,,,,,,,,,,,,,,,,,,,,,,,,,,,,,,,,,,,,,,,,,,,,,,,,,,,,,,,,,,,,,,,,,,,,,,,,,,,,,,,,,,,,,,,,,,,,,,,,,,,,,,,,,,,,,,,,,,,,,,,,,,,,,,,,,,,,,,,,,,,,,,,,,,,,,,,,,,,,,,,,,,,,,,,,,,,,,,,,,,,,,,,,,,,,,,,,,,,,,,,,,,,,,,,,,,,,,,,,,,,,,,,,,,,,,,,,,,,,,,,,,,,,,,,,,,,,,,,,,,,,,,,,,,,,,,,,,,,,,,,,,,,,,,,,,,,,,,,,,,,,,,,,,,,,,,,,,,,,,,,,,,,,,,,,,,,,,,,,,,,,,,,,,,,,,,,,,,,,,,,,,,,,,,,,,,,,,,,,,,,,,,,,,,,,,,,,,,,,,,,,,,,,,,,,,,,,,,,,,,,,,,,,,,,,,,,,,,,,,,,,,,,,,,,,,,,,,,,,,,,,,,,,,,,,,,,,,,,,,,,,,,,,,,,,,,,,,,,,,,,,,,,,,,,,,,,,,,,,,,,,,,,,,,,,,,,,,,,,,,,,,,,,,,,,,,,,,,,,,,,,,,,,,,,,,,,,,,,,,,,,,,,,,,,,,,,,,,,,,,,,,,,,,,,,,,,,,,,,,,,,,,,,,,,,,,,,,,,,,#REF!,#REF!,0,0,#REF!,,,,,,
Y,Y,Y,,Ross Anderson,HOL,HOL,HOL,,,,,,,,,,,,,,,,,,,,,,,,,,,,,,,,,,,,,,,,,,,,,,,,,,,,,,,,,,,,,,,,,,,,,,,,,,,,,,,,,,,,,,,,,,,,,,,HOL Apprvd,HOL Apprvd,HOL Apprvd,HOL Apprvd,,,HOL Apprvd,HOL Apprvd,HOL Apprvd,,,,,,,,,,,,,,,,,,,,,,,,,,,,,,TRG,,,,,MED,,,,,,,,,,,,,,,,,,,,,,,,,,,,,,,,,,,,,,,,,,,,,,,,,,,,,,,,,,,,,,,,,,,,,,,,,,,,,,,,,,,,,,,,,,,,,,,,,,,,,,,,,,,,,,,,,,,,,,,,,,,,,,,,,,,,,,,,,,,,,,,,,,,,,,,,,,,,,,,,,,,,,,,,,TRG,TRG,,,,,,,,,,,,,,,,,,,,,,,,,,,,,,,,,,,,,,,,,,,,,,,,,,,,,,,,,,,,,,,,,,,,,,,,,,,,,,,,,,,,,,,,,,,,,,,,,,,,,,,,,,,,,,,,,,,,,,,,,,,,,,,,,,,,,,,,,,,,,,,,,,,,,,,,,,,,,,,,,,,,,,,,,,,,,,,,,,,,,,,,,,,,,,,,,,,,,,,,,,,,,,,,,,,,,,,,,,,,,,,,,,,,,,,,,,,,,,,,,,,,,,,,,,,,,,,,,,,,,,,,,,,,,,,,,,,,,,,,,,,,,,,,,,,,,,,,,,,,,,,,,,,,,,,,,,,,,,,,,,,,,,,,,,,,,,,,,,,,,,,,,,,,,,,,,,,,,,,,,,,,,,,,,,,,,,,,,,,,,,,,,,,,,,,,,,,,,,,,,,,,,,,,,,,,,,,,,,,,,,,,,,,,,,,,,,,,,,,,,,,,,,,,,,,,,,,,,,,,,,,,,,,,,,,,,,,,,,,,,,,,,,,,,,,,,,,,,,,,,,,,,,,,,,,,,,#REF!,#REF!,0,0,#REF!,,,,,,
,,,,,,,,,,,,,,,,,,,,,,,,,,,,,,,,,,,,,,,,,,,,,,,,,,,,,,,,,,,,,,,,,,,,,,,,,,,,,,,,,,,,,,,,,,,,,,,,,,,,,,,,,,,,,,,,,,,,,,,,,,,,,,,,,,,,,,,,,,,,,,,,,,,,,,,,,,,,,,,,,,,,,,,,,,,,,,,,,,,,,,,,,,,,,,,,,,,,,,,,,,,,,,,,,,,,,,,,,,,,,,,,,,,,,,,,,,,,,,,,,,,,,,,,,,,,,,,,,,,,,,,,,,,,,,,,,,,,,,,,,,,,,,,,,,,,,,,,,,,,,,,,,,,,,,,,,,,,,,,,,,,,,,,,,,,,,,,,,,,,,,,,,,,,,,,,,,,,,,,,,,,,,,,,,,,,,,,,,,,,,,,,,,,,,,,,,,,,,,,,,,,,,,,,,,,,,,,,,,,,,,,,,,,,,,,,,,,,,,,,,,,,,,,,,,,,,,,,,,,,,,,,,,,,,,,,,,,,,,,,,,,,,,,,,,,,,,,,,,,,,,,,,,,,,,,,,,,,,,,,,,,,,,,,,,,,,,,,,,,,,,,,,,,,,,,,,,,,,,,,,,,,,,,,,,,,,,,,,,,,,,,,,,,,,,,,,,,,,,,,,,,,,,,,,,,,,,,,,,,,,,,,,,,,,,,,,,,,,,,,,,,,,,,,,,,,,,,,,,,,,,,,,,,,,,,,,,,,,,,,,,,,,,,,,,,,,,,,,,,,,,,,,,,,,,,,,,,,,,,,,,,,,,,,,,,,,,,,,,,,,,,,,,,,,,,,,,,,,,,,,,,,,,,,,,,,,,,,,,,,,,,,,,,,,,,,,,,,,,,,,,,,,,,,,,,,,,,,,,,,,,,,,,,,,,,,,,,,,,,
,,,,,,,,,,,,,,,,,,,,,,,,,,,,,,,,,,,,,,,,,,,,,,,,,,,,,,,,,,,,,,,,,,,,,,,,,,,,,,,,,,,,,,,,,,,,,,,,,,,,,,,,,,,,,,,,,,,,,,,,,,,,,,,,,,,,,,,,,,,,,,,,,,,,,,,,,,,,,,,,,,,,,,,,,,,,,,,,,,,,,,,,,,,,,,,,,,,,,,,,,,,,,,,,,,,,,,,,,,,,,,,,,,,,,,,,,,,,,,,,,,,,,,,,,,,,,,,,,,,,,,,,,,,,,,,,,,,,,,,,,,,,,,,,,,,,,,,,,,,,,,,,,,,,,,,,,,,,,,,,,,,,,,,,,,,,,,,,,,,,,,,,,,,,,,,,,,,,,,,,,,,,,,,,,,,,,,,,,,,,,,,,,,,,,,,,,,,,,,,,,,,,,,,,,,,,,,,,,,,,,,,,,,,,,,,,,,,,,,,,,,,,,,,,,,,,,,,,,,,,,,,,,,,,,,,,,,,,,,,,,,,,,,,,,,,,,,,,,,,,,,,,,,,,,,,,,,,,,,,,,,,,,,,,,,,,,,,,,,,,,,,,,,,,,,,,,,,,,,,,,,,,,,,,,,,,,,,,,,,,,,,,,,,,,,,,,,,,,,,,,,,,,,,,,,,,,,,,,,,,,,,,,,,,,,,,,,,,,,,,,,,,,,,,,,,,,,,,,,,,,,,,,,,,,,,,,,,,,,,,,,,,,,,,,,,,,,,,,,,,,,,,,,,,,,,,,,,,,,,,,,,,,,,,,,,,,,,,,,,,,,,,,,,,,,,,,,,,,,,,,,,,,,,,,,,,,,,,,,,,,,,,,,,,,,,,,,,,,,,,,,,,,,,,,,,,,,,,,,,,,,,,,,,,,,,,,,,,,,,
,,,,,,,,,,,,,,,,,,,,,,,,,,,,,,,,,,,,,,,,,,,,,,,,,,,,,,,,,,,,,,,,,,,,,,,,,,,,,,,,,,,,,,,,,,,,,,,,,,,,,,,,,,,,,,,,,,,,,,,,,,,,,,,,,,,,,,,,,,,,,,,,,,,,,,,,,,,,,,,,,,,,,,,,,,,,,,,,,,,,,,,,,,,,,,,,,,,,,,,,,,,,,,,,,,,,,,,,,,,,,,,,,,,,,,,,,,,,,,,,,,,,,,,,,,,,,,,,,,,,,,,,,,,,,,,,,,,,,,,,,,,,,,,,,,,,,,,,,,,,,,,,,,,,,,,,,,,,,,,,,,,,,,,,,,,,,,,,,,,,,,,,,,,,,,,,,,,,,,,,,,,,,,,,,,,,,,,,,,,,,,,,,,,,,,,,,,,,,,,,,,,,,,,,,,,,,,,,,,,,,,,,,,,,,,,,,,,,,,,,,,,,,,,,,,,,,,,,,,,,,,,,,,,,,,,,,,,,,,,,,,,,,,,,,,,,,,,,,,,,,,,,,,,,,,,,,,,,,,,,,,,,,,,,,,,,,,,,,,,,,,,,,,,,,,,,,,,,,,,,,,,,,,,,,,,,,,,,,,,,,,,,,,,,,,,,,,,,,,,,,,,,,,,,,,,,,,,,,,,,,,,,,,,,,,,,,,,,,,,,,,,,,,,,,,,,,,,,,,,,,,,,,,,,,,,,,,,,,,,,,,,,,,,,,,,,,,,,,,,,,,,,,,,,,,,,,,,,,,,,,,,,,,,,,,,,,,,,,,,,,,,,,,,,,,,,,,,,,,,,,,,,,,,,,,,,,,,,,,,,,,,,,,,,,,,,,,,,,,,,,,,,,,,,,,,,,,,,,,,,,,,,,,,,,,,,,,,,,,,
,,,,,HOL,HOL,HOL,,,KILG,KILG,KILG,KILG,KILG,,,KILG,KILG,KILG,KILG,TRG,,,,,,,,,,,,,,,,,,,,,,,,,,,,,,,,,,,,,,,,,,,,,,,,,,,,,,,,,,,,,,,,,,,,SICK,,,,,SICK,KILG,KILG,KILG,KILG,,,KILG,KILG,,,,,,,,,,,,,HOL Apprvd,,,,,,,,,,,,,,HOL Apprvd,HOL Apprvd,HOL Apprvd,HOL Apprvd,HOL Apprvd,,,,,,HOL Apprvd,,,,,,,,,,,,,,,,,,,,,,,,,,,,,,,,,,,,,,,,,,,,,,,,,,,,,,,,,,,,,,,,,,,,,,,,,,,,,,,,,,,,,,,,,,,,HOL Apprvd,,,HOL Apprvd,HOL Apprvd,HOL Apprvd,HOL Apprvd,HOL Apprvd,,,,,,,,,,,,,,,,,,,,,,,,,,,,,,,,,,,,,,,,,,,,,,,,,,,,,,,,,,,,,,,,,,,,,,,,,,,,,,,,,,,,,,,,,,,,,,,,,,,,,,,,,,,,,,,,,,,,,,,,,,,,,,,,,,,,,,,,,,,,,,,,,,,,,,,,,,,,,,,,,,,,,,,,,,,,,,,,,,,,,,,,,,,,,,,,,,,,,,,,,,,,,,,,,,,,,,,,,,,,,,,,,,,,,,,,,,,,,,,,,,,,,,,,,,,,,,,,,,,,,,,,,,,,,,,,,,,,,,,,,,,,,,,,,,,,,,,,,,,,,,,,,,,,,,,,,,,,,,,,,,,,,,,,,,,,,,,,,,,,,,,,,,,,,,,,,,,,,,,,,,,,,,,,,,,,,,,,,,,,,,,,,,,,,,,,,,,,,,,,,,,,,,,,,,,,,,,,,,,,,,,,,,,,,,,,,,,,,,,,,,,,,,,,,,,,,,,,,,,,,,,,,,,,,,,,,,,,,,,,,,,,,,,,,,,,,,,,,,,,,,,,,,,,,,,,,,,,,,,,,,,,,,,,,,,,,,,,,,,,,,,,,,,,,,,,,,,,,,,,,,,,,,,,,,,,,,,,,,,,,,,,,,,,,,,,,,,,,,,,,
KEY,,,,,,,,,,,,,,,,,,,,,,,,,,,,,,,,,,,,,,,,,,,,,,,,,,,,,,,,,,,,,,,,,,,,,,,,,,,,,,,,,,,,,,,,,,,,,,,,,,,,,,,,,,,,,,,,,,,,,,,,,,,,,,,,,,,,,,,,,,,,,,,,,,,,,,,,,,,,,,,,,,,,,,,,,,,,,,,,,,,,,,,,,,,,,,,,,,,,,,,,,,,,,,,,,,,,,,,,,,,,,,,,,,,,,,,,,,,,,,,,,,,,,,,,,,,,,,,,,,,,,,,,,,,,,,,,,,,,,,,,,,,,,,,,,,,,,,,,,,,,,,,,,,,,,,,,,,,,,,,,,,,,,,,,,,,,,,,,,,,,,,,,,,,,,,,,,,,,,,,,,,,,,,,,,,,,,,,,,,,,,,,,,,,,,,,,,,,,,,,,,,,,,,,,,,,,,,,,,,,,,,,,,,,,,,,,,,,,,,,,,,,,,,,,,,,,,,,,,,,,,,,,,,,,,,,,,,,,,,,,,,,,,,,,,,,,,,,,,,,,,,,,,,,,,,,,,,,,,,,,,,,,,,,,,,,,,,,,,,,,,,,,,,,,,,,,,,,,,,,,,,,,,,,,,,,,,,,,,,,,,,,,,,,,,,,,,,,,,,,,,,,,,,,,,,,,,,,,,,,,,,,,,,,,,,,,,,,,,,,,,,,,,,,,,,,,,,,,,,,,,,,,,,,,,,,,,,,,,,,,,,,,,,,,,,,,,,,,,,,,,,,,,,,,,,,,,,,,,,,,,,,,,,,,,,,,,,,,,,,,,,,,,,,,,,,,,,,,,,,,,,,,,,,,,,,,,,,,,,,,,,,,,,,,,,,,,,,,,,,,,,,,,,,,,,,,,,,,,,,,,,,,,,,,,,,,,,,,,,,
Holiday in WD,,HOL in WD,,,,,,,,,,,,,,,,,,,,,,,,,,,,,,,,,,,,,,,,,,,,,,,,,,,,,,,,,,,,,,,,,,,,,,,,,,,,,,,,,,,,,,,,,,,,,,,,,,,,,,,,,,,,,,,,,,,,,,,,,,,,,,,,,,,,,,,,,,,,,,,,,,,,,,,,,,,,,,,,,,,,,,,,,,,,,,,,,,,,,,,,,,,,,,,,,,,,,,,,,,,,,,,,,,,,,,,,,,,,,,,,,,,,,,,,,,,,,,,,,,,,,,,,,,,,,,,,,,,,,,,,,,,,,,,,,,,,,,,,,,,,,,,,,,,,,,,,,,,,,,,,,,,,,,,,,,,,,,,,,,,,,,,,,,,,,,,,,,,,,,,,,,,,,,,,,,,,,,,,,,,,,,,,,,,,,,,,,,,,,,,,,,,,,,,,,,,,,,,,,,,,,,,,,,,,,,,,,,,,,,,,,,,,,,,,,,,,,,,,,,,,,,,,,,,,,,,,,,,,,,,,,,,,,,,,,,,,,,,,,,,,,,,,,,,,,,,,,,,,,,,,,,,,,,,,,,,,,,,,,,,,,,,,,,,,,,,,,,,,,,,,,,,,,,,,,,,,,,,,,,,,,,,,,,,,,,,,,,,,,,,,,,,,,,,,,,,,,,,,,,,,,,,,,,,,,,,,,,,,,,,,,,,,,,,,,,,,,,,,,,,,,,,,,,,,,,,,,,,,,,,,,,,,,,,,,,,,,,,,,,,,,,,,,,,,,,,,,,,,,,,,,,,,,,,,,,,,,,,,,,,,,,,,,,,,,,,,,,,,,,,,,,,,,,,,,,,,,,,,,,,,,,,,,,,,,,,,,,,,,,,,,,,,,,,,,,,,,,,,,,,,,,,,,,,,,,,,,,,,,,,,,,,,,,,,,,,,,
Holiday approved,,HOL Apprvd,,,,,,,,,,,,,,,,,,,,,,,,,,,,,,,,,,,,,,,,,,,,,,,,,,,,,,,,,,,,,,,,,,,,,,,,,,,,,,,,,,,,,,,,,,,,,,,,,,,,,,,,,,,,,,,,,,,,,,,,,,,,,,,,,,,,,,,,,,,,,,,,,,,,,,,,,,,,,,,,,,,,,,,,,,,,,,,,,,,,,,,,,,,,,,,,,,,,,,,,,,,,,,,,,,,,,,,,,,,,,,,,,,,,,,,,,,,,,,,,,,,,,,,,,,,,,,,,,,,,,,,,,,,,,,,,,,,,,,,,,,,,,,,,,,,,,,,,,,,,,,,,,,,,,,,,,,,,,,,,,,,,,,,,,,,,,,,,,,,,,,,,,,,,,,,,,,,,,,,,,,,,,,,,,,,,,,,,,,,,,,,,,,,,,,,,,,,,,,,,,,,,,,,,,,,,,,,,,,,,,,,,,,,,,,,,,,,,,,,,,,,,,,,,,,,,,,,,,,,,,,,,,,,,,,,,,,,,,,,,,,,,,,,,,,,,,,,,,,,,,,,,,,,,,,,,,,,,,,,,,,,,,,,,,,,,,,,,,,,,,,,,,,,,,,,,,,,,,,,,,,,,,,,,,,,,,,,,,,,,,,,,,,,,,,,,,,,,,,,,,,,,,,,,,,,,,,,,,,,,,,,,,,,,,,,,,,,,,,,,,,,,,,,,,,,,,,,,,,,,,,,,,,,,,,,,,,,,,,,,,,,,,,,,,,,,,,,,,,,,,,,,,,,,,,,,,,,,,,,,,,,,,,,,,,,,,,,,,,,,,,,,,,,,,,,,,,,,,,,,,,,,,,,,,,,,,,,,,,,,,,,,,,,,,,,,,,,,,,,,,,,,,,,,,,,,,,,,,,,,,,,,,,,,,,,,,,,,,
Training,,TRG,,,,,,,,,,,,,,,,,,,,,,,,,,,,,,,,,,,,,,,,,,,,,,,,,,,,,,,,,,,,,,,,,,,,,,,,,,,,,,,,,,,,,,,,,,,,,,,,,,,,,,,,,,,,,,,,,,,,,,,,,,,,,,,,,,,,,,,,,,,,,,,,,,,,,,,,,,,,,,,,,,,,,,,,,,,,,,,,,,,,,,,,,,,,,,,,,,,,,,,,,,,,,,,,,,,,,,,,,,,,,,,,,,,,,,,,,,,,,,,,,,,,,,,,,,,,,,,,,,,,,,,,,,,,,,,,,,,,,,,,,,,,,,,,,,,,,,,,,,,,,,,,,,,,,,,,,,,,,,,,,,,,,,,,,,,,,,,,,,,,,,,,,,,,,,,,,,,,,,,,,,,,,,,,,,,,,,,,,,,,,,,,,,,,,,,,,,,,,,,,,,,,,,,,,,,,,,,,,,,,,,,,,,,,,,,,,,,,,,,,,,,,,,,,,,,,,,,,,,,,,,,,,,,,,,,,,,,,,,,,,,,,,,,,,,,,,,,,,,,,,,,,,,,,,,,,,,,,,,,,,,,,,,,,,,,,,,,,,,,,,,,,,,,,,,,,,,,,,,,,,,,,,,,,,,,,,,,,,,,,,,,,,,,,,,,,,,,,,,,,,,,,,,,,,,,,,,,,,,,,,,,,,,,,,,,,,,,,,,,,,,,,,,,,,,,,,,,,,,,,,,,,,,,,,,,,,,,,,,,,,,,,,,,,,,,,,,,,,,,,,,,,,,,,,,,,,,,,,,,,,,,,,,,,,,,,,,,,,,,,,,,,,,,,,,,,,,,,,,,,,,,,,,,,,,,,,,,,,,,,,,,,,,,,,,,,,,,,,,,,,,,,,,,,,,,,,,,,,,,,,,,,,,,,,,,,,,,,,
Medical,,MED,,,,,,,,,,,,,,,,,,,,,,,,,,,,,,,,,,,,,,,,,,,,,,,,,,,,,,,,,,,,,,,,,,,,,,,,,,,,,,,,,,,,,,,,,,,,,,,,,,,,,,,,,,,,,,,,,,,,,,,,,,,,,,,,,,,,,,,,,,,,,,,,,,,,,,,,,,,,,,,,,,,,,,,,,,,,,,,,,,,,,,,,,,,,,,,,,,,,,,,,,,,,,,,,,,,,,,,,,,,,,,,,,,,,,,,,,,,,,,,,,,,,,,,,,,,,,,,,,,,,,,,,,,,,,,,,,,,,,,,,,,,,,,,,,,,,,,,,,,,,,,,,,,,,,,,,,,,,,,,,,,,,,,,,,,,,,,,,,,,,,,,,,,,,,,,,,,,,,,,,,,,,,,,,,,,,,,,,,,,,,,,,,,,,,,,,,,,,,,,,,,,,,,,,,,,,,,,,,,,,,,,,,,,,,,,,,,,,,,,,,,,,,,,,,,,,,,,,,,,,,,,,,,,,,,,,,,,,,,,,,,,,,,,,,,,,,,,,,,,,,,,,,,,,,,,,,,,,,,,,,,,,,,,,,,,,,,,,,,,,,,,,,,,,,,,,,,,,,,,,,,,,,,,,,,,,,,,,,,,,,,,,,,,,,,,,,,,,,,,,,,,,,,,,,,,,,,,,,,,,,,,,,,,,,,,,,,,,,,,,,,,,,,,,,,,,,,,,,,,,,,,,,,,,,,,,,,,,,,,,,,,,,,,,,,,,,,,,,,,,,,,,,,,,,,,,,,,,,,,,,,,,,,,,,,,,,,,,,,,,,,,,,,,,,,,,,,,,,,,,,,,,,,,,,,,,,,,,,,,,,,,,,,,,,,,,,,,,,,,,,,,,,,,,,,,,,,,,,,,,,,,,,,,,,,,,,,,,,
Sick,,SICK,,,,,,,,,,,,,,,,,,,,,,,,,,,,,,,,,,,,,,,,,,,,,,,,,,,,,,,,,,,,,,,,,,,,,,,,,,,,,,,,,,,,,,,,,,,,,,,,,,,,,,,,,,,,,,,,,,,,,,,,,,,,,,,,,,,,,,,,,,,,,,,,,,,,,,,,,,,,,,,,,,,,,,,,,,,,,,,,,,,,,,,,,,,,,,,,,,,,,,,,,,,,,,,,,,,,,,,,,,,,,,,,,,,,,,,,,,,,,,,,,,,,,,,,,,,,,,,,,,,,,,,,,,,,,,,,,,,,,,,,,,,,,,,,,,,,,,,,,,,,,,,,,,,,,,,,,,,,,,,,,,,,,,,,,,,,,,,,,,,,,,,,,,,,,,,,,,,,,,,,,,,,,,,,,,,,,,,,,,,,,,,,,,,,,,,,,,,,,,,,,,,,,,,,,,,,,,,,,,,,,,,,,,,,,,,,,,,,,,,,,,,,,,,,,,,,,,,,,,,,,,,,,,,,,,,,,,,,,,,,,,,,,,,,,,,,,,,,,,,,,,,,,,,,,,,,,,,,,,,,,,,,,,,,,,,,,,,,,,,,,,,,,,,,,,,,,,,,,,,,,,,,,,,,,,,,,,,,,,,,,,,,,,,,,,,,,,,,,,,,,,,,,,,,,,,,,,,,,,,,,,,,,,,,,,,,,,,,,,,,,,,,,,,,,,,,,,,,,,,,,,,,,,,,,,,,,,,,,,,,,,,,,,,,,,,,,,,,,,,,,,,,,,,,,,,,,,,,,,,,,,,,,,,,,,,,,,,,,,,,,,,,,,,,,,,,,,,,,,,,,,,,,,,,,,,,,,,,,,,,,,,,,,,,,,,,,,,,,,,,,,,,,,,,,,,,,,,,,,,,,,,,,,,,,,,,,,,,,
Absent,,ABS,,,,,,,,,,,,,,,,,,,,,,,,,,,,,,,,,,,,,,,,,,,,,,,,,,,,,,,,,,,,,,,,,,,,,,,,,,,,,,,,,,,,,,,,,,,,,,,,,,,,,,,,,,,,,,,,,,,,,,,,,,,,,,,,,,,,,,,,,,,,,,,,,,,,,,,,,,,,,,,,,,,,,,,,,,,,,,,,,,,,,,,,,,,,,,,,,,,,,,,,,,,,,,,,,,,,,,,,,,,,,,,,,,,,,,,,,,,,,,,,,,,,,,,,,,,,,,,,,,,,,,,,,,,,,,,,,,,,,,,,,,,,,,,,,,,,,,,,,,,,,,,,,,,,,,,,,,,,,,,,,,,,,,,,,,,,,,,,,,,,,,,,,,,,,,,,,,,,,,,,,,,,,,,,,,,,,,,,,,,,,,,,,,,,,,,,,,,,,,,,,,,,,,,,,,,,,,,,,,,,,,,,,,,,,,,,,,,,,,,,,,,,,,,,,,,,,,,,,,,,,,,,,,,,,,,,,,,,,,,,,,,,,,,,,,,,,,,,,,,,,,,,,,,,,,,,,,,,,,,,,,,,,,,,,,,,,,,,,,,,,,,,,,,,,,,,,,,,,,,,,,,,,,,,,,,,,,,,,,,,,,,,,,,,,,,,,,,,,,,,,,,,,,,,,,,,,,,,,,,,,,,,,,,,,,,,,,,,,,,,,,,,,,,,,,,,,,,,,,,,,,,,,,,,,,,,,,,,,,,,,,,,,,,,,,,,,,,,,,,,,,,,,,,,,,,,,,,,,,,,,,,,,,,,,,,,,,,,,,,,,,,,,,,,,,,,,,,,,,,,,,,,,,,,,,,,,,,,,,,,,,,,,,,,,,,,,,,,,,,,,,,,,,,,,,,,,,,,,,,,,,,,,,,,,,,,,,,,,
COVID,,COVID,,,,,,,,,,,,,,,,,,,,,,,,,,,,,,,,,,,,,,,,,,,,,,,,,,,,,,,,,,,,,,,,,,,,,,,,,,,,,,,,,,,,,,,,,,,,,,,,,,,,,,,,,,,,,,,,,,,,,,,,,,,,,,,,,,,,,,,,,,,,,,,,,,,,,,,,,,,,,,,,,,,,,,,,,,,,,,,,,,,,,,,,,,,,,,,,,,,,,,,,,,,,,,,,,,,,,,,,,,,,,,,,,,,,,,,,,,,,,,,,,,,,,,,,,,,,,,,,,,,,,,,,,,,,,,,,,,,,,,,,,,,,,,,,,,,,,,,,,,,,,,,,,,,,,,,,,,,,,,,,,,,,,,,,,,,,,,,,,,,,,,,,,,,,,,,,,,,,,,,,,,,,,,,,,,,,,,,,,,,,,,,,,,,,,,,,,,,,,,,,,,,,,,,,,,,,,,,,,,,,,,,,,,,,,,,,,,,,,,,,,,,,,,,,,,,,,,,,,,,,,,,,,,,,,,,,,,,,,,,,,,,,,,,,,,,,,,,,,,,,,,,,,,,,,,,,,,,,,,,,,,,,,,,,,,,,,,,,,,,,,,,,,,,,,,,,,,,,,,,,,,,,,,,,,,,,,,,,,,,,,,,,,,,,,,,,,,,,,,,,,,,,,,,,,,,,,,,,,,,,,,,,,,,,,,,,,,,,,,,,,,,,,,,,,,,,,,,,,,,,,,,,,,,,,,,,,,,,,,,,,,,,,,,,,,,,,,,,,,,,,,,,,,,,,,,,,,,,,,,,,,,,,,,,,,,,,,,,,,,,,,,,,,,,,,,,,,,,,,,,,,,,,,,,,,,,,,,,,,,,,,,,,,,,,,,,,,,,,,,,,,,,,,,,,,,,,,,,,,,,,,,,,,,,,,,,,,,,,
Stand Down,,SD,,,,,,,,,,,,,,,,,,,,,,,,,,,,,,,,,,,,,,,,,,,,,,,,,,,,,,,,,,,,,,,,,,,,,,,,,,,,,,,,,,,,,,,,,,,,,,,,,,,,,,,,,,,,,,,,,,,,,,,,,,,,,,,,,,,,,,,,,,,,,,,,,,,,,,,,,,,,,,,,,,,,,,,,,,,,,,,,,,,,,,,,,,,,,,,,,,,,,,,,,,,,,,,,,,,,,,,,,,,,,,,,,,,,,,,,,,,,,,,,,,,,,,,,,,,,,,,,,,,,,,,,,,,,,,,,,,,,,,,,,,,,,,,,,,,,,,,,,,,,,,,,,,,,,,,,,,,,,,,,,,,,,,,,,,,,,,,,,,,,,,,,,,,,,,,,,,,,,,,,,,,,,,,,,,,,,,,,,,,,,,,,,,,,,,,,,,,,,,,,,,,,,,,,,,,,,,,,,,,,,,,,,,,,,,,,,,,,,,,,,,,,,,,,,,,,,,,,,,,,,,,,,,,,,,,,,,,,,,,,,,,,,,,,,,,,,,,,,,,,,,,,,,,,,,,,,,,,,,,,,,,,,,,,,,,,,,,,,,,,,,,,,,,,,,,,,,,,,,,,,,,,,,,,,,,,,,,,,,,,,,,,,,,,,,,,,,,,,,,,,,,,,,,,,,,,,,,,,,,,,,,,,,,,,,,,,,,,,,,,,,,,,,,,,,,,,,,,,,,,,,,,,,,,,,,,,,,,,,,,,,,,,,,,,,,,,,,,,,,,,,,,,,,,,,,,,,,,,,,,,,,,,,,,,,,,,,,,,,,,,,,,,,,,,,,,,,,,,,,,,,,,,,,,,,,,,,,,,,,,,,,,,,,,,,,,,,,,,,,,,,,,,,,,,,,,,,,,,,,,,,,,,,,,,,,,,,,,,
Rostered On,,ROST ON,,,,,,,,,,,,,,,,,,,,,,,,,,,,,,,,,,,,,,,,,,,,,,,,,,,,,,,,,,,,,,,,,,,,,,,,,,,,,,,,,,,,,,,,,,,,,,,,,,,,,,,,,,,,,,,,,,,,,,,,,,,,,,,,,,,,,,,,,,,,,,,,,,,,,,,,,,,,,,,,,,,,,,,,,,,,,,,,,,,,,,,,,,,,,,,,,,,,,,,,,,,,,,,,,,,,,,,,,,,,,,,,,,,,,,,,,,,,,,,,,,,,,,,,,,,,,,,,,,,,,,,,,,,,,,,,,,,,,,,,,,,,,,,,,,,,,,,,,,,,,,,,,,,,,,,,,,,,,,,,,,,,,,,,,,,,,,,,,,,,,,,,,,,,,,,,,,,,,,,,,,,,,,,,,,,,,,,,,,,,,,,,,,,,,,,,,,,,,,,,,,,,,,,,,,,,,,,,,,,,,,,,,,,,,,,,,,,,,,,,,,,,,,,,,,,,,,,,,,,,,,,,,,,,,,,,,,,,,,,,,,,,,,,,,,,,,,,,,,,,,,,,,,,,,,,,,,,,,,,,,,,,,,,,,,,,,,,,,,,,,,,,,,,,,,,,,,,,,,,,,,,,,,,,,,,,,,,,,,,,,,,,,,,,,,,,,,,,,,,,,,,,,,,,,,,,,,,,,,,,,,,,,,,,,,,,,,,,,,,,,,,,,,,,,,,,,,,,,,,,,,,,,,,,,,,,,,,,,,,,,,,,,,,,,,,,,,,,,,,,,,,,,,,,,,,,,,,,,,,,,,,,,,,,,,,,,,,,,,,,,,,,,,,,,,,,,,,,,,,,,,,,,,,,,,,,,,,,,,,,,,,,,,,,,,,,,,,,,,,,,,,,,,,,,,,,,,,,,,,,,,,,,,,,,,,,,,,,,
On Call,,ON CALL,,,,,,,,,,,,,,,,,,,,,,,,,,,,,,,,,,,,,,,,,,,,,,,,,,,,,,,,,,,,,,,,,,,,,,,,,,,,,,,,,,,,,,,,,,,,,,,,,,,,,,,,,,,,,,,,,,,,,,,,,,,,,,,,,,,,,,,,,,,,,,,,,,,,,,,,,,,,,,,,,,,,,,,,,,,,,,,,,,,,,,,,,,,,,,,,,,,,,,,,,,,,,,,,,,,,,,,,,,,,,,,,,,,,,,,,,,,,,,,,,,,,,,,,,,,,,,,,,,,,,,,,,,,,,,,,,,,,,,,,,,,,,,,,,,,,,,,,,,,,,,,,,,,,,,,,,,,,,,,,,,,,,,,,,,,,,,,,,,,,,,,,,,,,,,,,,,,,,,,,,,,,,,,,,,,,,,,,,,,,,,,,,,,,,,,,,,,,,,,,,,,,,,,,,,,,,,,,,,,,,,,,,,,,,,,,,,,,,,,,,,,,,,,,,,,,,,,,,,,,,,,,,,,,,,,,,,,,,,,,,,,,,,,,,,,,,,,,,,,,,,,,,,,,,,,,,,,,,,,,,,,,,,,,,,,,,,,,,,,,,,,,,,,,,,,,,,,,,,,,,,,,,,,,,,,,,,,,,,,,,,,,,,,,,,,,,,,,,,,,,,,,,,,,,,,,,,,,,,,,,,,,,,,,,,,,,,,,,,,,,,,,,,,,,,,,,,,,,,,,,,,,,,,,,,,,,,,,,,,,,,,,,,,,,,,,,,,,,,,,,,,,,,,,,,,,,,,,,,,,,,,,,,,,,,,,,,,,,,,,,,,,,,,,,,,,,,,,,,,,,,,,,,,,,,,,,,,,,,,,,,,,,,,,,,,,,,,,,,,,,,,,,,,,,,,,,,,,,,,,,,,,,,,,,,,,,,,,,
Off,,OFF,,,,,,,,,,,,,,,,,,,,,,,,,,,,,,,,,,,,,,,,,,,,,,,,,,,,,,,,,,,,,,,,,,,,,,,,,,,,,,,,,,,,,,,,,,,,,,,,,,,,,,,,,,,,,,,,,,,,,,,,,,,,,,,,,,,,,,,,,,,,,,,,,,,,,,,,,,,,,,,,,,,,,,,,,,,,,,,,,,,,,,,,,,,,,,,,,,,,,,,,,,,,,,,,,,,,,,,,,,,,,,,,,,,,,,,,,,,,,,,,,,,,,,,,,,,,,,,,,,,,,,,,,,,,,,,,,,,,,,,,,,,,,,,,,,,,,,,,,,,,,,,,,,,,,,,,,,,,,,,,,,,,,,,,,,,,,,,,,,,,,,,,,,,,,,,,,,,,,,,,,,,,,,,,,,,,,,,,,,,,,,,,,,,,,,,,,,,,,,,,,,,,,,,,,,,,,,,,,,,,,,,,,,,,,,,,,,,,,,,,,,,,,,,,,,,,,,,,,,,,,,,,,,,,,,,,,,,,,,,,,,,,,,,,,,,,,,,,,,,,,,,,,,,,,,,,,,,,,,,,,,,,,,,,,,,,,,,,,,,,,,,,,,,,,,,,,,,,,,,,,,,,,,,,,,,,,,,,,,,,,,,,,,,,,,,,,,,,,,,,,,,,,,,,,,,,,,,,,,,,,,,,,,,,,,,,,,,,,,,,,,,,,,,,,,,,,,,,,,,,,,,,,,,,,,,,,,,,,,,,,,,,,,,,,,,,,,,,,,,,,,,,,,,,,,,,,,,,,,,,,,,,,,,,,,,,,,,,,,,,,,,,,,,,,,,,,,,,,,,,,,,,,,,,,,,,,,,,,,,,,,,,,,,,,,,,,,,,,,,,,,,,,,,,,,,,,,,,,,,,,,,,,,,,,,,,,,,,,
Paternity Leave ,,PAT,,,,,,,,,,,,,,,,,,,,,,,,,,,,,,,,,,,,,,,,,,,,,,,,,,,,,,,,,,,,,,,,,,,,,,,,,,,,,,,,,,,,,,,,,,,,,,,,,,,,,,,,,,,,,,,,,,,,,,,,,,,,,,,,,,,,,,,,,,,,,,,,,,,,,,,,,,,,,,,,,,,,,,,,,,,,,,,,,,,,,,,,,,,,,,,,,,,,,,,,,,,,,,,,,,,,,,,,,,,,,,,,,,,,,,,,,,,,,,,,,,,,,,,,,,,,,,,,,,,,,,,,,,,,,,,,,,,,,,,,,,,,,,,,,,,,,,,,,,,,,,,,,,,,,,,,,,,,,,,,,,,,,,,,,,,,,,,,,,,,,,,,,,,,,,,,,,,,,,,,,,,,,,,,,,,,,,,,,,,,,,,,,,,,,,,,,,,,,,,,,,,,,,,,,,,,,,,,,,,,,,,,,,,,,,,,,,,,,,,,,,,,,,,,,,,,,,,,,,,,,,,,,,,,,,,,,,,,,,,,,,,,,,,,,,,,,,,,,,,,,,,,,,,,,,,,,,,,,,,,,,,,,,,,,,,,,,,,,,,,,,,,,,,,,,,,,,,,,,,,,,,,,,,,,,,,,,,,,,,,,,,,,,,,,,,,,,,,,,,,,,,,,,,,,,,,,,,,,,,,,,,,,,,,,,,,,,,,,,,,,,,,,,,,,,,,,,,,,,,,,,,,,,,,,,,,,,,,,,,,,,,,,,,,,,,,,,,,,,,,,,,,,,,,,,,,,,,,,,,,,,,,,,,,,,,,,,,,,,,,,,,,,,,,,,,,,,,,,,,,,,,,,,,,,,,,,,,,,,,,,,,,,,,,,,,,,,,,,,,,,,,,,,,,,,,,,,,,,,,,,,,,,,,,,,,,,,,,,
Jury Duty,,JURY,,,,,,,,,,,,,,,,,,,,,,,,,,,,,,,,,,,,,,,,,,,,,,,,,,,,,,,,,,,,,,,,,,,,,,,,,,,,,,,,,,,,,,,,,,,,,,,,,,,,,,,,,,,,,,,,,,,,,,,,,,,,,,,,,,,,,,,,,,,,,,,,,,,,,,,,,,,,,,,,,,,,,,,,,,,,,,,,,,,,,,,,,,,,,,,,,,,,,,,,,,,,,,,,,,,,,,,,,,,,,,,,,,,,,,,,,,,,,,,,,,,,,,,,,,,,,,,,,,,,,,,,,,,,,,,,,,,,,,,,,,,,,,,,,,,,,,,,,,,,,,,,,,,,,,,,,,,,,,,,,,,,,,,,,,,,,,,,,,,,,,,,,,,,,,,,,,,,,,,,,,,,,,,,,,,,,,,,,,,,,,,,,,,,,,,,,,,,,,,,,,,,,,,,,,,,,,,,,,,,,,,,,,,,,,,,,,,,,,,,,,,,,,,,,,,,,,,,,,,,,,,,,,,,,,,,,,,,,,,,,,,,,,,,,,,,,,,,,,,,,,,,,,,,,,,,,,,,,,,,,,,,,,,,,,,,,,,,,,,,,,,,,,,,,,,,,,,,,,,,,,,,,,,,,,,,,,,,,,,,,,,,,,,,,,,,,,,,,,,,,,,,,,,,,,,,,,,,,,,,,,,,,,,,,,,,,,,,,,,,,,,,,,,,,,,,,,,,,,,,,,,,,,,,,,,,,,,,,,,,,,,,,,,,,,,,,,,,,,,,,,,,,,,,,,,,,,,,,,,,,,,,,,,,,,,,,,,,,,,,,,,,,,,,,,,,,,,,,,,,,,,,,,,,,,,,,,,,,,,,,,,,,,,,,,,,,,,,,,,,,,,,,,,,,,,,,,,,,,,,,,,,,,,,,,,,,,,,,
Kilgallioch,,KILG,,,,,,,,,,,,,,,,,,,,,,,,,,,,,,,,,,,,,,,,,,,,,,,,,,,,,,,,,,,,,,,,,,,,,,,,,,,,,,,,,,,,,,,,,,,,,,,,,,,,,,,,,,,,,,,,,,,,,,,,,,,,,,,,,,,,,,,,,,,,,,,,,,,,,,,,,,,,,,,,,,,,,,,,,,,,,,,,,,,,,,,,,,,,,,,,,,,,,,,,,,,,,,,,,,,,,,,,,,,,,,,,,,,,,,,,,,,,,,,,,,,,,,,,,,,,,,,,,,,,,,,,,,,,,,,,,,,,,,,,,,,,,,,,,,,,,,,,,,,,,,,,,,,,,,,,,,,,,,,,,,,,,,,,,,,,,,,,,,,,,,,,,,,,,,,,,,,,,,,,,,,,,,,,,,,,,,,,,,,,,,,,,,,,,,,,,,,,,,,,,,,,,,,,,,,,,,,,,,,,,,,,,,,,,,,,,,,,,,,,,,,,,,,,,,,,,,,,,,,,,,,,,,,,,,,,,,,,,,,,,,,,,,,,,,,,,,,,,,,,,,,,,,,,,,,,,,,,,,,,,,,,,,,,,,,,,,,,,,,,,,,,,,,,,,,,,,,,,,,,,,,,,,,,,,,,,,,,,,,,,,,,,,,,,,,,,,,,,,,,,,,,,,,,,,,,,,,,,,,,,,,,,,,,,,,,,,,,,,,,,,,,,,,,,,,,,,,,,,,,,,,,,,,,,,,,,,,,,,,,,,,,,,,,,,,,,,,,,,,,,,,,,,,,,,,,,,,,,,,,,,,,,,,,,,,,,,,,,,,,,,,,,,,,,,,,,,,,,,,,,,,,,,,,,,,,,,,,,,,,,,,,,,,,,,,,,,,,,,,,,,,,,,,,,,,,,,,,,,,,,,,,,,,,,,,,,,,,,
Carscreugh,,CARS,,,,,,,,,,,,,,,,,,,,,,,,,,,,,,,,,,,,,,,,,,,,,,,,,,,,,,,,,,,,,,,,,,,,,,,,,,,,,,,,,,,,,,,,,,,,,,,,,,,,,,,,,,,,,,,,,,,,,,,,,,,,,,,,,,,,,,,,,,,,,,,,,,,,,,,,,,,,,,,,,,,,,,,,,,,,,,,,,,,,,,,,,,,,,,,,,,,,,,,,,,,,,,,,,,,,,,,,,,,,,,,,,,,,,,,,,,,,,,,,,,,,,,,,,,,,,,,,,,,,,,,,,,,,,,,,,,,,,,,,,,,,,,,,,,,,,,,,,,,,,,,,,,,,,,,,,,,,,,,,,,,,,,,,,,,,,,,,,,,,,,,,,,,,,,,,,,,,,,,,,,,,,,,,,,,,,,,,,,,,,,,,,,,,,,,,,,,,,,,,,,,,,,,,,,,,,,,,,,,,,,,,,,,,,,,,,,,,,,,,,,,,,,,,,,,,,,,,,,,,,,,,,,,,,,,,,,,,,,,,,,,,,,,,,,,,,,,,,,,,,,,,,,,,,,,,,,,,,,,,,,,,,,,,,,,,,,,,,,,,,,,,,,,,,,,,,,,,,,,,,,,,,,,,,,,,,,,,,,,,,,,,,,,,,,,,,,,,,,,,,,,,,,,,,,,,,,,,,,,,,,,,,,,,,,,,,,,,,,,,,,,,,,,,,,,,,,,,,,,,,,,,,,,,,,,,,,,,,,,,,,,,,,,,,,,,,,,,,,,,,,,,,,,,,,,,,,,,,,,,,,,,,,,,,,,,,,,,,,,,,,,,,,,,,,,,,,,,,,,,,,,,,,,,,,,,,,,,,,,,,,,,,,,,,,,,,,,,,,,,,,,,,,,,,,,,,,,,,,,,,,,,,,,,,,,,,,,,,
Blackcraig,,BC,,,,,,,,,,,,,,,,,,,,,,,,,,,,,,,,,,,,,,,,,,,,,,,,,,,,,,,,,,,,,,,,,,,,,,,,,,,,,,,,,,,,,,,,,,,,,,,,,,,,,,,,,,,,,,,,,,,,,,,,,,,,,,,,,,,,,,,,,,,,,,,,,,,,,,,,,,,,,,,,,,,,,,,,,,,,,,,,,,,,,,,,,,,,,,,,,,,,,,,,,,,,,,,,,,,,,,,,,,,,,,,,,,,,,,,,,,,,,,,,,,,,,,,,,,,,,,,,,,,,,,,,,,,,,,,,,,,,,,,,,,,,,,,,,,,,,,,,,,,,,,,,,,,,,,,,,,,,,,,,,,,,,,,,,,,,,,,,,,,,,,,,,,,,,,,,,,,,,,,,,,,,,,,,,,,,,,,,,,,,,,,,,,,,,,,,,,,,,,,,,,,,,,,,,,,,,,,,,,,,,,,,,,,,,,,,,,,,,,,,,,,,,,,,,,,,,,,,,,,,,,,,,,,,,,,,,,,,,,,,,,,,,,,,,,,,,,,,,,,,,,,,,,,,,,,,,,,,,,,,,,,,,,,,,,,,,,,,,,,,,,,,,,,,,,,,,,,,,,,,,,,,,,,,,,,,,,,,,,,,,,,,,,,,,,,,,,,,,,,,,,,,,,,,,,,,,,,,,,,,,,,,,,,,,,,,,,,,,,,,,,,,,,,,,,,,,,,,,,,,,,,,,,,,,,,,,,,,,,,,,,,,,,,,,,,,,,,,,,,,,,,,,,,,,,,,,,,,,,,,,,,,,,,,,,,,,,,,,,,,,,,,,,,,,,,,,,,,,,,,,,,,,,,,,,,,,,,,,,,,,,,,,,,,,,,,,,,,,,,,,,,,,,,,,,,,,,,,,,,,,,,,,,,,,,,,,,,,,
,,,,18 x techs,,,,,,,,,,,,,,,,,,,,,,,,,,,,,,,,,,,,,,,,,,,,,,,,,,,,,,,,,,,,,,,,,,,,,,,,,,,,,,,,,,,,,,,,,,,,,,,,,,,,,,,,,,,,,,,,,,,,,,,,,,,,,,,,,,,,,,,,,,,,,,,,,,,,,,,,,,,,,,,,,,,,,,,,,,,,,,,,,,,,,,,,,,,,,,,,,,,,,,,,,,,,,,,,,,,,,,,,,,,,,,,,,,,,,,,,,,,,,,,,,,,,,,,,,,,,,,,,,,,,,,,,,,,,,,,,,,,,,,,,,,,,,,,,,,,,,,,,,,,,,,,,,,,,,,,,,,,,,,,,,,,,,,,,,,,,,,,,,,,,,,,,,,,,,,,,,,,,,,,,,,,,,,,,,,,,,,,,,,,,,,,,,,,,,,,,,,,,,,,,,,,,,,,,,,,,,,,,,,,,,,,,,,,,,,,,,,,,,,,,,,,,,,,,,,,,,,,,,,,,,,,,,,,,,,,,,,,,,,,,,,,,,,,,,,,,,,,,,,,,,,,,,,,,,,,,,,,,,,,,,,,,,,,,,,,,,,,,,,,,,,,,,,,,,,,,,,,,,,,,,,,,,,,,,,,,,,,,,,,,,,,,,,,,,,,,,,,,,,,,,,,,,,,,,,,,,,,,,,,,,,,,,,,,,,,,,,,,,,,,,,,,,,,,,,,,,,,,,,,,,,,,,,,,,,,,,,,,,,,,,,,,,,,,,,,,,,,,,,,,,,,,,,,,,,,,,,,,,,,,,,,,,,,,,,,,,,,,,,,,,,,,,,,,,,,,,,,,,,,,,,,,,,,,,,,,,,,,,,,,,,,,,,,,,,,,,,,,,,,,,,,,,,,,,,,,,,,,,,,,,,,,,,,,,,,,,,,
LEAVERS,,,,Philip Butcher,,,,,,,,,,,,,,,,,,,,,,,,,,,,,,,,,,,,,,,,,,,,,,,,,,,,,,,,,,,,,,,,,,,,,,,,,,,,,,,,,,,,,,,,,,,,,,,,,,,,,,,,,,,,,,,,,,,,,,,,,,,,,,,,,,,,,,,,,,,,,,,,,,,,,,,,,,,,,,,,,,,,,,,,,,,,,,,,,,,,,,,,,,,,,,,,,,,,,,,,,,,,,,,,,,,,,,,,,,,,,,,,,,,,,,,,,,,,,,,,,,,,,,,,,,,,,,,,,,,,,,,,,,,,,,,,,,,,,,,,,,,,,,,,,,,,,,,,,,,,,,,,,,,,,,,,,,,,,,,,,,,,,,,,,,,,,,,,,,,,,,,,,,,,,,,,,,,,,,,,,,,,,,,,,,,,,,,,,,,,,,,,,,,,,,,,,,,,,,,,,,,,,,,,,,,,,,,,,,,,,,,,,,,,,,,,,,,,,,,,,,,,,,,,,,,,,,,,,,,,,,,,,,,,,,,,,,,,,,,,,,,,,,,,,,,,,,,,,,,,,,,,,,,,,,,,,,,,,,,,,,,,,,,,,,,,,,,,,,,,,,,,,,,,,,,,,,,,,,,,,,,,,,,,,,,,,,,,,,,,,,,,,,,,,,,,,,,,,,,,,,,,,,,,,,,,,,,,,,,,,,,,,,,,,,,,,,,,,,,,,,,,,,,,,,,,,,,,,,,,,,,,,,,,,,,,,,,,,,,,,,,,,,,,,,,,,,,,,,,,,,,,,,,,,,,,,,,,,,,,,,,,,,,,,,,,,,,,,,,,,,,,,,,,,,,,,,,,,,,,,,,,,,,,,,,,,,,,,,,,,,,,,,,,,,,,,,,,,,,,,,,,,,,,,,,,,,,,,,,,,,,,,,,,,,,,,,,
34,#REF!,#REF!,,Robin Knox,,,,,,,,,,,,,,,,,,,,,,,,,,,,,,,,,,,,,,,,,,,,,,,,,,,,,,,,,,,,,,,,,,,,,,,,,,,,,,,,,,,,,,,,,,,,,,,,,,,,,,,,,,,,,,,,,,,,,,,,,,,,,,,,,,,,,,,,,,,,,,,,,,,,,,,,,,,,,,,,,,,,,,,,,,,,,,,,,,,,,,,,,,,,,,,,,,,,,,,,,,,,,,,,,,,,,,,,,,,,,,,,,,,,,,,,,,,,,,,,,,,,,,,,,,,,,,,,,,,,,,,,,,,,,,,,,,,,,,,,,,,,,,,,,,,,,,,,,,,,,,,,,,,,,,,,,,,,,,,,,,,,,,,,,,,,,,,,,,,,,,,,,,,,,,,,,,,,,,,,,,,,,,,,,,,,,,,,,,,,,,,,,,,,,,,,,,,,,,,,,,,,,,,,,,,,,,,,,,,,,,,,,,,,,,,,,,,,,,,,,,,,,,,,,,,,,,,,,,,,,,,,,,,,,,,,,,,,,,,,,,,,,,,,,,,,,,,,,,,,,,,,,,,,,,,,,,,,,,,,,,,,,,,,,,,,,,,,,,,,,,,,,,,,,,,,,,,,,,,,,,,,,,,,,,,,,,,,,,,,,,,,,,,,,,,,,,,,,,,,,,,,,,,,,,,,,,,,,,,,,,,,,,,,,,,,,,,,,,,,,,,,,,,,,,,,,,,,,,,,,,,,,,,,,,,,,,,,,,,,,,,,,,,,,,,,,,,,,,,,,,,,,,,,,,,,,,,,,,,,,,,,,,,,,,,,,,,,,,,,,,,,,,,,,,,,,,,,,,,,,,,,,,,,,,,,,,,,,,,,,,,,,,,,,,,,,,,,,,,,,,,,,,,,,,,,,,,,,,,,,,,,,,,,,,,,,,,
37,#REF!,#REF!,,Jonanthan McClure,,,,,,,,,,,,,,,,,,,,,,,,,,,,,,,,,,,,,,,,,,,,,,,,,,,,,,,,,,,,,,,,,,,,,,,,,,,,,,,,,,,,,,,,,,,,,,,,,,,,,,,,,,,,,,,,,,,,,,,,,,,,,,,,,,,,,,,,,,,,,,,,,,,,,,,,,,,,,,,,,,,,,,,,,,,,,,,,,,,,,,,,,,,,,,,,,,,,,,,,,,,,,,,,,,,,,,,,,,,,,,,,,,,,,,,,,,,,,,,,,,,,,,,,,,,,,,,,,,,,,,,,,,,,,,,,,,,,,,,,,,,,,,,,,,,,,,,,,,,,,,,,,,,,,,,,,,,,,,,,,,,,,,,,,,,,,,,,,,,,,,,,,,,,,,,,,,,,,,,,,,,,,,,,,,,,,,,,,,,,,,,,,,,,,,,,,,,,,,,,,,,,,,,,,,,,,,,,,,,,,,,,,,,,,,,,,,,,,,,,,,,,,,,,,,,,,,,,,,,,,,,,,,,,,,,,,,,,,,,,,,,,,,,,,,,,,,,,,,,,,,,,,,,,,,,,,,,,,,,,,,,,,,,,,,,,,,,,,,,,,,,,,,,,,,,,,,,,,,,,,,,,,,,,,,,,,,,,,,,,,,,,,,,,,,,,,,,,,,,,,,,,,,,,,,,,,,,,,,,,,,,,,,,,,,,,,,,,,,,,,,,,,,,,,,,,,,,,,,,,,,,,,,,,,,,,,,,,,,,,,,,,,,,,,,,,,,,,,,,,,,,,,,,,,,,,,,,,,,,,,,,,,,,,,,,,,,,,,,,,,,,,,,,,,,,,,,,,,,,,,,,,,,,,,,,,,,,,,,,,,,,,,,,,,,,,,,,,,,,,,,,,,,,,,,,,,,,,,,,,,,,,,,,,,,,,,,,
35,#REF!,#REF!,,Nicholas Cuff,,,,,,,,,,,,,,,,,,,,,,,,,,,,,,,,,,,,,,,,,,,,,,,,,,,,,,,,,,,,,,,,,,,,,,,,,,,,,,,,,,,,,,,,,,,,,,,,,,,,,,,,,,,,,,,,,,,,,,,,,,,,,,,,,,,,,,,,,,,,,,,,,,,,,,,,,,,,,,,,,,,,,,,,,,,,,,,,,,,,,,,,,,,,,,,,,,,,,,,,,,,,,,,,,,,,,,,,,,,,,,,,,,,,,,,,,,,,,,,,,,,,,,,,,,,,,,,,,,,,,,,,,,,,,,,,,,,,,,,,,,,,,,,,,,,,,,,,,,,,,,,,,,,,,,,,,,,,,,,,,,,,,,,,,,,,,,,,,,,,,,,,,,,,,,,,,,,,,,,,,,,,,,,,,,,,,,,,,,,,,,,,,,,,,,,,,,,,,,,,,,,,,,,,,,,,,,,,,,,,,,,,,,,,,,,,,,,,,,,,,,,,,,,,,,,,,,,,,,,,,,,,,,,,,,,,,,,,,,,,,,,,,,,,,,,,,,,,,,,,,,,,,,,,,,,,,,,,,,,,,,,,,,,,,,,,,,,,,,,,,,,,,,,,,,,,,,,,,,,,,,,,,,,,,,,,,,,,,,,,,,,,,,,,,,,,,,,,,,,,,,,,,,,,,,,,,,,,,,,,,,,,,,,,,,,,,,,,,,,,,,,,,,,,,,,,,,,,,,,,,,,,,,,,,,,,,,,,,,,,,,,,,,,,,,,,,,,,,,,,,,,,,,,,,,,,,,,,,,,,,,,,,,,,,,,,,,,,,,,,,,,,,,,,,,,,,,,,,,,,,,,,,,,,,,,,,,,,,,,,,,,,,,,,,,,,,,,,,,,,,,,,,,,,,,,,,,,,,,,,,,,,,,,,,,,,,,,
40,#REF!,#REF!,,Scott Sweeney,,,,,,,,,,,,,,,,,,,,,,,,,,,,,,,,,,,,,,,,,,,,,,,,,,,,,,,,,,,,,,,,,,,,,,,,,,,,,,,,,,,,,,,,,,,,,,,,,,,,,,,,,,,,,,,,,,,,,,,,,,,,,,,,,,,,,,,,,,,,,,,,,,,,,,,,,,,,,,,,,,,,,,,,,,,,,,,,,,,,,,,,,,,,,,,,,,,,,,,,,,,,,,,,,,,,,,,,,,,,,,,,,,,,,,,,,,,,,,,,,,,,,,,,,,,,,,,,,,,,,,,,,,,,,,,,,,,,,,,,,,,,,,,,,,,,,,,,,,,,,,,,,,,,,,,,,,,,,,,,,,,,,,,,,,,,,,,,,,,,,,,,,,,,,,,,,,,,,,,,,,,,,,,,,,,,,,,,,,,,,,,,,,,,,,,,,,,,,,,,,,,,,,,,,,,,,,,,,,,,,,,,,,,,,,,,,,,,,,,,,,,,,,,,,,,,,,,,,,,,,,,,,,,,,,,,,,,,,,,,,,,,,,,,,,,,,,,,,,,,,,,,,,,,,,,,,,,,,,,,,,,,,,,,,,,,,,,,,,,,,,,,,,,,,,,,,,,,,,,,,,,,,,,,,,,,,,,,,,,,,,,,,,,,,,,,,,,,,,,,,,,,,,,,,,,,,,,,,,,,,,,,,,,,,,,,,,,,,,,,,,,,,,,,,,,,,,,,,,,,,,,,,,,,,,,,,,,,,,,,,,,,,,,,,,,,,,,,,,,,,,,,,,,,,,,,,,,,,,,,,,,,,,,,,,,,,,,,,,,,,,,,,,,,,,,,,,,,,,,,,,,,,,,,,,,,,,,,,,,,,,,,,,,,,,,,,,,,,,,,,,,,,,,,,,,,,,,,,,,,,,,,,,,,,,,,,,,
39,#REF!,#REF!,,Iain Coleman,,,,,,,,,,,,,,,,,,,,,,,,,,,,,,,,,,,,,,,,,,,,,,,,,,,,,,,,,,,,,,,,,,,,,,,,,,,,,,,,,,,,,,,,,,,,,,,,,,,,,,,,,,,,,,,,,,,,,,,,,,,,,,,,,,,,,,,,,,,,,,,,,,,,,,,,,,,,,,,,,,,,,,,,,,,,,,,,,,,,,,,,,,,,,,,,,,,,,,,,,,,,,,,,,,,,,,,,,,,,,,,,,,,,,,,,,,,,,,,,,,,,,,,,,,,,,,,,,,,,,,,,,,,,,,,,,,,,,,,,,,,,,,,,,,,,,,,,,,,,,,,,,,,,,,,,,,,,,,,,,,,,,,,,,,,,,,,,,,,,,,,,,,,,,,,,,,,,,,,,,,,,,,,,,,,,,,,,,,,,,,,,,,,,,,,,,,,,,,,,,,,,,,,,,,,,,,,,,,,,,,,,,,,,,,,,,,,,,,,,,,,,,,,,,,,,,,,,,,,,,,,,,,,,,,,,,,,,,,,,,,,,,,,,,,,,,,,,,,,,,,,,,,,,,,,,,,,,,,,,,,,,,,,,,,,,,,,,,,,,,,,,,,,,,,,,,,,,,,,,,,,,,,,,,,,,,,,,,,,,,,,,,,,,,,,,,,,,,,,,,,,,,,,,,,,,,,,,,,,,,,,,,,,,,,,,,,,,,,,,,,,,,,,,,,,,,,,,,,,,,,,,,,,,,,,,,,,,,,,,,,,,,,,,,,,,,,,,,,,,,,,,,,,,,,,,,,,,,,,,,,,,,,,,,,,,,,,,,,,,,,,,,,,,,,,,,,,,,,,,,,,,,,,,,,,,,,,,,,,,,,,,,,,,,,,,,,,,,,,,,,,,,,,,,,,,,,,,,,,,,,,,,,,,,,,,,,,
,#REF!,#REF!,,Anthony Steele,,,,,,,,,,,,,,,,,,,,,,,,,,,,,,,,,,,,,,,,,,,,,,,,,,,,,,,,,,,,,,,,,,,,,,,,,,,,,,,,,,,,,,,,,,,,,,,,,,,,,,,,,,,,,,,,,,,,,,,,,,,,,,,,,,,,,,,,,,,,,,,,,,,,,,,,,,,,,,,,,,,,,,,,,,,,,,,,,,,,,,,,,,,,,,,,,,,,,,,,,,,,,,,,,,,,,,,,,,,,,,,,,,,,,,,,,,,,,,,,,,,,,,,,,,,,,,,,,,,,,,,,,,,,,,,,,,,,,,,,,,,,,,,,,,,,,,,,,,,,,,,,,,,,,,,,,,,,,,,,,,,,,,,,,,,,,,,,,,,,,,,,,,,,,,,,,,,,,,,,,,,,,,,,,,,,,,,,,,,,,,,,,,,,,,,,,,,,,,,,,,,,,,,,,,,,,,,,,,,,,,,,,,,,,,,,,,,,,,,,,,,,,,,,,,,,,,,,,,,,,,,,,,,,,,,,,,,,,,,,,,,,,,,,,,,,,,,,,,,,,,,,,,,,,,,,,,,,,,,,,,,,,,,,,,,,,,,,,,,,,,,,,,,,,,,,,,,,,,,,,,,,,,,,,,,,,,,,,,,,,,,,,,,,,,,,,,,,,,,,,,,,,,,,,,,,,,,,,,,,,,,,,,,,,,,,,,,,,,,,,,,,,,,,,,,,,,,,,,,,,,,,,,,,,,,,,,,,,,,,,,,,,,,,,,,,,,,,,,,,,,,,,,,,,,,,,,,,,,,,,,,,,,,,,,,,,,,,,,,,,,,,,,,,,,,,,,,,,,,,,,,,,,,,,,,,,,,,,,,,,,,,,,,,,,,,,,,,,,,,,,,,,,,,,,,,,,,,,,,,,,,,,,,,,,,,,,,
,#REF!,#REF!,,Gavin Williams,,,,,,,,,,,,,,,,,,,,,,,,,,,,,,,,,,,,,,,,,,,,,,,,,,,,,,,,,,,,,,,,,,,,,,,,,,,,,,,,,,,,,,,,,,,,,,,,,,,,,,,,,,,,,,,,,,,,,,,,,,,,,,,,,,,,,,,,,,,,,,,,,,,,,,,,,,,,,,,,,,,,,,,,,,,,,,,,,,,,,,,,,,,,,,,,,,,,,,,,,,,,,,,,,,,,,,,,,,,,,,,,,,,,,,,,,,,,,,,,,,,,,,,,,,,,,,,,,,,,,,,,,,,,,,,,,,,,,,,,,,,,,,,,,,,,,,,,,,,,,,,,,,,,,,,,,,,,,,,,,,,,,,,,,,,,,,,,,,,,,,,,,,,,,,,,,,,,,,,,,,,,,,,,,,,,,,,,,,,,,,,,,,,,,,,,,,,,,,,,,,,,,,,,,,,,,,,,,,,,,,,,,,,,,,,,,,,,,,,,,,,,,,,,,,,,,,,,,,,,,,,,,,,,,,,,,,,,,,,,,,,,,,,,,,,,,,,,,,,,,,,,,,,,,,,,,,,,,,,,,,,,,,,,,,,,,,,,,,,,,,,,,,,,,,,,,,,,,,,,,,,,,,,,,,,,,,,,,,,,,,,,,,,,,,,,,,,,,,,,,,,,,,,,,,,,,,,,,,,,,,,,,,,,,,,,,,,,,,,,,,,,,,,,,,,,,,,,,,,,,,,,,,,,,,,,,,,,,,,,,,,,,,,,,,,,,,,,,,,,,,,,,,,,,,,,,,,,,,,,,,,,,,,,,,,,,,,,,,,,,,,,,,,,,,,,,,,,,,,,,,,,,,,,,,,,,,,,,,,,,,,,,,,,,,,,,,,,,,,,,,,,,,,,,,,,,,,,,,,,,,,,,,,,,,,,,,,
,,,,Gabriel Alves,,,,,,,,,,,,,,,,,,,,,,,,,,,,,,,,,,,,,,,,,,,,,,,,,,,,,,,,,,,,,,,,,,,,,,,,,,,,,,,,,,,,,,,,,,,,,,,,,,,,,,,,,,,,,,,,,,,,,,,,,,,,,,,,,,,,,,,,,,,,,,,,,,,,,,,,,,,,,,,,,,,,,,,,,,,,,,,,,,,,,,,,,,,,,,,,,,,,,,,,,,,,,,,,,,,,,,,,,,,,,,,,,,,,,,,,,,,,,,,,,,,,,,,,,,,,,,,,,,,,,,,,,,,,,,,,,,,,,,,,,,,,,,,,,,,,,,,,,,,,,,,,,,,,,,,,,,,,,,,,,,,,,,,,,,,,,,,,,,,,,,,,,,,,,,,,,,,,,,,,,,,,,,,,,,,,,,,,,,,,,,,,,,,,,,,,,,,,,,,,,,,,,,,,,,,,,,,,,,,,,,,,,,,,,,,,,,,,,,,,,,,,,,,,,,,,,,,,,,,,,,,,,,,,,,,,,,,,,,,,,,,,,,,,,,,,,,,,,,,,,,,,,,,,,,,,,,,,,,,,,,,,,,,,,,,,,,,,,,,,,,,,,,,,,,,,,,,,,,,,,,,,,,,,,,,,,,,,,,,,,,,,,,,,,,,,,,,,,,,,,,,,,,,,,,,,,,,,,,,,,,,,,,,,,,,,,,,,,,,,,,,,,,,,,,,,,,,,,,,,,,,,,,,,,,,,,,,,,,,,,,,,,,,,,,,,,,,,,,,,,,,,,,,,,,,,,,,,,,,,,,,,,,,,,,,,,,,,,,,,,,,,,,,,,,,,,,,,,,,,,,,,,,,,,,,,,,,,,,,,,,,,,,,,,,,,,,,,,,,,,,,,,,,,,,,,,,,,,,,,,,,,,,,,,,,,,,,
,,,,,,,,,,,,,,,,,,,,,,,,,,,,,,,,,,,,,,,,,,,,,,,,,,,,,,,,,,,,,,,,,,,,,,,,,,,,,,,,,,,,,,,,,,,,,,,,,,,,,,,,,,,,,,,,,,,,,,,,,,,,,,,,,,,,,,,,,,,,,,,,,,,,,,,,,,,,,,,,,,,,,,,,,,,,,,,,,,,,,,,,,,,,,,,,,,,,,,,,,,,,,,,,,,,,,,,,,,,,,,,,,,,,,,,,,,,,,,,,,,,,,,,,,,,,,,,,,,,,,,,,,,,,,,,,,,,,,,,,,,,,,,,,,,,,,,,,,,,,,,,,,,,,,,,,,,,,,,,,,,,,,,,,,,,,,,,,,,,,,,,,,,,,,,,,,,,,,,,,,,,,,,,,,,,,,,,,,,,,,,,,,,,,,,,,,,,,,,,,,,,,,,,,,,,,,,,,,,,,,,,,,,,,,,,,,,,,,,,,,,,,,,,,,,,,,,,,,,,,,,,,,,,,,,,,,,,,,,,,,,,,,,,,,,,,,,,,,,,,,,,,,,,,,,,,,,,,,,,,,,,,,,,,,,,,,,,,,,,,,,,,,,,,,,,,,,,,,,,,,,,,,,,,,,,,,,,,,,,,,,,,,,,,,,,,,,,,,,,,,,,,,,,,,,,,,,,,,,,,,,,,,,,,,,,,,,,,,,,,,,,,,,,,,,,,,,,,,,,,,,,,,,,,,,,,,,,,,,,,,,,,,,,,,,,,,,,,,,,,,,,,,,,,,,,,,,,,,,,,,,,,,,,,,,,,,,,,,,,,,,,,,,,,,,,,,,,,,,,,,,,,,,,,,,,,,,,,,,,,,,,,,,,,,,,,,,,,,,,,,,,,,,,,,,,,,,,,,,,,,,,,,,,,,,,,,,,,,,,
,,,,,,,,,,,,,,,,,,,,,,,,,,,,,,,,,,,,,,,,,,,,,,,,,,,,,,,,,,,,,,,,,,,,,,,,,,,,,,,,,,,,,,,,,,,,,,,,,,,,,,,,,,,,,,,,,,,,,,,,,,,,,,,,,,,,,,,,,,,,,,,,,,,,,,,,,,,,,,,,,,,,,,,,,,,,,,,,,,,,,,,,,,,,,,,,,,,,,,,,,,,,,,,,,,,,,,,,,,,,,,,,,,,,,,,,,,,,,,,,,,,,,,,,,,,,,,,,,,,,,,,,,,,,,,,,,,,,,,,,,,,,,,,,,,,,,,,,,,,,,,,,,,,,,,,,,,,,,,,,,,,,,,,,,,,,,,,,,,,,,,,,,,,,,,,,,,,,,,,,,,,,,,,,,,,,,,,,,,,,,,,,,,,,,,,,,,,,,,,,,,,,,,,,,,,,,,,,,,,,,,,,,,,,,,,,,,,,,,,,,,,,,,,,,,,,,,,,,,,,,,,,,,,,,,,,,,,,,,,,,,,,,,,,,,,,,,,,,,,,,,,,,,,,,,,,,,,,,,,,,,,,,,,,,,,,,,,,,,,,,,,,,,,,,,,,,,,,,,,,,,,,,,,,,,,,,,,,,,,,,,,,,,,,,,,,,,,,,,,,,,,,,,,,,,,,,,,,,,,,,,,,,,,,,,,,,,,,,,,,,,,,,,,,,,,,,,,,,,,,,,,,,,,,,,,,,,,,,,,,,,,,,,,,,,,,,,,,,,,,,,,,,,,,,,,,,,,,,,,,,,,,,,,,,,,,,,,,,,,,,,,,,,,,,,,,,,,,,,,,,,,,,,,,,,,,,,,,,,,,,,,,,,,,,,,,,,,,,,,,,,,,,,,,,,,,,,,,,,,,,,,,,,,,,,,,,,,,,,,
,,,,,,,,,,,,,,,,,,,,,,,,,,,,,,,,,,,,,,,,,,,,,,,,,,,,,,,,,,,,,,,,,,,,,,,,,,,,,,,,,,,,,,,,,,,,,,,,,,,,,,,,,,,,,,,,,,,,,,,,,,,,,,,,,,,,,,,,,,,,,,,,,,,,,,,,,,,,,,,,,,,,,,,,,,,,,,,,,,,,,,,,,,,,,,,,,,,,,,,,,,,,,,,,,,,,,,,,,,,,,,,,,,,,,,,,,,,,,,,,,,,,,,,,,,,,,,,,,,,,,,,,,,,,,,,,,,,,,,,,,,,,,,,,,,,,,,,,,,,,,,,,,,,,,,,,,,,,,,,,,,,,,,,,,,,,,,,,,,,,,,,,,,,,,,,,,,,,,,,,,,,,,,,,,,,,,,,,,,,,,,,,,,,,,,,,,,,,,,,,,,,,,,,,,,,,,,,,,,,,,,,,,,,,,,,,,,,,,,,,,,,,,,,,,,,,,,,,,,,,,,,,,,,,,,,,,,,,,,,,,,,,,,,,,,,,,,,,,,,,,,,,,,,,,,,,,,,,,,,,,,,,,,,,,,,,,,,,,,,,,,,,,,,,,,,,,,,,,,,,,,,,,,,,,,,,,,,,,,,,,,,,,,,,,,,,,,,,,,,,,,,,,,,,,,,,,,,,,,,,,,,,,,,,,,,,,,,,,,,,,,,,,,,,,,,,,,,,,,,,,,,,,,,,,,,,,,,,,,,,,,,,,,,,,,,,,,,,,,,,,,,,,,,,,,,,,,,,,,,,,,,,,,,,,,,,,,,,,,,,,,,,,,,,,,,,,,,,,,,,,,,,,,,,,,,,,,,,,,,,,,,,,,,,,,,,,,,,,,,,,,,,,,,,,,,,,,,,,,,,,,,,,,,,,,,,,,,,,,,
,,,,,,,,,,,,,,,,,,,,,,,,,,,,,,,,,,,,,,,,,,,,,,,,,,,,,,,,,,,,,,,,,,,,,,,,,,,,,,,,,,,,,,,,,,,,,,,,,,,,,,,,,,,,,,,,,,,,,,,,,,,,,,,,,,,,,,,,,,,,,,,,,,,,,,,,,,,,,,,,,,,,,,,,,,,,,,,,,,,,,,,,,,,,,,,,,,,,,,,,,,,,,,,,,,,,,,,,,,,,,,,,,,,,,,,,,,,,,,,,,,,,,,,,,,,,,,,,,,,,,,,,,,,,,,,,,,,,,,,,,,,,,,,,,,,,,,,,,,,,,,,,,,,,,,,,,,,,,,,,,,,,,,,,,,,,,,,,,,,,,,,,,,,,,,,,,,,,,,,,,,,,,,,,,,,,,,,,,,,,,,,,,,,,,,,,,,,,,,,,,,,,,,,,,,,,,,,,,,,,,,,,,,,,,,,,,,,,,,,,,,,,,,,,,,,,,,,,,,,,,,,,,,,,,,,,,,,,,,,,,,,,,,,,,,,,,,,,,,,,,,,,,,,,,,,,,,,,,,,,,,,,,,,,,,,,,,,,,,,,,,,,,,,,,,,,,,,,,,,,,,,,,,,,,,,,,,,,,,,,,,,,,,,,,,,,,,,,,,,,,,,,,,,,,,,,,,,,,,,,,,,,,,,,,,,,,,,,,,,,,,,,,,,,,,,,,,,,,,,,,,,,,,,,,,,,,,,,,,,,,,,,,,,,,,,,,,,,,,,,,,,,,,,,,,,,,,,,,,,,,,,,,,,,,,,,,,,,,,,,,,,,,,,,,,,,,,,,,,,,,,,,,,,,,,,,,,,,,,,,,,,,,,,,,,,,,,,,,,,,,,,,,,,,,,,,,,,,,,,,,,,,,,,,,,,,,,,,,,,
,,,,Leavers,,,,,,,,,,,,,,,,,,,,,,,,,,,,,,,,,,,,,,,,,,,,,,,,,,,,,,,,,,,,,,,,,,,,,,,,,,,,,,,,,,,,,,,,,,,,,,,,,,,,,,,,,,,,,,,,,,,,,,,,,,,,,,,,,,,,,,,,,,,,,,,,,,,,,,,,,,,,,,,,,,,,,,,,,,,,,,,,,,,,,,,,,,,,,,,,,,,,,,,,,,,,,,,,,,,,,,,,,,,,,,,,,,,,,,,,,,,,,,,,,,,,,,,,,,,,,,,,,,,,,,,,,,,,,,,,,,,,,,,,,,,,,,,,,,,,,,,,,,,,,,,,,,,,,,,,,,,,,,,,,,,,,,,,,,,,,,,,,,,,,,,,,,,,,,,,,,,,,,,,,,,,,,,,,,,,,,,,,,,,,,,,,,,,,,,,,,,,,,,,,,,,,,,,,,,,,,,,,,,,,,,,,,,,,,,,,,,,,,,,,,,,,,,,,,,,,,,,,,,,,,,,,,,,,,,,,,,,,,,,,,,,,,,,,,,,,,,,,,,,,,,,,,,,,,,,,,,,,,,,,,,,,,,,,,,,,,,,,,,,,,,,,,,,,,,,,,,,,,,,,,,,,,,,,,,,,,,,,,,,,,,,,,,,,,,,,,,,,,,,,,,,,,,,,,,,,,,,,,,,,,,,,,,,,,,,,,,,,,,,,,,,,,,,,,,,,,,,,,,,,,,,,,,,,,,,,,,,,,,,,,,,,,,,,,,,,,,,,,,,,,,,,,,,,,,,,,,,,,,,,,,,,,,,,,,,,,,,,,,,,,,,,,,,,,,,,,,,,,,,,,,,,,,,,,,,,,,,,,,,,,,,,,,,,,,,,,,,,,,,,,,,,,,,,,,,,,,,,,,,,,,,,,,,,,,,,,,
,,,,Phil Butcher,,,,,,,,,,,,,,,,,,,,,,,,,,,,,,,,,,,,,,,,,,,,,,,,,,,,,,,,,,,,,,,,,,,,,,,,,,,,,,,,,,,,,,,,,,,,,,,,,,,,,,,,,,,,,,,,,,,,,,,,,,,,,,,,,,,,,,,,,,,,,,,,,,,,,,,,,,,,,,,,,,,,,,,,,,,,,,,,,,,,,,,,,,,,,,,,,,,,,,,,,,,,,,,,,,,,,,,,,,,,,,,,,,,,,,,,,,,,,,,,,,,,,,,,,,,,,,,,,,,,,,,,,,,,,,,,,,,,,,,,,,,,,,,,,,,,,,,,,,,,,,,,,,,,,,,,,,,,,,,,,,,,,,,,,,,,,,,,,,,,,,,,,,,,,,,,,,,,,,,,,,,,,,,,,,,,,,,,,,,,,,,,,,,,,,,,,,,,,,,,,,,,,,,,,,,,,,,,,,,,,,,,,,,,,,,,,,,,,,,,,,,,,,,,,,,,,,,,,,,,,,,,,,,,,,,,,,,,,,,,,,,,,,,,,,,,,,,,,,,,,,,,,,,,,,,,,,,,,,,,,,,,,,,,,,,,,,,,,,,,,,,,,,,,,,,,,,,,,,,,,,,,,,,,,,,,,,,,,,,,,,,,,,,,,,,,,,,,,,,,,,,,,,,,,,,,,,,,,,,,,,,,,,,,,,,,,,,,,,,,,,,,,,,,,,,,,,,,,,,,,,,,,,,,,,,,,,,,,,,,,,,,,,,,,,,,,,,,,,,,,,,,,,,,,,,,,,,,,,,,,,,,,,,,,,,,,,,,,,,,,,,,,,,,,,,,,,,,,,,,,,,,,,,,,,,,,,,,,,,,,,,,,,,,,,,,,,,,,,,,,,,,,,,,,,,,,,,,,,,,,,,,,,,,,,,,,,,
,,,,Robin Knox,,,,,,,,,,,,,,,,,,,,,,,,,,,,,,,,,,,,,,,,,,,,,,,,,,,,,,,,,,,,,,,,,,,,,,,,,,,,,,,,,,,,,,,,,,,,,,,,,,,,,,,,,,,,,,,,,,,,,,,,,,,,,,,,,,,,,,,,,,,,,,,,,,,,,,,,,,,,,,,,,,,,,,,,,,,,,,,,,,,,,,,,,,,,,,,,,,,,,,,,,,,,,,,,,,,,,,,,,,,,,,,,,,,,,,,,,,,,,,,,,,,,,,,,,,,,,,,,,,,,,,,,,,,,,,,,,,,,,,,,,,,,,,,,,,,,,,,,,,,,,,,,,,,,,,,,,,,,,,,,,,,,,,,,,,,,,,,,,,,,,,,,,,,,,,,,,,,,,,,,,,,,,,,,,,,,,,,,,,,,,,,,,,,,,,,,,,,,,,,,,,,,,,,,,,,,,,,,,,,,,,,,,,,,,,,,,,,,,,,,,,,,,,,,,,,,,,,,,,,,,,,,,,,,,,,,,,,,,,,,,,,,,,,,,,,,,,,,,,,,,,,,,,,,,,,,,,,,,,,,,,,,,,,,,,,,,,,,,,,,,,,,,,,,,,,,,,,,,,,,,,,,,,,,,,,,,,,,,,,,,,,,,,,,,,,,,,,,,,,,,,,,,,,,,,,,,,,,,,,,,,,,,,,,,,,,,,,,,,,,,,,,,,,,,,,,,,,,,,,,,,,,,,,,,,,,,,,,,,,,,,,,,,,,,,,,,,,,,,,,,,,,,,,,,,,,,,,,,,,,,,,,,,,,,,,,,,,,,,,,,,,,,,,,,,,,,,,,,,,,,,,,,,,,,,,,,,,,,,,,,,,,,,,,,,,,,,,,,,,,,,,,,,,,,,,,,,,,,,,,,,,,,,,,,,,,,,,
,,,,Jonanthan McClure,,,,,,,,,,,,,,,,,,,,,,,,,,,,,,,,,,,,,,,,,,,,,,,,,,,,,,,,,,,,,,,,,,,,,,,,,,,,,,,,,,,,,,,,,,,,,,,,,,,,,,,,,,,,,,,,,,,,,,,,,,,,,,,,,,,,,,,,,,,,,,,,,,,,,,,,,,,,,,,,,,,,,,,,,,,,,,,,,,,,,,,,,,,,,,,,,,,,,,,,,,,,,,,,,,,,,,,,,,,,,,,,,,,,,,,,,,,,,,,,,,,,,,,,,,,,,,,,,,,,,,,,,,,,,,,,,,,,,,,,,,,,,,,,,,,,,,,,,,,,,,,,,,,,,,,,,,,,,,,,,,,,,,,,,,,,,,,,,,,,,,,,,,,,,,,,,,,,,,,,,,,,,,,,,,,,,,,,,,,,,,,,,,,,,,,,,,,,,,,,,,,,,,,,,,,,,,,,,,,,,,,,,,,,,,,,,,,,,,,,,,,,,,,,,,,,,,,,,,,,,,,,,,,,,,,,,,,,,,,,,,,,,,,,,,,,,,,,,,,,,,,,,,,,,,,,,,,,,,,,,,,,,,,,,,,,,,,,,,,,,,,,,,,,,,,,,,,,,,,,,,,,,,,,,,,,,,,,,,,,,,,,,,,,,,,,,,,,,,,,,,,,,,,,,,,,,,,,,,,,,,,,,,,,,,,,,,,,,,,,,,,,,,,,,,,,,,,,,,,,,,,,,,,,,,,,,,,,,,,,,,,,,,,,,,,,,,,,,,,,,,,,,,,,,,,,,,,,,,,,,,,,,,,,,,,,,,,,,,,,,,,,,,,,,,,,,,,,,,,,,,,,,,,,,,,,,,,,,,,,,,,,,,,,,,,,,,,,,,,,,,,,,,,,,,,,,,,,,,,,,,,,,,,,,,,,,,,
,,,,Nicholas Cuff,,,,,,,,,,,,,,,,,,,,,,,,,,,,,,,,,,,,,,,,,,,,,,,,,,,,,,,,,,,,,,,,,,,,,,,,,,,,,,,,,,,,,,,,,,,,,,,,,,,,,,,,,,,,,,,,,,,,,,,,,,,,,,,,,,,,,,,,,,,,,,,,,,,,,,,,,,,,,,,,,,,,,,,,,,,,,,,,,,,,,,,,,,,,,,,,,,,,,,,,,,,,,,,,,,,,,,,,,,,,,,,,,,,,,,,,,,,,,,,,,,,,,,,,,,,,,,,,,,,,,,,,,,,,,,,,,,,,,,,,,,,,,,,,,,,,,,,,,,,,,,,,,,,,,,,,,,,,,,,,,,,,,,,,,,,,,,,,,,,,,,,,,,,,,,,,,,,,,,,,,,,,,,,,,,,,,,,,,,,,,,,,,,,,,,,,,,,,,,,,,,,,,,,,,,,,,,,,,,,,,,,,,,,,,,,,,,,,,,,,,,,,,,,,,,,,,,,,,,,,,,,,,,,,,,,,,,,,,,,,,,,,,,,,,,,,,,,,,,,,,,,,,,,,,,,,,,,,,,,,,,,,,,,,,,,,,,,,,,,,,,,,,,,,,,,,,,,,,,,,,,,,,,,,,,,,,,,,,,,,,,,,,,,,,,,,,,,,,,,,,,,,,,,,,,,,,,,,,,,,,,,,,,,,,,,,,,,,,,,,,,,,,,,,,,,,,,,,,,,,,,,,,,,,,,,,,,,,,,,,,,,,,,,,,,,,,,,,,,,,,,,,,,,,,,,,,,,,,,,,,,,,,,,,,,,,,,,,,,,,,,,,,,,,,,,,,,,,,,,,,,,,,,,,,,,,,,,,,,,,,,,,,,,,,,,,,,,,,,,,,,,,,,,,,,,,,,,,,,,,,,,,,,,,,,,,,,,
,,,,Scott Sweeney,,,,,,,,,,,,,,,,,,,,,,,,,,,,,,,,,,,,,,,,,,,,,,,,,,,,,,,,,,,,,,,,,,,,,,,,,,,,,,,,,,,,,,,,,,,,,,,,,,,,,,,,,,,,,,,,,,,,,,,,,,,,,,,,,,,,,,,,,,,,,,,,,,,,,,,,,,,,,,,,,,,,,,,,,,,,,,,,,,,,,,,,,,,,,,,,,,,,,,,,,,,,,,,,,,,,,,,,,,,,,,,,,,,,,,,,,,,,,,,,,,,,,,,,,,,,,,,,,,,,,,,,,,,,,,,,,,,,,,,,,,,,,,,,,,,,,,,,,,,,,,,,,,,,,,,,,,,,,,,,,,,,,,,,,,,,,,,,,,,,,,,,,,,,,,,,,,,,,,,,,,,,,,,,,,,,,,,,,,,,,,,,,,,,,,,,,,,,,,,,,,,,,,,,,,,,,,,,,,,,,,,,,,,,,,,,,,,,,,,,,,,,,,,,,,,,,,,,,,,,,,,,,,,,,,,,,,,,,,,,,,,,,,,,,,,,,,,,,,,,,,,,,,,,,,,,,,,,,,,,,,,,,,,,,,,,,,,,,,,,,,,,,,,,,,,,,,,,,,,,,,,,,,,,,,,,,,,,,,,,,,,,,,,,,,,,,,,,,,,,,,,,,,,,,,,,,,,,,,,,,,,,,,,,,,,,,,,,,,,,,,,,,,,,,,,,,,,,,,,,,,,,,,,,,,,,,,,,,,,,,,,,,,,,,,,,,,,,,,,,,,,,,,,,,,,,,,,,,,,,,,,,,,,,,,,,,,,,,,,,,,,,,,,,,,,,,,,,,,,,,,,,,,,,,,,,,,,,,,,,,,,,,,,,,,,,,,,,,,,,,,,,,,,,,,,,,,,,,,,,,,,,,,,,,,,,,,,
,,,,Iain Coleman,,,,,,,,,,,,,,,,,,,,,,,,,,,,,,,,,,,,,,,,,,,,,,,,,,,,,,,,,,,,,,,,,,,,,,,,,,,,,,,,,,,,,,,,,,,,,,,,,,,,,,,,,,,,,,,,,,,,,,,,,,,,,,,,,,,,,,,,,,,,,,,,,,,,,,,,,,,,,,,,,,,,,,,,,,,,,,,,,,,,,,,,,,,,,,,,,,,,,,,,,,,,,,,,,,,,,,,,,,,,,,,,,,,,,,,,,,,,,,,,,,,,,,,,,,,,,,,,,,,,,,,,,,,,,,,,,,,,,,,,,,,,,,,,,,,,,,,,,,,,,,,,,,,,,,,,,,,,,,,,,,,,,,,,,,,,,,,,,,,,,,,,,,,,,,,,,,,,,,,,,,,,,,,,,,,,,,,,,,,,,,,,,,,,,,,,,,,,,,,,,,,,,,,,,,,,,,,,,,,,,,,,,,,,,,,,,,,,,,,,,,,,,,,,,,,,,,,,,,,,,,,,,,,,,,,,,,,,,,,,,,,,,,,,,,,,,,,,,,,,,,,,,,,,,,,,,,,,,,,,,,,,,,,,,,,,,,,,,,,,,,,,,,,,,,,,,,,,,,,,,,,,,,,,,,,,,,,,,,,,,,,,,,,,,,,,,,,,,,,,,,,,,,,,,,,,,,,,,,,,,,,,,,,,,,,,,,,,,,,,,,,,,,,,,,,,,,,,,,,,,,,,,,,,,,,,,,,,,,,,,,,,,,,,,,,,,,,,,,,,,,,,,,,,,,,,,,,,,,,,,,,,,,,,,,,,,,,,,,,,,,,,,,,,,,,,,,,,,,,,,,,,,,,,,,,,,,,,,,,,,,,,,,,,,,,,,,,,,,,,,,,,,,,,,,,,,,,,,,,,,,,,,,,,,,,,,,,
,,,,Anthony Steele,,,,,,,,,,,,,,,,,,,,,,,,,,,,,,,,,,,,,,,,,,,,,,,,,,,,,,,,,,,,,,,,,,,,,,,,,,,,,,,,,,,,,,,,,,,,,,,,,,,,,,,,,,,,,,,,,,,,,,,,,,,,,,,,,,,,,,,,,,,,,,,,,,,,,,,,,,,,,,,,,,,,,,,,,,,,,,,,,,,,,,,,,,,,,,,,,,,,,,,,,,,,,,,,,,,,,,,,,,,,,,,,,,,,,,,,,,,,,,,,,,,,,,,,,,,,,,,,,,,,,,,,,,,,,,,,,,,,,,,,,,,,,,,,,,,,,,,,,,,,,,,,,,,,,,,,,,,,,,,,,,,,,,,,,,,,,,,,,,,,,,,,,,,,,,,,,,,,,,,,,,,,,,,,,,,,,,,,,,,,,,,,,,,,,,,,,,,,,,,,,,,,,,,,,,,,,,,,,,,,,,,,,,,,,,,,,,,,,,,,,,,,,,,,,,,,,,,,,,,,,,,,,,,,,,,,,,,,,,,,,,,,,,,,,,,,,,,,,,,,,,,,,,,,,,,,,,,,,,,,,,,,,,,,,,,,,,,,,,,,,,,,,,,,,,,,,,,,,,,,,,,,,,,,,,,,,,,,,,,,,,,,,,,,,,,,,,,,,,,,,,,,,,,,,,,,,,,,,,,,,,,,,,,,,,,,,,,,,,,,,,,,,,,,,,,,,,,,,,,,,,,,,,,,,,,,,,,,,,,,,,,,,,,,,,,,,,,,,,,,,,,,,,,,,,,,,,,,,,,,,,,,,,,,,,,,,,,,,,,,,,,,,,,,,,,,,,,,,,,,,,,,,,,,,,,,,,,,,,,,,,,,,,,,,,,,,,,,,,,,,,,,,,,,,,,,,,,,,,,,,,,,,,,,,,,,,,,
,,,,Jim Howie,,,,,,,,,,,,,,,,,,,,,,,,,,,,,,,,,,,,,,,,,,,,,,,,,,,,,,,,,,,,,,,,,,,,,,,,,,,,,,,,,,,,,,,,,,,,,,,,,,,,,,,,,,,,,,,,,,,,,,,,,,,,,,,,,,,,,,,,,,,,,,,,,,,,,,,,,,,,,,,,,,,,,,,,,,,,,,,,,,,,,,,,,,,,,,,,,,,,,,,,,,,,,,,,,,,,,,,,,,,,,,,,,,,,,,,,,,,,,,,,,,,,,,,,,,,,,,,,,,,,,,,,,,,,,,,,,,,,,,,,,,,,,,,,,,,,,,,,,,,,,,,,,,,,,,,,,,,,,,,,,,,,,,,,,,,,,,,,,,,,,,,,,,,,,,,,,,,,,,,,,,,,,,,,,,,,,,,,,,,,,,,,,,,,,,,,,,,,,,,,,,,,,,,,,,,,,,,,,,,,,,,,,,,,,,,,,,,,,,,,,,,,,,,,,,,,,,,,,,,,,,,,,,,,,,,,,,,,,,,,,,,,,,,,,,,,,,,,,,,,,,,,,,,,,,,,,,,,,,,,,,,,,,,,,,,,,,,,,,,,,,,,,,,,,,,,,,,,,,,,,,,,,,,,,,,,,,,,,,,,,,,,,,,,,,,,,,,,,,,,,,,,,,,,,,,,,,,,,,,,,,,,,,,,,,,,,,,,,,,,,,,,,,,,,,,,,,,,,,,,,,,,,,,,,,,,,,,,,,,,,,,,,,,,,,,,,,,,,,,,,,,,,,,,,,,,,,,,,,,,,,,,,,,,,,,,,,,,,,,,,,,,,,,,,,,,,,,,,,,,,,,,,,,,,,,,,,,,,,,,,,,,,,,,,,,,,,,,,,,,,,,,,,,,,,,,,,,,,,,,,,,,,,,,,,,,,,,
,,,,Scott Bryden,,,,,,,,,,,,,,,,,,,,,,,,,,,,,,,,,,,,,,,,,,,,,,,,,,,,,,,,,,,,,,,,,,,,,,,,,,,,,,,,,,,,,,,,,,,,,,,,,,,,,,,,,,,,,,,,,,,,,,,,,,,,,,,,,,,,,,,,,,,,,,,,,,,,,,,,,,,,,,,,,,,,,,,,,,,,,,,,,,,,,,,,,,,,,,,,,,,,,,,,,,,,,,,,,,,,,,,,,,,,,,,,,,,,,,,,,,,,,,,,,,,,,,,,,,,,,,,,,,,,,,,,,,,,,,,,,,,,,,,,,,,,,,,,,,,,,,,,,,,,,,,,,,,,,,,,,,,,,,,,,,,,,,,,,,,,,,,,,,,,,,,,,,,,,,,,,,,,,,,,,,,,,,,,,,,,,,,,,,,,,,,,,,,,,,,,,,,,,,,,,,,,,,,,,,,,,,,,,,,,,,,,,,,,,,,,,,,,,,,,,,,,,,,,,,,,,,,,,,,,,,,,,,,,,,,,,,,,,,,,,,,,,,,,,,,,,,,,,,,,,,,,,,,,,,,,,,,,,,,,,,,,,,,,,,,,,,,,,,,,,,,,,,,,,,,,,,,,,,,,,,,,,,,,,,,,,,,,,,,,,,,,,,,,,,,,,,,,,,,,,,,,,,,,,,,,,,,,,,,,,,,,,,,,,,,,,,,,,,,,,,,,,,,,,,,,,,,,,,,,,,,,,,,,,,,,,,,,,,,,,,,,,,,,,,,,,,,,,,,,,,,,,,,,,,,,,,,,,,,,,,,,,,,,,,,,,,,,,,,,,,,,,,,,,,,,,,,,,,,,,,,,,,,,,,,,,,,,,,,,,,,,,,,,,,,,,,,,,,,,,,,,,,,,,,,,,,,,,,,,,,,,,,,,,,,,,,,
,,,,Scott Shimmons,,,,,,,,,,,,,,,,,,,,,,,,,,,,,,,,,,,,,,,,,,,,,,,,,,,,,,,,,,,,,,,,,,,,,,,,,,,,,,,,,,,,,,,,,,,,,,,,,,,,,,,,,,,,,,,,,,,,,,,,,,,,,,,,,,,,,,,,,,,,,,,,,,,,,,,,,,,,,,,,,,,,,,,,,,,,,,,,,,,,,,,,,,,,,,,,,,,,,,,,,,,,,,,,,,,,,,,,,,,,,,,,,,,,,,,,,,,,,,,,,,,,,,,,,,,,,,,,,,,,,,,,,,,,,,,,,,,,,,,,,,,,,,,,,,,,,,,,,,,,,,,,,,,,,,,,,,,,,,,,,,,,,,,,,,,,,,,,,,,,,,,,,,,,,,,,,,,,,,,,,,,,,,,,,,,,,,,,,,,,,,,,,,,,,,,,,,,,,,,,,,,,,,,,,,,,,,,,,,,,,,,,,,,,,,,,,,,,,,,,,,,,,,,,,,,,,,,,,,,,,,,,,,,,,,,,,,,,,,,,,,,,,,,,,,,,,,,,,,,,,,,,,,,,,,,,,,,,,,,,,,,,,,,,,,,,,,,,,,,,,,,,,,,,,,,,,,,,,,,,,,,,,,,,,,,,,,,,,,,,,,,,,,,,,,,,,,,,,,,,,,,,,,,,,,,,,,,,,,,,,,,,,,,,,,,,,,,,,,,,,,,,,,,,,,,,,,,,,,,,,,,,,,,,,,,,,,,,,,,,,,,,,,,,,,,,,,,,,,,,,,,,,,,,,,,,,,,,,,,,,,,,,,,,,,,,,,,,,,,,,,,,,,,,,,,,,,,,,,,,,,,,,,,,,,,,,,,,,,,,,,,,,,,,,,,,,,,,,,,,,,,,,,,,,,,,,,,,,,,,,,,,,,,,,,,,,,,
,,,,,,,,,,,,,,,,,,,,,,,,,,,,,,,,,,,,,,,,,,,,,,,,,,,,,,,,,,,,,,,,,,,,,,,,,,,,,,,,,,,,,,,,,,,,,,,,,,,,,,,,,,,,,,,,,,,,,,,,,,,,,,,,,,,,,,,,,,,,,,,,,,,,,,,,,,,,,,,,,,,,,,,,,,,,,,,,,,,,,,,,,,,,,,,,,,,,,,,,,,,,,,,,,,,,,,,,,,,,,,,,,,,,,,,,,,,,,,,,,,,,,,,,,,,,,,,,,,,,,,,,,,,,,,,,,,,,,,,,,,,,,,,,,,,,,,,,,,,,,,,,,,,,,,,,,,,,,,,,,,,,,,,,,,,,,,,,,,,,,,,,,,,,,,,,,,,,,,,,,,,,,,,,,,,,,,,,,,,,,,,,,,,,,,,,,,,,,,,,,,,,,,,,,,,,,,,,,,,,,,,,,,,,,,,,,,,,,,,,,,,,,,,,,,,,,,,,,,,,,,,,,,,,,,,,,,,,,,,,,,,,,,,,,,,,,,,,,,,,,,,,,,,,,,,,,,,,,,,,,,,,,,,,,,,,,,,,,,,,,,,,,,,,,,,,,,,,,,,,,,,,,,,,,,,,,,,,,,,,,,,,,,,,,,,,,,,,,,,,,,,,,,,,,,,,,,,,,,,,,,,,,,,,,,,,,,,,,,,,,,,,,,,,,,,,,,,,,,,,,,,,,,,,,,,,,,,,,,,,,,,,,,,,,,,,,,,,,,,,,,,,,,,,,,,,,,,,,,,,,,,,,,,,,,,,,,,,,,,,,,,,,,,,,,,,,,,,,,,,,,,,,,,,,,,,,,,,,,,,,,,,,,,,,,,,,,,,,,,,,,,,,,,,,,,,,,,,,,,,,,,,,,,,,,,,,,,,,,,
,,,,,,,,,,,,,,,,,,,,,,,,,,,,,,,,,,,,,,,,,,,,,,,,,,,,,,,,,,,,,,,,,,,,,,,,,,,,,,,,,,,,,,,,,,,,,,,,,,,,,,,,,,,,,,,,,,,,,,,,,,,,,,,,,,,,,,,,,,,,,,,,,,,,,,,,,,,,,,,,,,,,,,,,,,,,,,,,,,,,,,,,,,,,,,,,,,,,,,,,,,,,,,,,,,,,,,,,,,,,,,,,,,,,,,,,,,,,,,,,,,,,,,,,,,,,,,,,,,,,,,,,,,,,,,,,,,,,,,,,,,,,,,,,,,,,,,,,,,,,,,,,,,,,,,,,,,,,,,,,,,,,,,,,,,,,,,,,,,,,,,,,,,,,,,,,,,,,,,,,,,,,,,,,,,,,,,,,,,,,,,,,,,,,,,,,,,,,,,,,,,,,,,,,,,,,,,,,,,,,,,,,,,,,,,,,,,,,,,,,,,,,,,,,,,,,,,,,,,,,,,,,,,,,,,,,,,,,,,,,,,,,,,,,,,,,,,,,,,,,,,,,,,,,,,,,,,,,,,,,,,,,,,,,,,,,,,,,,,,,,,,,,,,,,,,,,,,,,,,,,,,,,,,,,,,,,,,,,,,,,,,,,,,,,,,,,,,,,,,,,,,,,,,,,,,,,,,,,,,,,,,,,,,,,,,,,,,,,,,,,,,,,,,,,,,,,,,,,,,,,,,,,,,,,,,,,,,,,,,,,,,,,,,,,,,,,,,,,,,,,,,,,,,,,,,,,,,,,,,,,,,,,,,,,,,,,,,,,,,,,,,,,,,,,,,,,,,,,,,,,,,,,,,,,,,,,,,,,,,,,,,,,,,,,,,,,,,,,,,,,,,,,,,,,,,,,,,,,,,,,,,,,,,,,,,,,,,,,,,
,,,,,,,,,,,,,,,,,,,,,,,,,,,,,,,,,,,,,,,,,,,,,,,,,,,,,,,,,,,,,,,,,,,,,,,,,,,,,,,,,,,,,,,,,,,,,,,,,,,,,,,,,,,,,,,,,,,,,,,,,,,,,,,,,,,,,,,,,,,,,,,,,,,,,,,,,,,,,,,,,,,,,,,,,,,,,,,,,,,,,,,,,,,,,,,,,,,,,,,,,,,,,,,,,,,,,,,,,,,,,,,,,,,,,,,,,,,,,,,,,,,,,,,,,,,,,,,,,,,,,,,,,,,,,,,,,,,,,,,,,,,,,,,,,,,,,,,,,,,,,,,,,,,,,,,,,,,,,,,,,,,,,,,,,,,,,,,,,,,,,,,,,,,,,,,,,,,,,,,,,,,,,,,,,,,,,,,,,,,,,,,,,,,,,,,,,,,,,,,,,,,,,,,,,,,,,,,,,,,,,,,,,,,,,,,,,,,,,,,,,,,,,,,,,,,,,,,,,,,,,,,,,,,,,,,,,,,,,,,,,,,,,,,,,,,,,,,,,,,,,,,,,,,,,,,,,,,,,,,,,,,,,,,,,,,,,,,,,,,,,,,,,,,,,,,,,,,,,,,,,,,,,,,,,,,,,,,,,,,,,,,,,,,,,,,,,,,,,,,,,,,,,,,,,,,,,,,,,,,,,,,,,,,,,,,,,,,,,,,,,,,,,,,,,,,,,,,,,,,,,,,,,,,,,,,,,,,,,,,,,,,,,,,,,,,,,,,,,,,,,,,,,,,,,,,,,,,,,,,,,,,,,,,,,,,,,,,,,,,,,,,,,,,,,,,,,,,,,,,,,,,,,,,,,,,,,,,,,,,,,,,,,,,,,,,,,,,,,,,,,,,,,,,,,,,,,,,,,,,,,,,,,,,,,,,,,,,,,,,
,,,,,,,,,,,,,,,,,,,,,,,,,,,,,,,,,,,,,,,,,,,,,,,,,,,,,,,,,,,,,,,,,,,,,,,,,,,,,,,,,,,,,,,,,,,,,,,,,,,,,,,,,,,,,,,,,,,,,,,,,,,,,,,,,,,,,,,,,,,,,,,,,,,,,,,,,,,,,,,,,,,,,,,,,,,,,,,,,,,,,,,,,,,,,,,,,,,,,,,,,,,,,,,,,,,,,,,,,,,,,,,,,,,,,,,,,,,,,,,,,,,,,,,,,,,,,,,,,,,,,,,,,,,,,,,,,,,,,,,,,,,,,,,,,,,,,,,,,,,,,,,,,,,,,,,,,,,,,,,,,,,,,,,,,,,,,,,,,,,,,,,,,,,,,,,,,,,,,,,,,,,,,,,,,,,,,,,,,,,,,,,,,,,,,,,,,,,,,,,,,,,,,,,,,,,,,,,,,,,,,,,,,,,,,,,,,,,,,,,,,,,,,,,,,,,,,,,,,,,,,,,,,,,,,,,,,,,,,,,,,,,,,,,,,,,,,,,,,,,,,,,,,,,,,,,,,,,,,,,,,,,,,,,,,,,,,,,,,,,,,,,,,,,,,,,,,,,,,,,,,,,,,,,,,,,,,,,,,,,,,,,,,,,,,,,,,,,,,,,,,,,,,,,,,,,,,,,,,,,,,,,,,,,,,,,,,,,,,,,,,,,,,,,,,,,,,,,,,,,,,,,,,,,,,,,,,,,,,,,,,,,,,,,,,,,,,,,,,,,,,,,,,,,,,,,,,,,,,,,,,,,,,,,,,,,,,,,,,,,,,,,,,,,,,,,,,,,,,,,,,,,,,,,,,,,,,,,,,,,,,,,,,,,,,,,,,,,,,,,,,,,,,,,,,,,,,,,,,,,,,,,,,,,,,,,,,,,,,,,
,,,,,,,,,,,,,,,,,,,,,,,,,,,,,,,,,,,,,,,,,,,,,,,,,,,,,,,,,,,,,,,,,,,,,,,,,,,,,,,,,,,,,,,,,,,,,,,,,,,,,,,,,,,,,,,,,,,,,,,,,,,,,,,,,,,,,,,,,,,,,,,,,,,,,,,,,,,,,,,,,,,,,,,,,,,,,,,,,,,,,,,,,,,,,,,,,,,,,,,,,,,,,,,,,,,,,,,,,,,,,,,,,,,,,,,,,,,,,,,,,,,,,,,,,,,,,,,,,,,,,,,,,,,,,,,,,,,,,,,,,,,,,,,,,,,,,,,,,,,,,,,,,,,,,,,,,,,,,,,,,,,,,,,,,,,,,,,,,,,,,,,,,,,,,,,,,,,,,,,,,,,,,,,,,,,,,,,,,,,,,,,,,,,,,,,,,,,,,,,,,,,,,,,,,,,,,,,,,,,,,,,,,,,,,,,,,,,,,,,,,,,,,,,,,,,,,,,,,,,,,,,,,,,,,,,,,,,,,,,,,,,,,,,,,,,,,,,,,,,,,,,,,,,,,,,,,,,,,,,,,,,,,,,,,,,,,,,,,,,,,,,,,,,,,,,,,,,,,,,,,,,,,,,,,,,,,,,,,,,,,,,,,,,,,,,,,,,,,,,,,,,,,,,,,,,,,,,,,,,,,,,,,,,,,,,,,,,,,,,,,,,,,,,,,,,,,,,,,,,,,,,,,,,,,,,,,,,,,,,,,,,,,,,,,,,,,,,,,,,,,,,,,,,,,,,,,,,,,,,,,,,,,,,,,,,,,,,,,,,,,,,,,,,,,,,,,,,,,,,,,,,,,,,,,,,,,,,,,,,,,,,,,,,,,,,,,,,,,,,,,,,,,,,,,,,,,,,,,,,,,,,,,,,,,,,,,,,,,,,
,,,,,,,,,,,,,,,,,,,,,,,,,,,,,,,,,,,,,,,,,,,,,,,,,,,,,,,,,,,,,,,,,,,,,,,,,,,,,,,,,,,,,,,,,,,,,,,,,,,,,,,,,,,,,,,,,,,,,,,,,,,,,,,,,,,,,,,,,,,,,,,,,,,,,,,,,,,,,,,,,,,,,,,,,,,,,,,,,,,,,,,,,,,,,,,,,,,,,,,,,,,,,,,,,,,,,,,,,,,,,,,,,,,,,,,,,,,,,,,,,,,,,,,,,,,,,,,,,,,,,,,,,,,,,,,,,,,,,,,,,,,,,,,,,,,,,,,,,,,,,,,,,,,,,,,,,,,,,,,,,,,,,,,,,,,,,,,,,,,,,,,,,,,,,,,,,,,,,,,,,,,,,,,,,,,,,,,,,,,,,,,,,,,,,,,,,,,,,,,,,,,,,,,,,,,,,,,,,,,,,,,,,,,,,,,,,,,,,,,,,,,,,,,,,,,,,,,,,,,,,,,,,,,,,,,,,,,,,,,,,,,,,,,,,,,,,,,,,,,,,,,,,,,,,,,,,,,,,,,,,,,,,,,,,,,,,,,,,,,,,,,,,,,,,,,,,,,,,,,,,,,,,,,,,,,,,,,,,,,,,,,,,,,,,,,,,,,,,,,,,,,,,,,,,,,,,,,,,,,,,,,,,,,,,,,,,,,,,,,,,,,,,,,,,,,,,,,,,,,,,,,,,,,,,,,,,,,,,,,,,,,,,,,,,,,,,,,,,,,,,,,,,,,,,,,,,,,,,,,,,,,,,,,,,,,,,,,,,,,,,,,,,,,,,,,,,,,,,,,,,,,,,,,,,,,,,,,,,,,,,,,,,,,,,,,,,,,,,,,,,,,,,,,,,,,,,,,,,,,,,,,,,,,,,,,,,,,,,,,
,,,,Scott Shimmons,,,,,,,,,,,,,,,,,,,,,,,,,,,,,,,,,,,,,,,,,,,,,,,,,,,,,,,,,,,,,,,,,,,,,,,,,,,,,,,,,,,,,,,,,,,,,,,,,,,,,,,,,,,,,,,,,,,,,,,,,,,,,,,,,,,,,,,,,,,,,,,,,,,,,,,,,,,,,,,,,,,,,,,,,,,,,,,,,,,,,,,,,,,,,,,,,,,,,,,,,,,,,,,,,,,,,,,,,,,,,,,,,,,,,,,,,,,,,,,,,,,,,,,,,,,,,,,,,,,,,,,,,,,,,,,,,,,,,,,,,,,,,,,,,,,,,,,,,,,,,,,,,,,,,,,,,,,,,,,,,,,,,,,,,,,,,,,,,,,,,,,,,,,,,,,,,,,,,,,,,,,,,,,,,,,,,,,,,,,,,,,,,,,,,,,,,,,,,,,,,,,,,,,,,,,,,,,,,,,,,,,,,,,,,,,,,,,,,,,,,,,,,,,,,,,,,,,,,,,,,,,,,,,,,,,,,,,,,,,,,,,,,,,,,,,,,,,,,,,,,,,,,,,,,,,,,,,,,,,,,,,,,,,,,,,,,,,,,,,,,,,,,,,,,,,,,,,,,,,,,,,,,,,,,,,,,,,,,,,,,,,,,,,,,,,,,,,,,,,,,,,,,,,,,,,,,,,,,,,,,,,,,,,,,,,,,,,,,,,,,,,,,,,,,,,,,,,,,,,,,,,,,,,,,,,,,,,,,,,,,,,,,,,,,,,,,,,,,,,,,,,,,,,,,,,,,,,,,,,,,,,,,,,,,,,,,,,,,,,,,,,,,,,,,,,,,,,,,,,,,,,,,,,,,,,,,,,,,,,,,,,,,,,,,,,,,,,,,,,,,,,,,,,,,,,,,,,,,,,,,,,,,,,,,,,,,,,
,#REF!,#REF!,,James Howie,,,,,,,,,,,,,,,,,,,,,,,,,,,,,,,,,,,,,,,,,,,,,,,,,,,,,,,,,,,,,,,,,,,,,,,,,,,,,,,,,,,,,,,,,,,,,,,,,,,,,,,,,,,,,,,,,,,,,,,,,,,,,,,,,,,,,,,,,,,,,,,,,,,,,,,,,,,,,,,,,,,,,,,,,,,,,,,,,,,,,,,,,,,,,,,,,,,,,,,,,,,,,,,,,,,,,,,,,,,,,,,,,,,,,,,,,,,,,,,,,,,,,,,,,,,,,,,,,,,,,,,,,,,,,,,,,,,,,,,,,,,,,,,,,,,,,,,,,,,,,,,,,,,,,,,,,,,,,,,,,,,,,,,,,,,,,,,,,,,,,,,,,,,,,,,,,,,,,,,,,,,,,,,,,,,,,,,,,,,,,,,,,,,,,,,,,,,,,,,,,,,,,,,,,,,,,,,,,,,,,,,,,,,,,,,,,,,,,,,,,,,,,,,,,,,,,,,,,,,,,,,,,,,,,,,,,,,,,,,,,,,,,,,,,,,,,,,,,,,,,,,,,,,,,,,,,,,,,,,,,,,,,,,,,,,,,,,,,,,,,,,,,,,,,,,,,,,,,,,,,,,,,,,,,,,,,,,,,,,,,,,,,,,,,,,,,,,,,,,,,,,,,,,,,,,,,,,,,,,,,,,,,,,,,,,,,,,,,,,,,,,,,,,,,,,,,,,,,,,,,,,,,,,,,,,,,,,,,,,,,,,,,,,,,,,,,,,,,,,,,,,,,,,,,,,,,,,,,,,,,,,,,,,,,,,,,,,,,,,,,,,,,,,,,,,,,,,,,,,,,,,,,,,,,,,,,,,,,,,,,,,,,,,,,,,,,,,,,,,,,,,,,,,,,,,,,,,,,,,,,,,,,,,,,,,,,,,
,#REF!,#REF!,,Scott Bryden,,,,,,,,,,,,,,,,,,,,,,,,,,,,,,,,,,,,,,,,,,,,,,,,,,,,,,,,,,,,,,,,,,,,,,,,,,,,,,,,,,,,,,,,,,,,,,,,,,,,,,,,,,,,,,,,,,,,,,,,,,,,,,,,,,,,,,,,,,,,,,,,,,,,,,,,,,,,,,,,,,,,,,,,,,,,,,,,,,,,,,,,,,,,,,,,,,,,,,,,,,,,,,,,,,,,,,,,,,,,,,,,,,,,,,,,,,,,,,,,,,,,,,,,,,,,,,,,,,,,,,,,,,,,,,,,,,,,,,,,,,,,,,,,,,,,,,,,,,,,,,,,,,,,,,,,,,,,,,,,,,,,,,,,,,,,,,,,,,,,,,,,,,,,,,,,,,,,,,,,,,,,,,,,,,,,,,,,,,,,,,,,,,,,,,,,,,,,,,,,,,,,,,,,,,,,,,,,,,,,,,,,,,,,,,,,,,,,,,,,,,,,,,,,,,,,,,,,,,,,,,,,,,,,,,,,,,,,,,,,,,,,,,,,,,,,,,,,,,,,,,,,,,,,,,,,,,,,,,,,,,,,,,,,,,,,,,,,,,,,,,,,,,,,,,,,,,,,,,,,,,,,,,,,,,,,,,,,,,,,,,,,,,,,,,,,,,,,,,,,,,,,,,,,,,,,,,,,,,,,,,,,,,,,,,,,,,,,,,,,,,,,,,,,,,,,,,,,,,,,,,,,,,,,,,,,,,,,,,,,,,,,,,,,,,,,,,,,,,,,,,,,,,,,,,,,,,,,,,,,,,,,,,,,,,,,,,,,,,,,,,,,,,,,,,,,,,,,,,,,,,,,,,,,,,,,,,,,,,,,,,,,,,,,,,,,,,,,,,,,,,,,,,,,,,,,,,,,,,,,,,,,,,,,,,,,,,,
41,#REF!,#REF!,,Nicholas Cuff,,,,,,,,,,,,,,,,,,,,,,,,,,,,,,,,,,,,,,,,,,,,,,,,,,,,,,,,,,,,,,,,,,,,,,,,,,,,,,,,,,,,,,,,,,,,,,,,,,,,,,,,,,,,,,,,,,,,,,,,,,,,,,,,,,,,,,,,,,,,,,,,,,,,,,,,,,,,,,,,,,,,,,,,,,,,,,,,,,,,,,,,,,,,,,,,,,,,,,,,,,,,,,,,,,,,,,,,,,,,,,,,,,,,,,,,,,,,,,,,,,,,,,,,,,,,,,,,,,,,,,,,,,,,,,,,,,,,,,,,,,,,,,,,,,,,,,,,,,,,,,,,,,,,,,,,,,,,,,,,,,,,,,,,,,,,,,,,,,,,,,,,,,,,,,,,,,,,,,,,,,,,,,,,,,,,,,,,,,,,,,,,,,,,,,,,,,,,,,,,,,,,,,,,,,,,,,,,,,,,,,,,,,,,,,,,,,,,,,,,,,,,,,,,,,,,,,,,,,,,,,,,,,,,,,,,,,,,,,,,,,,,,,,,,,,,,,,,,,,,,,,,,,,,,,,,,,,,,,,,,,,,,,,,,,,,,,,,,,,,,,,,,,,,,,,,,,,,,,,,,,,,,,,,,,,,,,,,,,,,,,,,,,,,,,,,,,,,,,,,,,,,,,,,,,,,,,,,,,,,,,,,,,,,,,,,,,,,,,,,,,,,,,,,,,,,,,,,,,,,,,,,,,,,,,,,,,,,,,,,,,,,,,,,,,,,,,,,,,,,,,,,,,,,,,,,,,,,,,,,,,,,,,,,,,,,,,,,,,,,,,,,,,,,,,,,,,,,,,,,,,,,,,,,,,,,,,,,,,,,,,,,,,,,,,,,,,,,,,,,,,,,,,,,,,,,,,,,,,,,,,,,,,,,,,,,,,,
40,#REF!,#REF!,,,,,,,,,,,,,,,,,,,,,,,,,,,,,,,,,,,,,,,,,,,,,,,,,,,,,,,,,,,,,,,,,,,,,,,,,,,,,,,,,,,,,,,,,,,,,,,,,,,,,,,,,,,,,,,,,,,,,,,,,,,,,,,,,,,,,,,,,,,,,,,,,,,,,,,,,,,,,,,,,,,,,,,,,,,,,,,,,,,,,,,,,,,,,,,,,,,,,,,,,,,,,,,,,,,,,,,,,,,,,,,,,,,,,,,,,,,,,,,,,,,,,,,,,,,,,,,,,,,,,,,,,,,,,,,,,,,,,,,,,,,,,,,,,,,,,,,,,,,,,,,,,,,,,,,,,,,,,,,,,,,,,,,,,,,,,,,,,,,,,,,,,,,,,,,,,,,,,,,,,,,,,,,,,,,,,,,,,,,,,,,,,,,,,,,,,,,,,,,,,,,,,,,,,,,,,,,,,,,,,,,,,,,,,,,,,,,,,,,,,,,,,,,,,,,,,,,,,,,,,,,,,,,,,,,,,,,,,,,,,,,,,,,,,,,,,,,,,,,,,,,,,,,,,,,,,,,,,,,,,,,,,,,,,,,,,,,,,,,,,,,,,,,,,,,,,,,,,,,,,,,,,,,,,,,,,,,,,,,,,,,,,,,,,,,,,,,,,,,,,,,,,,,,,,,,,,,,,,,,,,,,,,,,,,,,,,,,,,,,,,,,,,,,,,,,,,,,,,,,,,,,,,,,,,,,,,,,,,,,,,,,,,,,,,,,,,,,,,,,,,,,,,,,,,,,,,,,,,,,,,,,,,,,,,,,,,,,,,,,,,,,,,,,,,,,,,,,,,,,,,,,,,,,,,,,,,,,,,,,,,,,,,,,,,,,,,,,,,,,,,,,,,,,,,,,,,,,,,,,,,,,,,,,,,,,,,,,,
,,,,,,,,,,,,,,,,,,,,,,,,,,,,,,,,,,,,,,,,,,,,,,,,,,,,,,,,,,,,,,,,,,,,,,,,,,,,,,,,,,,,,,,,,,,,,,,,,,,,,,,,,,,,,,,,,,,,,,,,,,,,,,,,,,,,,,,,,,,,,,,,,,,,,,,,,,,,,,,,,,,,,,,,,,,,,,,,,,,,,,,,,,,,,,,,,,,,,,,,,,,,,,,,,,,,,,,,,,,,,,,,,,,,,,,,,,,,,,,,,,,,,,,,,,,,,,,,,,,,,,,,,,,,,,,,,,,,,,,,,,,,,,,,,,,,,,,,,,,,,,,,,,,,,,,,,,,,,,,,,,,,,,,,,,,,,,,,,,,,,,,,,,,,,,,,,,,,,,,,,,,,,,,,,,,,,,,,,,,,,,,,,,,,,,,,,,,,,,,,,,,,,,,,,,,,,,,,,,,,,,,,,,,,,,,,,,,,,,,,,,,,,,,,,,,,,,,,,,,,,,,,,,,,,,,,,,,,,,,,,,,,,,,,,,,,,,,,,,,,,,,,,,,,,,,,,,,,,,,,,,,,,,,,,,,,,,,,,,,,,,,,,,,,,,,,,,,,,,,,,,,,,,,,,,,,,,,,,,,,,,,,,,,,,,,,,,,,,,,,,,,,,,,,,,,,,,,,,,,,,,,,,,,,,,,,,,,,,,,,,,,,,,,,,,,,,,,,,,,,,,,,,,,,,,,,,,,,,,,,,,,,,,,,,,,,,,,,,,,,,,,,,,,,,,,,,,,,,,,,,,,,,,,,,,,,,,,,,,,,,,,,,,,,,,,,,,,,,,,,,,,,,,,,,,,,,,,,,,,,,,,,,,,,,,,,,,,,,,,,,,,,,,,,,,,,,,,,,,,,,,,,,,,,,,,,,,,,,,,
,,,,,,,,,,,,,,,,,,,,,,,,,,,,,,,,,,,,,,,,,,,,,,,,,,,,,,,,,,,,,,,,,,,,,,,,,,,,,,,,,,,,,,,,,,,,,,,,,,,,,,,,,,,,,,,,,,,,,,,,,,,,,,,,,,,,,,,,,,,,,,,,,,,,,,,,,,,,,,,,,,,,,,,,,,,,,,,,,,,,,,,,,,,,,,,,,,,,,,,,,,,,,,,,,,,,,,,,,,,,,,,,,,,,,,,,,,,,,,,,,,,,,,,,,,,,,,,,,,,,,,,,,,,,,,,,,,,,,,,,,,,,,,,,,,,,,,,,,,,,,,,,,,,,,,,,,,,,,,,,,,,,,,,,,,,,,,,,,,,,,,,,,,,,,,,,,,,,,,,,,,,,,,,,,,,,,,,,,,,,,,,,,,,,,,,,,,,,,,,,,,,,,,,,,,,,,,,,,,,,,,,,,,,,,,,,,,,,,,,,,,,,,,,,,,,,,,,,,,,,,,,,,,,,,,,,,,,,,,,,,,,,,,,,,,,,,,,,,,,,,,,,,,,,,,,,,,,,,,,,,,,,,,,,,,,,,,,,,,,,,,,,,,,,,,,,,,,,,,,,,,,,,,,,,,,,,,,,,,,,,,,,,,,,,,,,,,,,,,,,,,,,,,,,,,,,,,,,,,,,,,,,,,,,,,,,,,,,,,,,,,,,,,,,,,,,,,,,,,,,,,,,,,,,,,,,,,,,,,,,,,,,,,,,,,,,,,,,,,,,,,,,,,,,,,,,,,,,,,,,,,,,,,,,,,,,,,,,,,,,,,,,,,,,,,,,,,,,,,,,,,,,,,,,,,,,,,,,,,,,,,,,,,,,,,,,,,,,,,,,,,,,,,,,,,,,,,,,,,,,,,,,,,,,,,,,,,,,,,,
,,,,,,,,,,,,,,,,,,,,,,,,,,,,,,,,,,,,,,,,,,,,,,,,,,,,,,,,,,,,,,,,,,,,,,,,,,,,,,,,,,,,,,,,,,,,,,,,,,,,,,,,,,,,,,,,,,,,,,,,,,,,,,,,,,,,,,,,,,,,,,,,,,,,,,,,,,,,,,,,,,,,,,,,,,,,,,,,,,,,,,,,,,,,,,,,,,,,,,,,,,,,,,,,,,,,,,,,,,,,,,,,,,,,,,,,,,,,,,,,,,,,,,,,,,,,,,,,,,,,,,,,,,,,,,,,,,,,,,,,,,,,,,,,,,,,,,,,,,,,,,,,,,,,,,,,,,,,,,,,,,,,,,,,,,,,,,,,,,,,,,,,,,,,,,,,,,,,,,,,,,,,,,,,,,,,,,,,,,,,,,,,,,,,,,,,,,,,,,,,,,,,,,,,,,,,,,,,,,,,,,,,,,,,,,,,,,,,,,,,,,,,,,,,,,,,,,,,,,,,,,,,,,,,,,,,,,,,,,,,,,,,,,,,,,,,,,,,,,,,,,,,,,,,,,,,,,,,,,,,,,,,,,,,,,,,,,,,,,,,,,,,,,,,,,,,,,,,,,,,,,,,,,,,,,,,,,,,,,,,,,,,,,,,,,,,,,,,,,,,,,,,,,,,,,,,,,,,,,,,,,,,,,,,,,,,,,,,,,,,,,,,,,,,,,,,,,,,,,,,,,,,,,,,,,,,,,,,,,,,,,,,,,,,,,,,,,,,,,,,,,,,,,,,,,,,,,,,,,,,,,,,,,,,,,,,,,,,,,,,,,,,,,,,,,,,,,,,,,,,,,,,,,,,,,,,,,,,,,,,,,,,,,,,,,,,,,,,,,,,,,,,,,,,,,,,,,,,,,,,,,,,,,,,,,,,,,,,,,,
,2023 diversions L&C,,,HOL,,,,,,,,,,,,,,,,,,,,,,,,,,,,,,,,,,,,,,,,,,,,,,,,,,,,,,,,,,,,,,,,,,,,,,,,,,,,,,,,,,,,,,,,,,,,,,,,,,,,,,,,,,,,,,,,,,,,,,,,,,,,,,,,,,,,,,,,,,,,,,,,,,,,,,,,,,,,,,,,,,,,,,,,,,,,,,,,,,,,,,,,,,,,,,,,,,,,,,,,,,,,,,,,,,,,,,,,,,,,,,,,,,,,,,,,,,,,,,,,,,,,,,,,,,,,,,,,,,,,,,,,,,,,,,,,,,,,,,,,,,,,,,,,,,,,,,,,,,,,,,,,,,,,,,,,,,,,,,,,,,,,,,,,,,,,,,,,,,,,,,,,,,,,,,,,,,,,,,,,,,,,,,,,,,,,,,,,,,,,,,,,,,,,,,,,,,,,,,,,,,,,,,,,,,,,,,,,,,,,,,,,,,,,,,,,,,,,,,,,,,,,,,,,,,,,,,,,,,,,,,,,,,,,,,,,,,,,,,,,,,,,,,,,,,,,,,,,,,,,,,,,,,,,,,,,,,,,,,,,,,,,,,,,,,,,,,,,,,,,,,,,,,,,,,,,,,,,,,,,,,,,,,,,,,,,,,,,,,,,,,,,,,,,,,,,,,,,,,,,,,,,,,,,,,,,,,,,,,,,,,,,,,,,,,,,,,,,,,,,,,,,,,,,,,,,,,,,,,,,,,,,,,,,,,,,,,,,,,,,,,,,,,,,,,,,,,,,,,,,,,,,,,,,,,,,,,,,,,,,,,,,,,,,,,,,,,,,,,,,,,,,,,,,,,,,,,,,,,,,,,,,,,,,,,,,,,,,,,,,,,,,,,,,,,,,,,,,,,,,,,,,,,,,,,,,,,,,,,,,,,,,,,,,,,,,,,,
LA,,,,TRG,,,,,,,,,,,,,,,,,,,,,,,,,,,,,,,,,,,,,,,,,,,,,,,,,,,,,,,,,,,,,,,,,,,,,,,,,,,,,,,,,,,,,,,,,,,,,,,,,,,,,,,,,,,,,,,,,,,,,,,,,,,,,,,,,,,,,,,,,,,,,,,,,,,,,,,,,,,,,,,,,,,,,,,,,,,,,,,,,,,,,,,,,,,,,,,,,,,,,,,,,,,,,,,,,,,,,,,,,,,,,,,,,,,,,,,,,,,,,,,,,,,,,,,,,,,,,,,,,,,,,,,,,,,,,,,,,,,,,,,,,,,,,,,,,,,,,,,,,,,,,,,,,,,,,,,,,,,,,,,,,,,,,,,,,,,,,,,,,,,,,,,,,,,,,,,,,,,,,,,,,,,,,,,,,,,,,,,,,,,,,,,,,,,,,,,,,,,,,,,,,,,,,,,,,,,,,,,,,,,,,,,,,,,,,,,,,,,,,,,,,,,,,,,,,,,,,,,,,,,,,,,,,,,,,,,,,,,,,,,,,,,,,,,,,,,,,,,,,,,,,,,,,,,,,,,,,,,,,,,,,,,,,,,,,,,,,,,,,,,,,,,,,,,,,,,,,,,,,,,,,,,,,,,,,,,,,,,,,,,,,,,,,,,,,,,,,,,,,,,,,,,,,,,,,,,,,,,,,,,,,,,,,,,,,,,,,,,,,,,,,,,,,,,,,,,,,,,,,,,,,,,,,,,,,,,,,,,,,,,,,,,,,,,,,,,,,,,,,,,,,,,,,,,,,,,,,,,,,,,,,,,,,,,,,,,,,,,,,,,,,,,,,,,,,,,,,,,,,,,,,,,,,,,,,,,,,,,,,,,,,,,,,,,,,,,,,,,,,,,,,,,,,,,,,,,,,,,,,,,,,,,,,,,,,,,,,,,
LA,,,,SICK,,,,,,,,,,,,,,,,,,,,,,,,,,,,,,,,,,,,,,,,,,,,,,,,,,,,,,,,,,,,,,,,,,,,,,,,,,,,,,,,,,,,,,,,,,,,,,,,,,,,,,,,,,,,,,,,,,,,,,,,,,,,,,,,,,,,,,,,,,,,,,,,,,,,,,,,,,,,,,,,,,,,,,,,,,,,,,,,,,,,,,,,,,,,,,,,,,,,,,,,,,,,,,,,,,,,,,,,,,,,,,,,,,,,,,,,,,,,,,,,,,,,,,,,,,,,,,,,,,,,,,,,,,,,,,,,,,,,,,,,,,,,,,,,,,,,,,,,,,,,,,,,,,,,,,,,,,,,,,,,,,,,,,,,,,,,,,,,,,,,,,,,,,,,,,,,,,,,,,,,,,,,,,,,,,,,,,,,,,,,,,,,,,,,,,,,,,,,,,,,,,,,,,,,,,,,,,,,,,,,,,,,,,,,,,,,,,,,,,,,,,,,,,,,,,,,,,,,,,,,,,,,,,,,,,,,,,,,,,,,,,,,,,,,,,,,,,,,,,,,,,,,,,,,,,,,,,,,,,,,,,,,,,,,,,,,,,,,,,,,,,,,,,,,,,,,,,,,,,,,,,,,,,,,,,,,,,,,,,,,,,,,,,,,,,,,,,,,,,,,,,,,,,,,,,,,,,,,,,,,,,,,,,,,,,,,,,,,,,,,,,,,,,,,,,,,,,,,,,,,,,,,,,,,,,,,,,,,,,,,,,,,,,,,,,,,,,,,,,,,,,,,,,,,,,,,,,,,,,,,,,,,,,,,,,,,,,,,,,,,,,,,,,,,,,,,,,,,,,,,,,,,,,,,,,,,,,,,,,,,,,,,,,,,,,,,,,,,,,,,,,,,,,,,,,,,,,,,,,,,,,,,,,,,,,,,,,,
LA,,,,Other Un-productive,,,,,,,,,,,,,,,,,,,,,,,,,,,,,,,,,,,,,,,,,,,,,,,,,,,,,,,,,,,,,,,,,,,,,,,,,,,,,,,,,,,,,,,,,,,,,,,,,,,,,,,,,,,,,,,,,,,,,,,,,,,,,,,,,,,,,,,,,,,,,,,,,,,,,,,,,,,,,,,,,,,,,,,,,,,,,,,,,,,,,,,,,,,,,,,,,,,,,,,,,,,,,,,,,,,,,,,,,,,,,,,,,,,,,,,,,,,,,,,,,,,,,,,,,,,,,,,,,,,,,,,,,,,,,,,,,,,,,,,,,,,,,,,,,,,,,,,,,,,,,,,,,,,,,,,,,,,,,,,,,,,,,,,,,,,,,,,,,,,,,,,,,,,,,,,,,,,,,,,,,,,,,,,,,,,,,,,,,,,,,,,,,,,,,,,,,,,,,,,,,,,,,,,,,,,,,,,,,,,,,,,,,,,,,,,,,,,,,,,,,,,,,,,,,,,,,,,,,,,,,,,,,,,,,,,,,,,,,,,,,,,,,,,,,,,,,,,,,,,,,,,,,,,,,,,,,,,,,,,,,,,,,,,,,,,,,,,,,,,,,,,,,,,,,,,,,,,,,,,,,,,,,,,,,,,,,,,,,,,,,,,,,,,,,,,,,,,,,,,,,,,,,,,,,,,,,,,,,,,,,,,,,,,,,,,,,,,,,,,,,,,,,,,,,,,,,,,,,,,,,,,,,,,,,,,,,,,,,,,,,,,,,,,,,,,,,,,,,,,,,,,,,,,,,,,,,,,,,,,,,,,,,,,,,,,,,,,,,,,,,,,,,,,,,,,,,,,,,,,,,,,,,,,,,,,,,,,,,,,,,,,,,,,,,,,,,,,,,,,,,,,,,,,,,,,,,,,,,,,,,,,,,,,,,,,,,,,
LA,,,,,,,,,,,,,,,,,,,,,,,,,,,,,,,,,,,,,,,,,,,,,,,,,,,,,,,,,,,,,,,,,,,,,,,,,,,,,,,,,,,,,,,,,,,,,,,,,,,,,,,,,,,,,,,,,,,,,,,,,,,,,,,,,,,,,,,,,,,,,,,,,,,,,,,,,,,,,,,,,,,,,,,,,,,,,,,,,,,,,,,,,,,,,,,,,,,,,,,,,,,,,,,,,,,,,,,,,,,,,,,,,,,,,,,,,,,,,,,,,,,,,,,,,,,,,,,,,,,,,,,,,,,,,,,,,,,,,,,,,,,,,,,,,,,,,,,,,,,,,,,,,,,,,,,,,,,,,,,,,,,,,,,,,,,,,,,,,,,,,,,,,,,,,,,,,,,,,,,,,,,,,,,,,,,,,,,,,,,,,,,,,,,,,,,,,,,,,,,,,,,,,,,,,,,,,,,,,,,,,,,,,,,,,,,,,,,,,,,,,,,,,,,,,,,,,,,,,,,,,,,,,,,,,,,,,,,,,,,,,,,,,,,,,,,,,,,,,,,,,,,,,,,,,,,,,,,,,,,,,,,,,,,,,,,,,,,,,,,,,,,,,,,,,,,,,,,,,,,,,,,,,,,,,,,,,,,,,,,,,,,,,,,,,,,,,,,,,,,,,,,,,,,,,,,,,,,,,,,,,,,,,,,,,,,,,,,,,,,,,,,,,,,,,,,,,,,,,,,,,,,,,,,,,,,,,,,,,,,,,,,,,,,,,,,,,,,,,,,,,,,,,,,,,,,,,,,,,,,,,,,,,,,,,,,,,,,,,,,,,,,,,,,,,,,,,,,,,,,,,,,,,,,,,,,,,,,,,,,,,,,,,,,,,,,,,,,,,,,,,,,,,,,,,,,,,,,,,,,,,,,,,,,,,,,,,,,,,,,
,,,,,,,,,,,,,,,,,,,,,,,,,,,,,,,,,,,,,,,,,,,,,,,,,,,,,,,,,,,,,,,,,,,,,,,,,,,,,,,,,,,,,,,,,,,,,,,,,,,,,,,,,,,,,,,,,,,,,,,,,,,,,,,,,,,,,,,,,,,,,,,,,,,,,,,,,,,,,,,,,,,,,,,,,,,,,,,,,,,,,,,,,,,,,,,,,,,,,,,,,,,,,,,,,,,,,,,,,,,,,,,,,,,,,,,,,,,,,,,,,,,,,,,,,,,,,,,,,,,,,,,,,,,,,,,,,,,,,,,,,,,,,,,,,,,,,,,,,,,,,,,,,,,,,,,,,,,,,,,,,,,,,,,,,,,,,,,,,,,,,,,,,,,,,,,,,,,,,,,,,,,,,,,,,,,,,,,,,,,,,,,,,,,,,,,,,,,,,,,,,,,,,,,,,,,,,,,,,,,,,,,,,,,,,,,,,,,,,,,,,,,,,,,,,,,,,,,,,,,,,,,,,,,,,,,,,,,,,,,,,,,,,,,,,,,,,,,,,,,,,,,,,,,,,,,,,,,,,,,,,,,,,,,,,,,,,,,,,,,,,,,,,,,,,,,,,,,,,,,,,,,,,,,,,,,,,,,,,,,,,,,,,,,,,,,,,,,,,,,,,,,,,,,,,,,,,,,,,,,,,,,,,,,,,,,,,,,,,,,,,,,,,,,,,,,,,,,,,,,,,,,,,,,,,,,,,,,,,,,,,,,,,,,,,,,,,,,,,,,,,,,,,,,,,,,,,,,,,,,,,,,,,,,,,,,,,,,,,,,,,,,,,,,,,,,,,,,,,,,,,,,,,,,,,,,,,,,,,,,,,,,,,,,,,,,,,,,,,,,,,,,,,,,,,,,,,,,,,,,,,,,,,,,,,,,,,,,,,,,